date,property_id,property_name,unit_number,resident_id,resident_name,monthly_rent
2024-12-03,1,Sunset Gardens,P1-U01,,,0
2024-12-03,1,Sunset Gardens,P1-U02,1,Resident1 Last1,4103
2024-12-03,1,Sunset Gardens,P1-U03,2,Resident2 Last2,4626
2024-12-03,1,Sunset Gardens,P1-U04,3,Resident3 Last3,3710
2024-12-03,1,Sunset Gardens,P1-U05,4,Resident4 Last4,4469
2024-12-03,1,Sunset Gardens,P1-U06,,,0
2024-12-03,1,Sunset Gardens,P1-U07,5,Resident5 Last5,6368
2024-12-03,1,Sunset Gardens,P1-U08,6,Resident6 Last6,4726
2024-12-03,1,Sunset Gardens,P1-U09,7,Resident7 Last7,4274
2024-12-03,1,Sunset Gardens,P1-U10,8,Resident8 Last8,5207
2024-12-03,1,Sunset Gardens,P1-U11,9,Resident9 Last9,6915
2024-12-03,1,Sunset Gardens,P1-U12,10,Resident10 Last10,3888
2024-12-03,1,Sunset Gardens,P1-U13,11,Resident11 Last11,4505
2024-12-03,1,Sunset Gardens,P1-U14,12,Resident12 Last12,6471
2024-12-03,1,Sunset Gardens,P1-U15,,,0
2024-12-03,1,Sunset Gardens,P1-U16,,,0
2024-12-03,1,Sunset Gardens,P1-U17,,,0
2024-12-03,1,Sunset Gardens,P1-U18,13,Resident13 Last13,3438
2024-12-03,1,Sunset Gardens,P1-U19,14,Resident14 Last14,5725
2024-12-03,1,Sunset Gardens,P1-U20,,,0
2024-12-03,1,Sunset Gardens,P1-U21,15,Resident15 Last15,7434
2024-12-03,1,Sunset Gardens,P1-U22,,,0
2024-12-03,1,Sunset Gardens,P1-U23,,,0
2024-12-03,1,Sunset Gardens,P1-U24,,,0
2024-12-03,1,Sunset Gardens,P1-U25,,,0
2024-12-03,1,Sunset Gardens,P1-U26,16,Resident16 Last16,5619
2024-12-03,1,Sunset Gardens,P1-U27,,,0
2024-12-03,1,Sunset Gardens,P1-U28,17,Resident17 Last17,4390
2024-12-03,1,Sunset Gardens,P1-U29,18,Resident18 Last18,3165
2024-12-03,1,Sunset Gardens,P1-U30,,,0
2024-12-03,1,Sunset Gardens,P1-U31,19,Resident19 Last19,3698
2024-12-03,1,Sunset Gardens,P1-U32,,,0
2024-12-03,1,Sunset Gardens,P1-U33,20,Resident20 Last20,4589
2024-12-03,1,Sunset Gardens,P1-U34,,,0
2024-12-03,1,Sunset Gardens,P1-U35,21,Resident21 Last21,6548
2024-12-03,1,Sunset Gardens,P1-U36,22,Resident22 Last22,5722
2024-12-03,1,Sunset Gardens,P1-U37,23,Resident23 Last23,6826
2024-12-03,1,Sunset Gardens,P1-U38,24,Resident24 Last24,5319
2024-12-03,1,Sunset Gardens,P1-U39,,,0
2024-12-03,1,Sunset Gardens,P1-U40,25,Resident25 Last25,3203
2024-12-03,1,Sunset Gardens,P1-U41,,,0
2024-12-03,1,Sunset Gardens,P1-U42,,,0
2024-12-03,1,Sunset Gardens,P1-U43,,,0
2024-12-03,1,Sunset Gardens,P1-U44,26,Resident26 Last26,4150
2024-12-03,1,Sunset Gardens,P1-U45,27,Resident27 Last27,3659
2024-12-03,1,Sunset Gardens,P1-U46,28,Resident28 Last28,4656
2024-12-03,1,Sunset Gardens,P1-U47,,,0
2024-12-03,1,Sunset Gardens,P1-U48,,,0
2024-12-03,1,Sunset Gardens,P1-U49,29,Resident29 Last29,4138
2024-12-03,1,Sunset Gardens,P1-U50,30,Resident30 Last30,6031
2024-12-03,2,Meadowbrook Senior Living,P2-U01,,,0
2024-12-03,2,Meadowbrook Senior Living,P2-U02,31,Resident31 Last31,3643
2024-12-03,2,Meadowbrook Senior Living,P2-U03,,,0
2024-12-03,2,Meadowbrook Senior Living,P2-U04,,,0
2024-12-03,2,Meadowbrook Senior Living,P2-U05,32,Resident32 Last32,5524
2024-12-03,2,Meadowbrook Senior Living,P2-U06,,,0
2024-12-03,2,Meadowbrook Senior Living,P2-U07,,,0
2024-12-03,2,Meadowbrook Senior Living,P2-U08,33,Resident33 Last33,7164
2024-12-03,2,Meadowbrook Senior Living,P2-U09,34,Resident34 Last34,6565
2024-12-03,2,Meadowbrook Senior Living,P2-U10,,,0
2024-12-03,2,Meadowbrook Senior Living,P2-U11,,,0
2024-12-03,2,Meadowbrook Senior Living,P2-U12,35,Resident35 Last35,5476
2024-12-03,2,Meadowbrook Senior Living,P2-U13,36,Resident36 Last36,4795
2024-12-03,2,Meadowbrook Senior Living,P2-U14,37,Resident37 Last37,6972
2024-12-03,2,Meadowbrook Senior Living,P2-U15,,,0
2024-12-03,2,Meadowbrook Senior Living,P2-U16,38,Resident38 Last38,6144
2024-12-03,2,Meadowbrook Senior Living,P2-U17,39,Resident39 Last39,3646
2024-12-03,2,Meadowbrook Senior Living,P2-U18,40,Resident40 Last40,6397
2024-12-03,2,Meadowbrook Senior Living,P2-U19,,,0
2024-12-03,2,Meadowbrook Senior Living,P2-U20,41,Resident41 Last41,3058
2024-12-03,2,Meadowbrook Senior Living,P2-U21,42,Resident42 Last42,4782
2024-12-03,2,Meadowbrook Senior Living,P2-U22,43,Resident43 Last43,5894
2024-12-03,2,Meadowbrook Senior Living,P2-U23,,,0
2024-12-03,2,Meadowbrook Senior Living,P2-U24,44,Resident44 Last44,7471
2024-12-03,2,Meadowbrook Senior Living,P2-U25,45,Resident45 Last45,5210
2024-12-03,2,Meadowbrook Senior Living,P2-U26,,,0
2024-12-03,2,Meadowbrook Senior Living,P2-U27,,,0
2024-12-03,2,Meadowbrook Senior Living,P2-U28,,,0
2024-12-03,2,Meadowbrook Senior Living,P2-U29,,,0
2024-12-03,2,Meadowbrook Senior Living,P2-U30,,,0
2024-12-03,2,Meadowbrook Senior Living,P2-U31,,,0
2024-12-03,2,Meadowbrook Senior Living,P2-U32,,,0
2024-12-03,2,Meadowbrook Senior Living,P2-U33,46,Resident46 Last46,4824
2024-12-03,2,Meadowbrook Senior Living,P2-U34,,,0
2024-12-03,2,Meadowbrook Senior Living,P2-U35,,,0
2024-12-03,2,Meadowbrook Senior Living,P2-U36,,,0
2024-12-03,2,Meadowbrook Senior Living,P2-U37,47,Resident47 Last47,5894
2024-12-03,2,Meadowbrook Senior Living,P2-U38,48,Resident48 Last48,3847
2024-12-03,2,Meadowbrook Senior Living,P2-U39,49,Resident49 Last49,3512
2024-12-03,2,Meadowbrook Senior Living,P2-U40,50,Resident50 Last50,5383
2024-12-03,2,Meadowbrook Senior Living,P2-U41,,,0
2024-12-03,2,Meadowbrook Senior Living,P2-U42,51,Resident51 Last51,6956
2024-12-03,2,Meadowbrook Senior Living,P2-U43,52,Resident52 Last52,4271
2024-12-03,2,Meadowbrook Senior Living,P2-U44,53,Resident53 Last53,6044
2024-12-03,2,Meadowbrook Senior Living,P2-U45,,,0
2024-12-03,2,Meadowbrook Senior Living,P2-U46,54,Resident54 Last54,4954
2024-12-03,2,Meadowbrook Senior Living,P2-U47,55,Resident55 Last55,7311
2024-12-03,2,Meadowbrook Senior Living,P2-U48,56,Resident56 Last56,3751
2024-12-03,2,Meadowbrook Senior Living,P2-U49,57,Resident57 Last57,3429
2024-12-03,2,Meadowbrook Senior Living,P2-U50,,,0
2024-12-03,3,Riverside Retirement Community,P3-U01,58,Resident58 Last58,6334
2024-12-03,3,Riverside Retirement Community,P3-U02,,,0
2024-12-03,3,Riverside Retirement Community,P3-U03,59,Resident59 Last59,3814
2024-12-03,3,Riverside Retirement Community,P3-U04,,,0
2024-12-03,3,Riverside Retirement Community,P3-U05,,,0
2024-12-03,3,Riverside Retirement Community,P3-U06,60,Resident60 Last60,4602
2024-12-03,3,Riverside Retirement Community,P3-U07,61,Resident61 Last61,3142
2024-12-03,3,Riverside Retirement Community,P3-U08,62,Resident62 Last62,5599
2024-12-03,3,Riverside Retirement Community,P3-U09,63,Resident63 Last63,4741
2024-12-03,3,Riverside Retirement Community,P3-U10,,,0
2024-12-03,3,Riverside Retirement Community,P3-U11,,,0
2024-12-03,3,Riverside Retirement Community,P3-U12,,,0
2024-12-03,3,Riverside Retirement Community,P3-U13,,,0
2024-12-03,3,Riverside Retirement Community,P3-U14,64,Resident64 Last64,4016
2024-12-03,3,Riverside Retirement Community,P3-U15,65,Resident65 Last65,5094
2024-12-03,3,Riverside Retirement Community,P3-U16,66,Resident66 Last66,7369
2024-12-03,3,Riverside Retirement Community,P3-U17,67,Resident67 Last67,5123
2024-12-03,3,Riverside Retirement Community,P3-U18,68,Resident68 Last68,5251
2024-12-03,3,Riverside Retirement Community,P3-U19,,,0
2024-12-03,3,Riverside Retirement Community,P3-U20,69,Resident69 Last69,3491
2024-12-03,3,Riverside Retirement Community,P3-U21,70,Resident70 Last70,4784
2024-12-03,3,Riverside Retirement Community,P3-U22,71,Resident71 Last71,3684
2024-12-03,3,Riverside Retirement Community,P3-U23,72,Resident72 Last72,3763
2024-12-03,3,Riverside Retirement Community,P3-U24,73,Resident73 Last73,3211
2024-12-03,3,Riverside Retirement Community,P3-U25,74,Resident74 Last74,6679
2024-12-03,3,Riverside Retirement Community,P3-U26,,,0
2024-12-03,3,Riverside Retirement Community,P3-U27,,,0
2024-12-03,3,Riverside Retirement Community,P3-U28,,,0
2024-12-03,3,Riverside Retirement Community,P3-U29,,,0
2024-12-03,3,Riverside Retirement Community,P3-U30,,,0
2024-12-03,3,Riverside Retirement Community,P3-U31,,,0
2024-12-03,3,Riverside Retirement Community,P3-U32,75,Resident75 Last75,6998
2024-12-03,3,Riverside Retirement Community,P3-U33,76,Resident76 Last76,4800
2024-12-03,3,Riverside Retirement Community,P3-U34,77,Resident77 Last77,4456
2024-12-03,3,Riverside Retirement Community,P3-U35,,,0
2024-12-03,3,Riverside Retirement Community,P3-U36,78,Resident78 Last78,6502
2024-12-03,3,Riverside Retirement Community,P3-U37,,,0
2024-12-03,3,Riverside Retirement Community,P3-U38,79,Resident79 Last79,7014
2024-12-03,3,Riverside Retirement Community,P3-U39,80,Resident80 Last80,4317
2024-12-03,3,Riverside Retirement Community,P3-U40,81,Resident81 Last81,5835
2024-12-03,3,Riverside Retirement Community,P3-U41,82,Resident82 Last82,3465
2024-12-03,3,Riverside Retirement Community,P3-U42,83,Resident83 Last83,4381
2024-12-03,3,Riverside Retirement Community,P3-U43,,,0
2024-12-03,3,Riverside Retirement Community,P3-U44,84,Resident84 Last84,6325
2024-12-03,3,Riverside Retirement Community,P3-U45,,,0
2024-12-03,3,Riverside Retirement Community,P3-U46,,,0
2024-12-03,3,Riverside Retirement Community,P3-U47,85,Resident85 Last85,6135
2024-12-03,3,Riverside Retirement Community,P3-U48,86,Resident86 Last86,4208
2024-12-03,3,Riverside Retirement Community,P3-U49,87,Resident87 Last87,4723
2024-12-03,3,Riverside Retirement Community,P3-U50,88,Resident88 Last88,3664
2024-12-04,1,Sunset Gardens,P1-U01,,,0
2024-12-04,1,Sunset Gardens,P1-U02,1,Resident1 Last1,4103
2024-12-04,1,Sunset Gardens,P1-U03,2,Resident2 Last2,4626
2024-12-04,1,Sunset Gardens,P1-U04,3,Resident3 Last3,3710
2024-12-04,1,Sunset Gardens,P1-U05,4,Resident4 Last4,4469
2024-12-04,1,Sunset Gardens,P1-U06,,,0
2024-12-04,1,Sunset Gardens,P1-U07,5,Resident5 Last5,6368
2024-12-04,1,Sunset Gardens,P1-U08,6,Resident6 Last6,4726
2024-12-04,1,Sunset Gardens,P1-U09,7,Resident7 Last7,4274
2024-12-04,1,Sunset Gardens,P1-U10,8,Resident8 Last8,5207
2024-12-04,1,Sunset Gardens,P1-U11,9,Resident9 Last9,6915
2024-12-04,1,Sunset Gardens,P1-U12,10,Resident10 Last10,3888
2024-12-04,1,Sunset Gardens,P1-U13,11,Resident11 Last11,4505
2024-12-04,1,Sunset Gardens,P1-U14,12,Resident12 Last12,6471
2024-12-04,1,Sunset Gardens,P1-U15,,,0
2024-12-04,1,Sunset Gardens,P1-U16,,,0
2024-12-04,1,Sunset Gardens,P1-U17,,,0
2024-12-04,1,Sunset Gardens,P1-U18,13,Resident13 Last13,3438
2024-12-04,1,Sunset Gardens,P1-U19,14,Resident14 Last14,5725
2024-12-04,1,Sunset Gardens,P1-U20,,,0
2024-12-04,1,Sunset Gardens,P1-U21,15,Resident15 Last15,7434
2024-12-04,1,Sunset Gardens,P1-U22,,,0
2024-12-04,1,Sunset Gardens,P1-U23,,,0
2024-12-04,1,Sunset Gardens,P1-U24,,,0
2024-12-04,1,Sunset Gardens,P1-U25,,,0
2024-12-04,1,Sunset Gardens,P1-U26,16,Resident16 Last16,5619
2024-12-04,1,Sunset Gardens,P1-U27,,,0
2024-12-04,1,Sunset Gardens,P1-U28,17,Resident17 Last17,4390
2024-12-04,1,Sunset Gardens,P1-U29,18,Resident18 Last18,3165
2024-12-04,1,Sunset Gardens,P1-U30,,,0
2024-12-04,1,Sunset Gardens,P1-U31,19,Resident19 Last19,3698
2024-12-04,1,Sunset Gardens,P1-U32,,,0
2024-12-04,1,Sunset Gardens,P1-U33,20,Resident20 Last20,4589
2024-12-04,1,Sunset Gardens,P1-U34,,,0
2024-12-04,1,Sunset Gardens,P1-U35,21,Resident21 Last21,6548
2024-12-04,1,Sunset Gardens,P1-U36,22,Resident22 Last22,5722
2024-12-04,1,Sunset Gardens,P1-U37,23,Resident23 Last23,6826
2024-12-04,1,Sunset Gardens,P1-U38,24,Resident24 Last24,5319
2024-12-04,1,Sunset Gardens,P1-U39,,,0
2024-12-04,1,Sunset Gardens,P1-U40,25,Resident25 Last25,3203
2024-12-04,1,Sunset Gardens,P1-U41,,,0
2024-12-04,1,Sunset Gardens,P1-U42,,,0
2024-12-04,1,Sunset Gardens,P1-U43,,,0
2024-12-04,1,Sunset Gardens,P1-U44,26,Resident26 Last26,4150
2024-12-04,1,Sunset Gardens,P1-U45,27,Resident27 Last27,3659
2024-12-04,1,Sunset Gardens,P1-U46,28,Resident28 Last28,4656
2024-12-04,1,Sunset Gardens,P1-U47,,,0
2024-12-04,1,Sunset Gardens,P1-U48,,,0
2024-12-04,1,Sunset Gardens,P1-U49,29,Resident29 Last29,4138
2024-12-04,1,Sunset Gardens,P1-U50,30,Resident30 Last30,6031
2024-12-04,2,Meadowbrook Senior Living,P2-U01,,,0
2024-12-04,2,Meadowbrook Senior Living,P2-U02,31,Resident31 Last31,3643
2024-12-04,2,Meadowbrook Senior Living,P2-U03,,,0
2024-12-04,2,Meadowbrook Senior Living,P2-U04,,,0
2024-12-04,2,Meadowbrook Senior Living,P2-U05,32,Resident32 Last32,5524
2024-12-04,2,Meadowbrook Senior Living,P2-U06,,,0
2024-12-04,2,Meadowbrook Senior Living,P2-U07,,,0
2024-12-04,2,Meadowbrook Senior Living,P2-U08,33,Resident33 Last33,7164
2024-12-04,2,Meadowbrook Senior Living,P2-U09,34,Resident34 Last34,6565
2024-12-04,2,Meadowbrook Senior Living,P2-U10,,,0
2024-12-04,2,Meadowbrook Senior Living,P2-U11,,,0
2024-12-04,2,Meadowbrook Senior Living,P2-U12,35,Resident35 Last35,5476
2024-12-04,2,Meadowbrook Senior Living,P2-U13,36,Resident36 Last36,4795
2024-12-04,2,Meadowbrook Senior Living,P2-U14,37,Resident37 Last37,6972
2024-12-04,2,Meadowbrook Senior Living,P2-U15,,,0
2024-12-04,2,Meadowbrook Senior Living,P2-U16,38,Resident38 Last38,6144
2024-12-04,2,Meadowbrook Senior Living,P2-U17,39,Resident39 Last39,3646
2024-12-04,2,Meadowbrook Senior Living,P2-U18,40,Resident40 Last40,6397
2024-12-04,2,Meadowbrook Senior Living,P2-U19,,,0
2024-12-04,2,Meadowbrook Senior Living,P2-U20,41,Resident41 Last41,3058
2024-12-04,2,Meadowbrook Senior Living,P2-U21,42,Resident42 Last42,4782
2024-12-04,2,Meadowbrook Senior Living,P2-U22,43,Resident43 Last43,5894
2024-12-04,2,Meadowbrook Senior Living,P2-U23,,,0
2024-12-04,2,Meadowbrook Senior Living,P2-U24,44,Resident44 Last44,7471
2024-12-04,2,Meadowbrook Senior Living,P2-U25,45,Resident45 Last45,5210
2024-12-04,2,Meadowbrook Senior Living,P2-U26,,,0
2024-12-04,2,Meadowbrook Senior Living,P2-U27,,,0
2024-12-04,2,Meadowbrook Senior Living,P2-U28,,,0
2024-12-04,2,Meadowbrook Senior Living,P2-U29,,,0
2024-12-04,2,Meadowbrook Senior Living,P2-U30,,,0
2024-12-04,2,Meadowbrook Senior Living,P2-U31,,,0
2024-12-04,2,Meadowbrook Senior Living,P2-U32,,,0
2024-12-04,2,Meadowbrook Senior Living,P2-U33,46,Resident46 Last46,4824
2024-12-04,2,Meadowbrook Senior Living,P2-U34,,,0
2024-12-04,2,Meadowbrook Senior Living,P2-U35,,,0
2024-12-04,2,Meadowbrook Senior Living,P2-U36,,,0
2024-12-04,2,Meadowbrook Senior Living,P2-U37,47,Resident47 Last47,5894
2024-12-04,2,Meadowbrook Senior Living,P2-U38,48,Resident48 Last48,3847
2024-12-04,2,Meadowbrook Senior Living,P2-U39,49,Resident49 Last49,3512
2024-12-04,2,Meadowbrook Senior Living,P2-U40,50,Resident50 Last50,5383
2024-12-04,2,Meadowbrook Senior Living,P2-U41,,,0
2024-12-04,2,Meadowbrook Senior Living,P2-U42,51,Resident51 Last51,6956
2024-12-04,2,Meadowbrook Senior Living,P2-U43,52,Resident52 Last52,4271
2024-12-04,2,Meadowbrook Senior Living,P2-U44,53,Resident53 Last53,6044
2024-12-04,2,Meadowbrook Senior Living,P2-U45,,,0
2024-12-04,2,Meadowbrook Senior Living,P2-U46,54,Resident54 Last54,4954
2024-12-04,2,Meadowbrook Senior Living,P2-U47,55,Resident55 Last55,7311
2024-12-04,2,Meadowbrook Senior Living,P2-U48,56,Resident56 Last56,3751
2024-12-04,2,Meadowbrook Senior Living,P2-U49,57,Resident57 Last57,3429
2024-12-04,2,Meadowbrook Senior Living,P2-U50,,,0
2024-12-04,3,Riverside Retirement Community,P3-U01,58,Resident58 Last58,6334
2024-12-04,3,Riverside Retirement Community,P3-U02,,,0
2024-12-04,3,Riverside Retirement Community,P3-U03,59,Resident59 Last59,3814
2024-12-04,3,Riverside Retirement Community,P3-U04,,,0
2024-12-04,3,Riverside Retirement Community,P3-U05,,,0
2024-12-04,3,Riverside Retirement Community,P3-U06,60,Resident60 Last60,4602
2024-12-04,3,Riverside Retirement Community,P3-U07,61,Resident61 Last61,3142
2024-12-04,3,Riverside Retirement Community,P3-U08,62,Resident62 Last62,5599
2024-12-04,3,Riverside Retirement Community,P3-U09,63,Resident63 Last63,4741
2024-12-04,3,Riverside Retirement Community,P3-U10,,,0
2024-12-04,3,Riverside Retirement Community,P3-U11,,,0
2024-12-04,3,Riverside Retirement Community,P3-U12,,,0
2024-12-04,3,Riverside Retirement Community,P3-U13,,,0
2024-12-04,3,Riverside Retirement Community,P3-U14,64,Resident64 Last64,4016
2024-12-04,3,Riverside Retirement Community,P3-U15,65,Resident65 Last65,5094
2024-12-04,3,Riverside Retirement Community,P3-U16,66,Resident66 Last66,7369
2024-12-04,3,Riverside Retirement Community,P3-U17,67,Resident67 Last67,5123
2024-12-04,3,Riverside Retirement Community,P3-U18,68,Resident68 Last68,5251
2024-12-04,3,Riverside Retirement Community,P3-U19,,,0
2024-12-04,3,Riverside Retirement Community,P3-U20,69,Resident69 Last69,3491
2024-12-04,3,Riverside Retirement Community,P3-U21,70,Resident70 Last70,4784
2024-12-04,3,Riverside Retirement Community,P3-U22,71,Resident71 Last71,3684
2024-12-04,3,Riverside Retirement Community,P3-U23,72,Resident72 Last72,3763
2024-12-04,3,Riverside Retirement Community,P3-U24,73,Resident73 Last73,3211
2024-12-04,3,Riverside Retirement Community,P3-U25,74,Resident74 Last74,6679
2024-12-04,3,Riverside Retirement Community,P3-U26,,,0
2024-12-04,3,Riverside Retirement Community,P3-U27,,,0
2024-12-04,3,Riverside Retirement Community,P3-U28,,,0
2024-12-04,3,Riverside Retirement Community,P3-U29,,,0
2024-12-04,3,Riverside Retirement Community,P3-U30,,,0
2024-12-04,3,Riverside Retirement Community,P3-U31,,,0
2024-12-04,3,Riverside Retirement Community,P3-U32,75,Resident75 Last75,6998
2024-12-04,3,Riverside Retirement Community,P3-U33,76,Resident76 Last76,4800
2024-12-04,3,Riverside Retirement Community,P3-U34,77,Resident77 Last77,4456
2024-12-04,3,Riverside Retirement Community,P3-U35,,,0
2024-12-04,3,Riverside Retirement Community,P3-U36,78,Resident78 Last78,6502
2024-12-04,3,Riverside Retirement Community,P3-U37,,,0
2024-12-04,3,Riverside Retirement Community,P3-U38,79,Resident79 Last79,7014
2024-12-04,3,Riverside Retirement Community,P3-U39,80,Resident80 Last80,4317
2024-12-04,3,Riverside Retirement Community,P3-U40,81,Resident81 Last81,5835
2024-12-04,3,Riverside Retirement Community,P3-U41,82,Resident82 Last82,3465
2024-12-04,3,Riverside Retirement Community,P3-U42,83,Resident83 Last83,4381
2024-12-04,3,Riverside Retirement Community,P3-U43,,,0
2024-12-04,3,Riverside Retirement Community,P3-U44,84,Resident84 Last84,6325
2024-12-04,3,Riverside Retirement Community,P3-U45,,,0
2024-12-04,3,Riverside Retirement Community,P3-U46,,,0
2024-12-04,3,Riverside Retirement Community,P3-U47,85,Resident85 Last85,6135
2024-12-04,3,Riverside Retirement Community,P3-U48,86,Resident86 Last86,4208
2024-12-04,3,Riverside Retirement Community,P3-U49,87,Resident87 Last87,4723
2024-12-04,3,Riverside Retirement Community,P3-U50,88,Resident88 Last88,3664
2024-12-05,1,Sunset Gardens,P1-U01,,,0
2024-12-05,1,Sunset Gardens,P1-U02,1,Resident1 Last1,4103
2024-12-05,1,Sunset Gardens,P1-U03,2,Resident2 Last2,4626
2024-12-05,1,Sunset Gardens,P1-U04,3,Resident3 Last3,3710
2024-12-05,1,Sunset Gardens,P1-U05,4,Resident4 Last4,4469
2024-12-05,1,Sunset Gardens,P1-U06,,,0
2024-12-05,1,Sunset Gardens,P1-U07,5,Resident5 Last5,6368
2024-12-05,1,Sunset Gardens,P1-U08,6,Resident6 Last6,4726
2024-12-05,1,Sunset Gardens,P1-U09,7,Resident7 Last7,4274
2024-12-05,1,Sunset Gardens,P1-U10,8,Resident8 Last8,5207
2024-12-05,1,Sunset Gardens,P1-U11,9,Resident9 Last9,6915
2024-12-05,1,Sunset Gardens,P1-U12,10,Resident10 Last10,3888
2024-12-05,1,Sunset Gardens,P1-U13,11,Resident11 Last11,4505
2024-12-05,1,Sunset Gardens,P1-U14,12,Resident12 Last12,6471
2024-12-05,1,Sunset Gardens,P1-U15,,,0
2024-12-05,1,Sunset Gardens,P1-U16,,,0
2024-12-05,1,Sunset Gardens,P1-U17,,,0
2024-12-05,1,Sunset Gardens,P1-U18,13,Resident13 Last13,3438
2024-12-05,1,Sunset Gardens,P1-U19,14,Resident14 Last14,5725
2024-12-05,1,Sunset Gardens,P1-U20,,,0
2024-12-05,1,Sunset Gardens,P1-U21,15,Resident15 Last15,7434
2024-12-05,1,Sunset Gardens,P1-U22,,,0
2024-12-05,1,Sunset Gardens,P1-U23,,,0
2024-12-05,1,Sunset Gardens,P1-U24,,,0
2024-12-05,1,Sunset Gardens,P1-U25,,,0
2024-12-05,1,Sunset Gardens,P1-U26,16,Resident16 Last16,5619
2024-12-05,1,Sunset Gardens,P1-U27,,,0
2024-12-05,1,Sunset Gardens,P1-U28,17,Resident17 Last17,4390
2024-12-05,1,Sunset Gardens,P1-U29,18,Resident18 Last18,3165
2024-12-05,1,Sunset Gardens,P1-U30,,,0
2024-12-05,1,Sunset Gardens,P1-U31,19,Resident19 Last19,3698
2024-12-05,1,Sunset Gardens,P1-U32,,,0
2024-12-05,1,Sunset Gardens,P1-U33,20,Resident20 Last20,4589
2024-12-05,1,Sunset Gardens,P1-U34,,,0
2024-12-05,1,Sunset Gardens,P1-U35,21,Resident21 Last21,6548
2024-12-05,1,Sunset Gardens,P1-U36,22,Resident22 Last22,5722
2024-12-05,1,Sunset Gardens,P1-U37,23,Resident23 Last23,6826
2024-12-05,1,Sunset Gardens,P1-U38,24,Resident24 Last24,5319
2024-12-05,1,Sunset Gardens,P1-U39,,,0
2024-12-05,1,Sunset Gardens,P1-U40,25,Resident25 Last25,3203
2024-12-05,1,Sunset Gardens,P1-U41,,,0
2024-12-05,1,Sunset Gardens,P1-U42,,,0
2024-12-05,1,Sunset Gardens,P1-U43,,,0
2024-12-05,1,Sunset Gardens,P1-U44,26,Resident26 Last26,4150
2024-12-05,1,Sunset Gardens,P1-U45,27,Resident27 Last27,3659
2024-12-05,1,Sunset Gardens,P1-U46,28,Resident28 Last28,4656
2024-12-05,1,Sunset Gardens,P1-U47,,,0
2024-12-05,1,Sunset Gardens,P1-U48,,,0
2024-12-05,1,Sunset Gardens,P1-U49,29,Resident29 Last29,4138
2024-12-05,1,Sunset Gardens,P1-U50,30,Resident30 Last30,6031
2024-12-05,2,Meadowbrook Senior Living,P2-U01,,,0
2024-12-05,2,Meadowbrook Senior Living,P2-U02,31,Resident31 Last31,3643
2024-12-05,2,Meadowbrook Senior Living,P2-U03,,,0
2024-12-05,2,Meadowbrook Senior Living,P2-U04,,,0
2024-12-05,2,Meadowbrook Senior Living,P2-U05,32,Resident32 Last32,5524
2024-12-05,2,Meadowbrook Senior Living,P2-U06,,,0
2024-12-05,2,Meadowbrook Senior Living,P2-U07,,,0
2024-12-05,2,Meadowbrook Senior Living,P2-U08,33,Resident33 Last33,7164
2024-12-05,2,Meadowbrook Senior Living,P2-U09,34,Resident34 Last34,6565
2024-12-05,2,Meadowbrook Senior Living,P2-U10,,,0
2024-12-05,2,Meadowbrook Senior Living,P2-U11,,,0
2024-12-05,2,Meadowbrook Senior Living,P2-U12,35,Resident35 Last35,5476
2024-12-05,2,Meadowbrook Senior Living,P2-U13,36,Resident36 Last36,4795
2024-12-05,2,Meadowbrook Senior Living,P2-U14,37,Resident37 Last37,6972
2024-12-05,2,Meadowbrook Senior Living,P2-U15,,,0
2024-12-05,2,Meadowbrook Senior Living,P2-U16,38,Resident38 Last38,6144
2024-12-05,2,Meadowbrook Senior Living,P2-U17,39,Resident39 Last39,3646
2024-12-05,2,Meadowbrook Senior Living,P2-U18,40,Resident40 Last40,6397
2024-12-05,2,Meadowbrook Senior Living,P2-U19,,,0
2024-12-05,2,Meadowbrook Senior Living,P2-U20,41,Resident41 Last41,3058
2024-12-05,2,Meadowbrook Senior Living,P2-U21,42,Resident42 Last42,4782
2024-12-05,2,Meadowbrook Senior Living,P2-U22,43,Resident43 Last43,5894
2024-12-05,2,Meadowbrook Senior Living,P2-U23,,,0
2024-12-05,2,Meadowbrook Senior Living,P2-U24,44,Resident44 Last44,7471
2024-12-05,2,Meadowbrook Senior Living,P2-U25,45,Resident45 Last45,5210
2024-12-05,2,Meadowbrook Senior Living,P2-U26,,,0
2024-12-05,2,Meadowbrook Senior Living,P2-U27,,,0
2024-12-05,2,Meadowbrook Senior Living,P2-U28,,,0
2024-12-05,2,Meadowbrook Senior Living,P2-U29,,,0
2024-12-05,2,Meadowbrook Senior Living,P2-U30,,,0
2024-12-05,2,Meadowbrook Senior Living,P2-U31,,,0
2024-12-05,2,Meadowbrook Senior Living,P2-U32,,,0
2024-12-05,2,Meadowbrook Senior Living,P2-U33,46,Resident46 Last46,4824
2024-12-05,2,Meadowbrook Senior Living,P2-U34,,,0
2024-12-05,2,Meadowbrook Senior Living,P2-U35,,,0
2024-12-05,2,Meadowbrook Senior Living,P2-U36,,,0
2024-12-05,2,Meadowbrook Senior Living,P2-U37,47,Resident47 Last47,5894
2024-12-05,2,Meadowbrook Senior Living,P2-U38,48,Resident48 Last48,3847
2024-12-05,2,Meadowbrook Senior Living,P2-U39,49,Resident49 Last49,3512
2024-12-05,2,Meadowbrook Senior Living,P2-U40,50,Resident50 Last50,5383
2024-12-05,2,Meadowbrook Senior Living,P2-U41,,,0
2024-12-05,2,Meadowbrook Senior Living,P2-U42,51,Resident51 Last51,6956
2024-12-05,2,Meadowbrook Senior Living,P2-U43,52,Resident52 Last52,4271
2024-12-05,2,Meadowbrook Senior Living,P2-U44,53,Resident53 Last53,6044
2024-12-05,2,Meadowbrook Senior Living,P2-U45,,,0
2024-12-05,2,Meadowbrook Senior Living,P2-U46,54,Resident54 Last54,4954
2024-12-05,2,Meadowbrook Senior Living,P2-U47,55,Resident55 Last55,7311
2024-12-05,2,Meadowbrook Senior Living,P2-U48,56,Resident56 Last56,3751
2024-12-05,2,Meadowbrook Senior Living,P2-U49,57,Resident57 Last57,3429
2024-12-05,2,Meadowbrook Senior Living,P2-U50,,,0
2024-12-05,3,Riverside Retirement Community,P3-U01,58,Resident58 Last58,6334
2024-12-05,3,Riverside Retirement Community,P3-U02,,,0
2024-12-05,3,Riverside Retirement Community,P3-U03,59,Resident59 Last59,3814
2024-12-05,3,Riverside Retirement Community,P3-U04,,,0
2024-12-05,3,Riverside Retirement Community,P3-U05,,,0
2024-12-05,3,Riverside Retirement Community,P3-U06,60,Resident60 Last60,4602
2024-12-05,3,Riverside Retirement Community,P3-U07,61,Resident61 Last61,3142
2024-12-05,3,Riverside Retirement Community,P3-U08,62,Resident62 Last62,5599
2024-12-05,3,Riverside Retirement Community,P3-U09,63,Resident63 Last63,4741
2024-12-05,3,Riverside Retirement Community,P3-U10,,,0
2024-12-05,3,Riverside Retirement Community,P3-U11,,,0
2024-12-05,3,Riverside Retirement Community,P3-U12,,,0
2024-12-05,3,Riverside Retirement Community,P3-U13,,,0
2024-12-05,3,Riverside Retirement Community,P3-U14,64,Resident64 Last64,4016
2024-12-05,3,Riverside Retirement Community,P3-U15,65,Resident65 Last65,5094
2024-12-05,3,Riverside Retirement Community,P3-U16,66,Resident66 Last66,7369
2024-12-05,3,Riverside Retirement Community,P3-U17,67,Resident67 Last67,5123
2024-12-05,3,Riverside Retirement Community,P3-U18,68,Resident68 Last68,5251
2024-12-05,3,Riverside Retirement Community,P3-U19,,,0
2024-12-05,3,Riverside Retirement Community,P3-U20,69,Resident69 Last69,3491
2024-12-05,3,Riverside Retirement Community,P3-U21,70,Resident70 Last70,4784
2024-12-05,3,Riverside Retirement Community,P3-U22,71,Resident71 Last71,3684
2024-12-05,3,Riverside Retirement Community,P3-U23,72,Resident72 Last72,3763
2024-12-05,3,Riverside Retirement Community,P3-U24,73,Resident73 Last73,3211
2024-12-05,3,Riverside Retirement Community,P3-U25,74,Resident74 Last74,6679
2024-12-05,3,Riverside Retirement Community,P3-U26,,,0
2024-12-05,3,Riverside Retirement Community,P3-U27,,,0
2024-12-05,3,Riverside Retirement Community,P3-U28,,,0
2024-12-05,3,Riverside Retirement Community,P3-U29,,,0
2024-12-05,3,Riverside Retirement Community,P3-U30,,,0
2024-12-05,3,Riverside Retirement Community,P3-U31,,,0
2024-12-05,3,Riverside Retirement Community,P3-U32,75,Resident75 Last75,6998
2024-12-05,3,Riverside Retirement Community,P3-U33,76,Resident76 Last76,4800
2024-12-05,3,Riverside Retirement Community,P3-U34,77,Resident77 Last77,4456
2024-12-05,3,Riverside Retirement Community,P3-U35,,,0
2024-12-05,3,Riverside Retirement Community,P3-U36,78,Resident78 Last78,6502
2024-12-05,3,Riverside Retirement Community,P3-U37,,,0
2024-12-05,3,Riverside Retirement Community,P3-U38,79,Resident79 Last79,7014
2024-12-05,3,Riverside Retirement Community,P3-U39,80,Resident80 Last80,4317
2024-12-05,3,Riverside Retirement Community,P3-U40,81,Resident81 Last81,5835
2024-12-05,3,Riverside Retirement Community,P3-U41,82,Resident82 Last82,3465
2024-12-05,3,Riverside Retirement Community,P3-U42,83,Resident83 Last83,4381
2024-12-05,3,Riverside Retirement Community,P3-U43,,,0
2024-12-05,3,Riverside Retirement Community,P3-U44,84,Resident84 Last84,6325
2024-12-05,3,Riverside Retirement Community,P3-U45,,,0
2024-12-05,3,Riverside Retirement Community,P3-U46,,,0
2024-12-05,3,Riverside Retirement Community,P3-U47,85,Resident85 Last85,6135
2024-12-05,3,Riverside Retirement Community,P3-U48,86,Resident86 Last86,4208
2024-12-05,3,Riverside Retirement Community,P3-U49,87,Resident87 Last87,4723
2024-12-05,3,Riverside Retirement Community,P3-U50,88,Resident88 Last88,3664
2024-12-06,1,Sunset Gardens,P1-U01,,,0
2024-12-06,1,Sunset Gardens,P1-U02,1,Resident1 Last1,4103
2024-12-06,1,Sunset Gardens,P1-U03,2,Resident2 Last2,4626
2024-12-06,1,Sunset Gardens,P1-U04,3,Resident3 Last3,3710
2024-12-06,1,Sunset Gardens,P1-U05,4,Resident4 Last4,4469
2024-12-06,1,Sunset Gardens,P1-U06,,,0
2024-12-06,1,Sunset Gardens,P1-U07,5,Resident5 Last5,6368
2024-12-06,1,Sunset Gardens,P1-U08,6,Resident6 Last6,4726
2024-12-06,1,Sunset Gardens,P1-U09,7,Resident7 Last7,4274
2024-12-06,1,Sunset Gardens,P1-U10,8,Resident8 Last8,5207
2024-12-06,1,Sunset Gardens,P1-U11,9,Resident9 Last9,6915
2024-12-06,1,Sunset Gardens,P1-U12,10,Resident10 Last10,3888
2024-12-06,1,Sunset Gardens,P1-U13,11,Resident11 Last11,4505
2024-12-06,1,Sunset Gardens,P1-U14,12,Resident12 Last12,6471
2024-12-06,1,Sunset Gardens,P1-U15,,,0
2024-12-06,1,Sunset Gardens,P1-U16,,,0
2024-12-06,1,Sunset Gardens,P1-U17,,,0
2024-12-06,1,Sunset Gardens,P1-U18,13,Resident13 Last13,3438
2024-12-06,1,Sunset Gardens,P1-U19,14,Resident14 Last14,5725
2024-12-06,1,Sunset Gardens,P1-U20,,,0
2024-12-06,1,Sunset Gardens,P1-U21,15,Resident15 Last15,7434
2024-12-06,1,Sunset Gardens,P1-U22,,,0
2024-12-06,1,Sunset Gardens,P1-U23,,,0
2024-12-06,1,Sunset Gardens,P1-U24,,,0
2024-12-06,1,Sunset Gardens,P1-U25,,,0
2024-12-06,1,Sunset Gardens,P1-U26,16,Resident16 Last16,5619
2024-12-06,1,Sunset Gardens,P1-U27,,,0
2024-12-06,1,Sunset Gardens,P1-U28,17,Resident17 Last17,4390
2024-12-06,1,Sunset Gardens,P1-U29,18,Resident18 Last18,3165
2024-12-06,1,Sunset Gardens,P1-U30,,,0
2024-12-06,1,Sunset Gardens,P1-U31,19,Resident19 Last19,3698
2024-12-06,1,Sunset Gardens,P1-U32,,,0
2024-12-06,1,Sunset Gardens,P1-U33,20,Resident20 Last20,4589
2024-12-06,1,Sunset Gardens,P1-U34,,,0
2024-12-06,1,Sunset Gardens,P1-U35,21,Resident21 Last21,6548
2024-12-06,1,Sunset Gardens,P1-U36,22,Resident22 Last22,5722
2024-12-06,1,Sunset Gardens,P1-U37,23,Resident23 Last23,6826
2024-12-06,1,Sunset Gardens,P1-U38,24,Resident24 Last24,5319
2024-12-06,1,Sunset Gardens,P1-U39,,,0
2024-12-06,1,Sunset Gardens,P1-U40,25,Resident25 Last25,3203
2024-12-06,1,Sunset Gardens,P1-U41,,,0
2024-12-06,1,Sunset Gardens,P1-U42,,,0
2024-12-06,1,Sunset Gardens,P1-U43,,,0
2024-12-06,1,Sunset Gardens,P1-U44,26,Resident26 Last26,4150
2024-12-06,1,Sunset Gardens,P1-U45,27,Resident27 Last27,3659
2024-12-06,1,Sunset Gardens,P1-U46,28,Resident28 Last28,4656
2024-12-06,1,Sunset Gardens,P1-U47,,,0
2024-12-06,1,Sunset Gardens,P1-U48,,,0
2024-12-06,1,Sunset Gardens,P1-U49,29,Resident29 Last29,4138
2024-12-06,1,Sunset Gardens,P1-U50,30,Resident30 Last30,6031
2024-12-06,2,Meadowbrook Senior Living,P2-U01,,,0
2024-12-06,2,Meadowbrook Senior Living,P2-U02,31,Resident31 Last31,3643
2024-12-06,2,Meadowbrook Senior Living,P2-U03,,,0
2024-12-06,2,Meadowbrook Senior Living,P2-U04,,,0
2024-12-06,2,Meadowbrook Senior Living,P2-U05,32,Resident32 Last32,5524
2024-12-06,2,Meadowbrook Senior Living,P2-U06,,,0
2024-12-06,2,Meadowbrook Senior Living,P2-U07,,,0
2024-12-06,2,Meadowbrook Senior Living,P2-U08,33,Resident33 Last33,7164
2024-12-06,2,Meadowbrook Senior Living,P2-U09,34,Resident34 Last34,6565
2024-12-06,2,Meadowbrook Senior Living,P2-U10,,,0
2024-12-06,2,Meadowbrook Senior Living,P2-U11,,,0
2024-12-06,2,Meadowbrook Senior Living,P2-U12,35,Resident35 Last35,5476
2024-12-06,2,Meadowbrook Senior Living,P2-U13,36,Resident36 Last36,4795
2024-12-06,2,Meadowbrook Senior Living,P2-U14,37,Resident37 Last37,6972
2024-12-06,2,Meadowbrook Senior Living,P2-U15,,,0
2024-12-06,2,Meadowbrook Senior Living,P2-U16,38,Resident38 Last38,6144
2024-12-06,2,Meadowbrook Senior Living,P2-U17,39,Resident39 Last39,3646
2024-12-06,2,Meadowbrook Senior Living,P2-U18,40,Resident40 Last40,6397
2024-12-06,2,Meadowbrook Senior Living,P2-U19,,,0
2024-12-06,2,Meadowbrook Senior Living,P2-U20,41,Resident41 Last41,3058
2024-12-06,2,Meadowbrook Senior Living,P2-U21,42,Resident42 Last42,4782
2024-12-06,2,Meadowbrook Senior Living,P2-U22,43,Resident43 Last43,5894
2024-12-06,2,Meadowbrook Senior Living,P2-U23,,,0
2024-12-06,2,Meadowbrook Senior Living,P2-U24,44,Resident44 Last44,7471
2024-12-06,2,Meadowbrook Senior Living,P2-U25,45,Resident45 Last45,5210
2024-12-06,2,Meadowbrook Senior Living,P2-U26,,,0
2024-12-06,2,Meadowbrook Senior Living,P2-U27,,,0
2024-12-06,2,Meadowbrook Senior Living,P2-U28,,,0
2024-12-06,2,Meadowbrook Senior Living,P2-U29,,,0
2024-12-06,2,Meadowbrook Senior Living,P2-U30,,,0
2024-12-06,2,Meadowbrook Senior Living,P2-U31,,,0
2024-12-06,2,Meadowbrook Senior Living,P2-U32,,,0
2024-12-06,2,Meadowbrook Senior Living,P2-U33,46,Resident46 Last46,4824
2024-12-06,2,Meadowbrook Senior Living,P2-U34,,,0
2024-12-06,2,Meadowbrook Senior Living,P2-U35,,,0
2024-12-06,2,Meadowbrook Senior Living,P2-U36,,,0
2024-12-06,2,Meadowbrook Senior Living,P2-U37,47,Resident47 Last47,5894
2024-12-06,2,Meadowbrook Senior Living,P2-U38,48,Resident48 Last48,3847
2024-12-06,2,Meadowbrook Senior Living,P2-U39,49,Resident49 Last49,3512
2024-12-06,2,Meadowbrook Senior Living,P2-U40,50,Resident50 Last50,5383
2024-12-06,2,Meadowbrook Senior Living,P2-U41,,,0
2024-12-06,2,Meadowbrook Senior Living,P2-U42,51,Resident51 Last51,6956
2024-12-06,2,Meadowbrook Senior Living,P2-U43,52,Resident52 Last52,4271
2024-12-06,2,Meadowbrook Senior Living,P2-U44,53,Resident53 Last53,6044
2024-12-06,2,Meadowbrook Senior Living,P2-U45,,,0
2024-12-06,2,Meadowbrook Senior Living,P2-U46,54,Resident54 Last54,4954
2024-12-06,2,Meadowbrook Senior Living,P2-U47,55,Resident55 Last55,7311
2024-12-06,2,Meadowbrook Senior Living,P2-U48,56,Resident56 Last56,3751
2024-12-06,2,Meadowbrook Senior Living,P2-U49,57,Resident57 Last57,3429
2024-12-06,2,Meadowbrook Senior Living,P2-U50,,,0
2024-12-06,3,Riverside Retirement Community,P3-U01,58,Resident58 Last58,6334
2024-12-06,3,Riverside Retirement Community,P3-U02,,,0
2024-12-06,3,Riverside Retirement Community,P3-U03,59,Resident59 Last59,3814
2024-12-06,3,Riverside Retirement Community,P3-U04,,,0
2024-12-06,3,Riverside Retirement Community,P3-U05,,,0
2024-12-06,3,Riverside Retirement Community,P3-U06,60,Resident60 Last60,4602
2024-12-06,3,Riverside Retirement Community,P3-U07,61,Resident61 Last61,3142
2024-12-06,3,Riverside Retirement Community,P3-U08,62,Resident62 Last62,5599
2024-12-06,3,Riverside Retirement Community,P3-U09,63,Resident63 Last63,4741
2024-12-06,3,Riverside Retirement Community,P3-U10,,,0
2024-12-06,3,Riverside Retirement Community,P3-U11,,,0
2024-12-06,3,Riverside Retirement Community,P3-U12,,,0
2024-12-06,3,Riverside Retirement Community,P3-U13,,,0
2024-12-06,3,Riverside Retirement Community,P3-U14,64,Resident64 Last64,4016
2024-12-06,3,Riverside Retirement Community,P3-U15,65,Resident65 Last65,5094
2024-12-06,3,Riverside Retirement Community,P3-U16,66,Resident66 Last66,7369
2024-12-06,3,Riverside Retirement Community,P3-U17,67,Resident67 Last67,5123
2024-12-06,3,Riverside Retirement Community,P3-U18,68,Resident68 Last68,5251
2024-12-06,3,Riverside Retirement Community,P3-U19,,,0
2024-12-06,3,Riverside Retirement Community,P3-U20,69,Resident69 Last69,3491
2024-12-06,3,Riverside Retirement Community,P3-U21,70,Resident70 Last70,4784
2024-12-06,3,Riverside Retirement Community,P3-U22,71,Resident71 Last71,3684
2024-12-06,3,Riverside Retirement Community,P3-U23,72,Resident72 Last72,3763
2024-12-06,3,Riverside Retirement Community,P3-U24,73,Resident73 Last73,3211
2024-12-06,3,Riverside Retirement Community,P3-U25,74,Resident74 Last74,6679
2024-12-06,3,Riverside Retirement Community,P3-U26,,,0
2024-12-06,3,Riverside Retirement Community,P3-U27,,,0
2024-12-06,3,Riverside Retirement Community,P3-U28,,,0
2024-12-06,3,Riverside Retirement Community,P3-U29,,,0
2024-12-06,3,Riverside Retirement Community,P3-U30,,,0
2024-12-06,3,Riverside Retirement Community,P3-U31,,,0
2024-12-06,3,Riverside Retirement Community,P3-U32,75,Resident75 Last75,6998
2024-12-06,3,Riverside Retirement Community,P3-U33,76,Resident76 Last76,4800
2024-12-06,3,Riverside Retirement Community,P3-U34,77,Resident77 Last77,4456
2024-12-06,3,Riverside Retirement Community,P3-U35,,,0
2024-12-06,3,Riverside Retirement Community,P3-U36,78,Resident78 Last78,6502
2024-12-06,3,Riverside Retirement Community,P3-U37,,,0
2024-12-06,3,Riverside Retirement Community,P3-U38,79,Resident79 Last79,7014
2024-12-06,3,Riverside Retirement Community,P3-U39,80,Resident80 Last80,4317
2024-12-06,3,Riverside Retirement Community,P3-U40,81,Resident81 Last81,5835
2024-12-06,3,Riverside Retirement Community,P3-U41,82,Resident82 Last82,3465
2024-12-06,3,Riverside Retirement Community,P3-U42,83,Resident83 Last83,4381
2024-12-06,3,Riverside Retirement Community,P3-U43,,,0
2024-12-06,3,Riverside Retirement Community,P3-U44,84,Resident84 Last84,6325
2024-12-06,3,Riverside Retirement Community,P3-U45,,,0
2024-12-06,3,Riverside Retirement Community,P3-U46,,,0
2024-12-06,3,Riverside Retirement Community,P3-U47,85,Resident85 Last85,6135
2024-12-06,3,Riverside Retirement Community,P3-U48,86,Resident86 Last86,4208
2024-12-06,3,Riverside Retirement Community,P3-U49,87,Resident87 Last87,4723
2024-12-06,3,Riverside Retirement Community,P3-U50,88,Resident88 Last88,3664
2024-12-07,1,Sunset Gardens,P1-U01,,,0
2024-12-07,1,Sunset Gardens,P1-U02,1,Resident1 Last1,4103
2024-12-07,1,Sunset Gardens,P1-U03,2,Resident2 Last2,4626
2024-12-07,1,Sunset Gardens,P1-U04,3,Resident3 Last3,3710
2024-12-07,1,Sunset Gardens,P1-U05,4,Resident4 Last4,4469
2024-12-07,1,Sunset Gardens,P1-U06,,,0
2024-12-07,1,Sunset Gardens,P1-U07,5,Resident5 Last5,6368
2024-12-07,1,Sunset Gardens,P1-U08,6,Resident6 Last6,4726
2024-12-07,1,Sunset Gardens,P1-U09,7,Resident7 Last7,4274
2024-12-07,1,Sunset Gardens,P1-U10,8,Resident8 Last8,5207
2024-12-07,1,Sunset Gardens,P1-U11,9,Resident9 Last9,6915
2024-12-07,1,Sunset Gardens,P1-U12,10,Resident10 Last10,3888
2024-12-07,1,Sunset Gardens,P1-U13,11,Resident11 Last11,4505
2024-12-07,1,Sunset Gardens,P1-U14,12,Resident12 Last12,6471
2024-12-07,1,Sunset Gardens,P1-U15,,,0
2024-12-07,1,Sunset Gardens,P1-U16,,,0
2024-12-07,1,Sunset Gardens,P1-U17,,,0
2024-12-07,1,Sunset Gardens,P1-U18,13,Resident13 Last13,3438
2024-12-07,1,Sunset Gardens,P1-U19,14,Resident14 Last14,5725
2024-12-07,1,Sunset Gardens,P1-U20,,,0
2024-12-07,1,Sunset Gardens,P1-U21,15,Resident15 Last15,7434
2024-12-07,1,Sunset Gardens,P1-U22,,,0
2024-12-07,1,Sunset Gardens,P1-U23,,,0
2024-12-07,1,Sunset Gardens,P1-U24,,,0
2024-12-07,1,Sunset Gardens,P1-U25,,,0
2024-12-07,1,Sunset Gardens,P1-U26,16,Resident16 Last16,5619
2024-12-07,1,Sunset Gardens,P1-U27,,,0
2024-12-07,1,Sunset Gardens,P1-U28,17,Resident17 Last17,4390
2024-12-07,1,Sunset Gardens,P1-U29,18,Resident18 Last18,3165
2024-12-07,1,Sunset Gardens,P1-U30,,,0
2024-12-07,1,Sunset Gardens,P1-U31,19,Resident19 Last19,3698
2024-12-07,1,Sunset Gardens,P1-U32,,,0
2024-12-07,1,Sunset Gardens,P1-U33,20,Resident20 Last20,4589
2024-12-07,1,Sunset Gardens,P1-U34,,,0
2024-12-07,1,Sunset Gardens,P1-U35,21,Resident21 Last21,6548
2024-12-07,1,Sunset Gardens,P1-U36,22,Resident22 Last22,5722
2024-12-07,1,Sunset Gardens,P1-U37,23,Resident23 Last23,6826
2024-12-07,1,Sunset Gardens,P1-U38,24,Resident24 Last24,5319
2024-12-07,1,Sunset Gardens,P1-U39,,,0
2024-12-07,1,Sunset Gardens,P1-U40,25,Resident25 Last25,3203
2024-12-07,1,Sunset Gardens,P1-U41,,,0
2024-12-07,1,Sunset Gardens,P1-U42,,,0
2024-12-07,1,Sunset Gardens,P1-U43,,,0
2024-12-07,1,Sunset Gardens,P1-U44,26,Resident26 Last26,4150
2024-12-07,1,Sunset Gardens,P1-U45,27,Resident27 Last27,3659
2024-12-07,1,Sunset Gardens,P1-U46,28,Resident28 Last28,4656
2024-12-07,1,Sunset Gardens,P1-U47,,,0
2024-12-07,1,Sunset Gardens,P1-U48,,,0
2024-12-07,1,Sunset Gardens,P1-U49,29,Resident29 Last29,4138
2024-12-07,1,Sunset Gardens,P1-U50,30,Resident30 Last30,6031
2024-12-07,2,Meadowbrook Senior Living,P2-U01,,,0
2024-12-07,2,Meadowbrook Senior Living,P2-U02,31,Resident31 Last31,3643
2024-12-07,2,Meadowbrook Senior Living,P2-U03,,,0
2024-12-07,2,Meadowbrook Senior Living,P2-U04,,,0
2024-12-07,2,Meadowbrook Senior Living,P2-U05,32,Resident32 Last32,5524
2024-12-07,2,Meadowbrook Senior Living,P2-U06,,,0
2024-12-07,2,Meadowbrook Senior Living,P2-U07,,,0
2024-12-07,2,Meadowbrook Senior Living,P2-U08,33,Resident33 Last33,7164
2024-12-07,2,Meadowbrook Senior Living,P2-U09,34,Resident34 Last34,6565
2024-12-07,2,Meadowbrook Senior Living,P2-U10,,,0
2024-12-07,2,Meadowbrook Senior Living,P2-U11,,,0
2024-12-07,2,Meadowbrook Senior Living,P2-U12,35,Resident35 Last35,5476
2024-12-07,2,Meadowbrook Senior Living,P2-U13,36,Resident36 Last36,4795
2024-12-07,2,Meadowbrook Senior Living,P2-U14,37,Resident37 Last37,6972
2024-12-07,2,Meadowbrook Senior Living,P2-U15,,,0
2024-12-07,2,Meadowbrook Senior Living,P2-U16,38,Resident38 Last38,6144
2024-12-07,2,Meadowbrook Senior Living,P2-U17,39,Resident39 Last39,3646
2024-12-07,2,Meadowbrook Senior Living,P2-U18,40,Resident40 Last40,6397
2024-12-07,2,Meadowbrook Senior Living,P2-U19,,,0
2024-12-07,2,Meadowbrook Senior Living,P2-U20,41,Resident41 Last41,3058
2024-12-07,2,Meadowbrook Senior Living,P2-U21,42,Resident42 Last42,4782
2024-12-07,2,Meadowbrook Senior Living,P2-U22,43,Resident43 Last43,5894
2024-12-07,2,Meadowbrook Senior Living,P2-U23,,,0
2024-12-07,2,Meadowbrook Senior Living,P2-U24,44,Resident44 Last44,7471
2024-12-07,2,Meadowbrook Senior Living,P2-U25,45,Resident45 Last45,5210
2024-12-07,2,Meadowbrook Senior Living,P2-U26,,,0
2024-12-07,2,Meadowbrook Senior Living,P2-U27,,,0
2024-12-07,2,Meadowbrook Senior Living,P2-U28,,,0
2024-12-07,2,Meadowbrook Senior Living,P2-U29,,,0
2024-12-07,2,Meadowbrook Senior Living,P2-U30,,,0
2024-12-07,2,Meadowbrook Senior Living,P2-U31,,,0
2024-12-07,2,Meadowbrook Senior Living,P2-U32,,,0
2024-12-07,2,Meadowbrook Senior Living,P2-U33,46,Resident46 Last46,4824
2024-12-07,2,Meadowbrook Senior Living,P2-U34,,,0
2024-12-07,2,Meadowbrook Senior Living,P2-U35,,,0
2024-12-07,2,Meadowbrook Senior Living,P2-U36,,,0
2024-12-07,2,Meadowbrook Senior Living,P2-U37,47,Resident47 Last47,5894
2024-12-07,2,Meadowbrook Senior Living,P2-U38,48,Resident48 Last48,3847
2024-12-07,2,Meadowbrook Senior Living,P2-U39,49,Resident49 Last49,3512
2024-12-07,2,Meadowbrook Senior Living,P2-U40,50,Resident50 Last50,5383
2024-12-07,2,Meadowbrook Senior Living,P2-U41,,,0
2024-12-07,2,Meadowbrook Senior Living,P2-U42,51,Resident51 Last51,6956
2024-12-07,2,Meadowbrook Senior Living,P2-U43,52,Resident52 Last52,4271
2024-12-07,2,Meadowbrook Senior Living,P2-U44,53,Resident53 Last53,6044
2024-12-07,2,Meadowbrook Senior Living,P2-U45,,,0
2024-12-07,2,Meadowbrook Senior Living,P2-U46,54,Resident54 Last54,4954
2024-12-07,2,Meadowbrook Senior Living,P2-U47,55,Resident55 Last55,7311
2024-12-07,2,Meadowbrook Senior Living,P2-U48,56,Resident56 Last56,3751
2024-12-07,2,Meadowbrook Senior Living,P2-U49,57,Resident57 Last57,3429
2024-12-07,2,Meadowbrook Senior Living,P2-U50,,,0
2024-12-07,3,Riverside Retirement Community,P3-U01,58,Resident58 Last58,6334
2024-12-07,3,Riverside Retirement Community,P3-U02,,,0
2024-12-07,3,Riverside Retirement Community,P3-U03,59,Resident59 Last59,3814
2024-12-07,3,Riverside Retirement Community,P3-U04,,,0
2024-12-07,3,Riverside Retirement Community,P3-U05,,,0
2024-12-07,3,Riverside Retirement Community,P3-U06,60,Resident60 Last60,4602
2024-12-07,3,Riverside Retirement Community,P3-U07,61,Resident61 Last61,3142
2024-12-07,3,Riverside Retirement Community,P3-U08,62,Resident62 Last62,5599
2024-12-07,3,Riverside Retirement Community,P3-U09,63,Resident63 Last63,4741
2024-12-07,3,Riverside Retirement Community,P3-U10,,,0
2024-12-07,3,Riverside Retirement Community,P3-U11,,,0
2024-12-07,3,Riverside Retirement Community,P3-U12,,,0
2024-12-07,3,Riverside Retirement Community,P3-U13,,,0
2024-12-07,3,Riverside Retirement Community,P3-U14,64,Resident64 Last64,4016
2024-12-07,3,Riverside Retirement Community,P3-U15,65,Resident65 Last65,5094
2024-12-07,3,Riverside Retirement Community,P3-U16,66,Resident66 Last66,7369
2024-12-07,3,Riverside Retirement Community,P3-U17,67,Resident67 Last67,5123
2024-12-07,3,Riverside Retirement Community,P3-U18,68,Resident68 Last68,5251
2024-12-07,3,Riverside Retirement Community,P3-U19,,,0
2024-12-07,3,Riverside Retirement Community,P3-U20,69,Resident69 Last69,3491
2024-12-07,3,Riverside Retirement Community,P3-U21,70,Resident70 Last70,4784
2024-12-07,3,Riverside Retirement Community,P3-U22,71,Resident71 Last71,3684
2024-12-07,3,Riverside Retirement Community,P3-U23,72,Resident72 Last72,3763
2024-12-07,3,Riverside Retirement Community,P3-U24,73,Resident73 Last73,3211
2024-12-07,3,Riverside Retirement Community,P3-U25,74,Resident74 Last74,6679
2024-12-07,3,Riverside Retirement Community,P3-U26,,,0
2024-12-07,3,Riverside Retirement Community,P3-U27,,,0
2024-12-07,3,Riverside Retirement Community,P3-U28,,,0
2024-12-07,3,Riverside Retirement Community,P3-U29,,,0
2024-12-07,3,Riverside Retirement Community,P3-U30,,,0
2024-12-07,3,Riverside Retirement Community,P3-U31,,,0
2024-12-07,3,Riverside Retirement Community,P3-U32,75,Resident75 Last75,6998
2024-12-07,3,Riverside Retirement Community,P3-U33,76,Resident76 Last76,4800
2024-12-07,3,Riverside Retirement Community,P3-U34,77,Resident77 Last77,4456
2024-12-07,3,Riverside Retirement Community,P3-U35,,,0
2024-12-07,3,Riverside Retirement Community,P3-U36,78,Resident78 Last78,6502
2024-12-07,3,Riverside Retirement Community,P3-U37,,,0
2024-12-07,3,Riverside Retirement Community,P3-U38,79,Resident79 Last79,7014
2024-12-07,3,Riverside Retirement Community,P3-U39,80,Resident80 Last80,4317
2024-12-07,3,Riverside Retirement Community,P3-U40,81,Resident81 Last81,5835
2024-12-07,3,Riverside Retirement Community,P3-U41,82,Resident82 Last82,3465
2024-12-07,3,Riverside Retirement Community,P3-U42,83,Resident83 Last83,4381
2024-12-07,3,Riverside Retirement Community,P3-U43,,,0
2024-12-07,3,Riverside Retirement Community,P3-U44,84,Resident84 Last84,6325
2024-12-07,3,Riverside Retirement Community,P3-U45,,,0
2024-12-07,3,Riverside Retirement Community,P3-U46,,,0
2024-12-07,3,Riverside Retirement Community,P3-U47,85,Resident85 Last85,6135
2024-12-07,3,Riverside Retirement Community,P3-U48,86,Resident86 Last86,4208
2024-12-07,3,Riverside Retirement Community,P3-U49,87,Resident87 Last87,4723
2024-12-07,3,Riverside Retirement Community,P3-U50,88,Resident88 Last88,3664
2024-12-08,1,Sunset Gardens,P1-U01,,,0
2024-12-08,1,Sunset Gardens,P1-U02,1,Resident1 Last1,4103
2024-12-08,1,Sunset Gardens,P1-U03,2,Resident2 Last2,4626
2024-12-08,1,Sunset Gardens,P1-U04,3,Resident3 Last3,3710
2024-12-08,1,Sunset Gardens,P1-U05,4,Resident4 Last4,4469
2024-12-08,1,Sunset Gardens,P1-U06,,,0
2024-12-08,1,Sunset Gardens,P1-U07,5,Resident5 Last5,6368
2024-12-08,1,Sunset Gardens,P1-U08,6,Resident6 Last6,4726
2024-12-08,1,Sunset Gardens,P1-U09,7,Resident7 Last7,4274
2024-12-08,1,Sunset Gardens,P1-U10,8,Resident8 Last8,5207
2024-12-08,1,Sunset Gardens,P1-U11,9,Resident9 Last9,6915
2024-12-08,1,Sunset Gardens,P1-U12,10,Resident10 Last10,3888
2024-12-08,1,Sunset Gardens,P1-U13,11,Resident11 Last11,4505
2024-12-08,1,Sunset Gardens,P1-U14,12,Resident12 Last12,6471
2024-12-08,1,Sunset Gardens,P1-U15,,,0
2024-12-08,1,Sunset Gardens,P1-U16,,,0
2024-12-08,1,Sunset Gardens,P1-U17,,,0
2024-12-08,1,Sunset Gardens,P1-U18,13,Resident13 Last13,3438
2024-12-08,1,Sunset Gardens,P1-U19,14,Resident14 Last14,5725
2024-12-08,1,Sunset Gardens,P1-U20,,,0
2024-12-08,1,Sunset Gardens,P1-U21,15,Resident15 Last15,7434
2024-12-08,1,Sunset Gardens,P1-U22,,,0
2024-12-08,1,Sunset Gardens,P1-U23,,,0
2024-12-08,1,Sunset Gardens,P1-U24,,,0
2024-12-08,1,Sunset Gardens,P1-U25,,,0
2024-12-08,1,Sunset Gardens,P1-U26,16,Resident16 Last16,5619
2024-12-08,1,Sunset Gardens,P1-U27,,,0
2024-12-08,1,Sunset Gardens,P1-U28,17,Resident17 Last17,4390
2024-12-08,1,Sunset Gardens,P1-U29,18,Resident18 Last18,3165
2024-12-08,1,Sunset Gardens,P1-U30,,,0
2024-12-08,1,Sunset Gardens,P1-U31,19,Resident19 Last19,3698
2024-12-08,1,Sunset Gardens,P1-U32,,,0
2024-12-08,1,Sunset Gardens,P1-U33,20,Resident20 Last20,4589
2024-12-08,1,Sunset Gardens,P1-U34,,,0
2024-12-08,1,Sunset Gardens,P1-U35,21,Resident21 Last21,6548
2024-12-08,1,Sunset Gardens,P1-U36,22,Resident22 Last22,5722
2024-12-08,1,Sunset Gardens,P1-U37,23,Resident23 Last23,6826
2024-12-08,1,Sunset Gardens,P1-U38,24,Resident24 Last24,5319
2024-12-08,1,Sunset Gardens,P1-U39,,,0
2024-12-08,1,Sunset Gardens,P1-U40,25,Resident25 Last25,3203
2024-12-08,1,Sunset Gardens,P1-U41,,,0
2024-12-08,1,Sunset Gardens,P1-U42,,,0
2024-12-08,1,Sunset Gardens,P1-U43,,,0
2024-12-08,1,Sunset Gardens,P1-U44,26,Resident26 Last26,4150
2024-12-08,1,Sunset Gardens,P1-U45,27,Resident27 Last27,3659
2024-12-08,1,Sunset Gardens,P1-U46,28,Resident28 Last28,4656
2024-12-08,1,Sunset Gardens,P1-U47,,,0
2024-12-08,1,Sunset Gardens,P1-U48,,,0
2024-12-08,1,Sunset Gardens,P1-U49,29,Resident29 Last29,4138
2024-12-08,1,Sunset Gardens,P1-U50,30,Resident30 Last30,6031
2024-12-08,2,Meadowbrook Senior Living,P2-U01,,,0
2024-12-08,2,Meadowbrook Senior Living,P2-U02,31,Resident31 Last31,3643
2024-12-08,2,Meadowbrook Senior Living,P2-U03,,,0
2024-12-08,2,Meadowbrook Senior Living,P2-U04,,,0
2024-12-08,2,Meadowbrook Senior Living,P2-U05,32,Resident32 Last32,5524
2024-12-08,2,Meadowbrook Senior Living,P2-U06,,,0
2024-12-08,2,Meadowbrook Senior Living,P2-U07,,,0
2024-12-08,2,Meadowbrook Senior Living,P2-U08,33,Resident33 Last33,7164
2024-12-08,2,Meadowbrook Senior Living,P2-U09,34,Resident34 Last34,6565
2024-12-08,2,Meadowbrook Senior Living,P2-U10,,,0
2024-12-08,2,Meadowbrook Senior Living,P2-U11,,,0
2024-12-08,2,Meadowbrook Senior Living,P2-U12,35,Resident35 Last35,5476
2024-12-08,2,Meadowbrook Senior Living,P2-U13,36,Resident36 Last36,4795
2024-12-08,2,Meadowbrook Senior Living,P2-U14,37,Resident37 Last37,6972
2024-12-08,2,Meadowbrook Senior Living,P2-U15,,,0
2024-12-08,2,Meadowbrook Senior Living,P2-U16,38,Resident38 Last38,6144
2024-12-08,2,Meadowbrook Senior Living,P2-U17,39,Resident39 Last39,3646
2024-12-08,2,Meadowbrook Senior Living,P2-U18,40,Resident40 Last40,6397
2024-12-08,2,Meadowbrook Senior Living,P2-U19,,,0
2024-12-08,2,Meadowbrook Senior Living,P2-U20,41,Resident41 Last41,3058
2024-12-08,2,Meadowbrook Senior Living,P2-U21,42,Resident42 Last42,4782
2024-12-08,2,Meadowbrook Senior Living,P2-U22,43,Resident43 Last43,5894
2024-12-08,2,Meadowbrook Senior Living,P2-U23,,,0
2024-12-08,2,Meadowbrook Senior Living,P2-U24,44,Resident44 Last44,7471
2024-12-08,2,Meadowbrook Senior Living,P2-U25,45,Resident45 Last45,5210
2024-12-08,2,Meadowbrook Senior Living,P2-U26,,,0
2024-12-08,2,Meadowbrook Senior Living,P2-U27,,,0
2024-12-08,2,Meadowbrook Senior Living,P2-U28,,,0
2024-12-08,2,Meadowbrook Senior Living,P2-U29,,,0
2024-12-08,2,Meadowbrook Senior Living,P2-U30,,,0
2024-12-08,2,Meadowbrook Senior Living,P2-U31,,,0
2024-12-08,2,Meadowbrook Senior Living,P2-U32,,,0
2024-12-08,2,Meadowbrook Senior Living,P2-U33,46,Resident46 Last46,4824
2024-12-08,2,Meadowbrook Senior Living,P2-U34,,,0
2024-12-08,2,Meadowbrook Senior Living,P2-U35,,,0
2024-12-08,2,Meadowbrook Senior Living,P2-U36,,,0
2024-12-08,2,Meadowbrook Senior Living,P2-U37,47,Resident47 Last47,5894
2024-12-08,2,Meadowbrook Senior Living,P2-U38,48,Resident48 Last48,3847
2024-12-08,2,Meadowbrook Senior Living,P2-U39,49,Resident49 Last49,3512
2024-12-08,2,Meadowbrook Senior Living,P2-U40,50,Resident50 Last50,5383
2024-12-08,2,Meadowbrook Senior Living,P2-U41,,,0
2024-12-08,2,Meadowbrook Senior Living,P2-U42,51,Resident51 Last51,6956
2024-12-08,2,Meadowbrook Senior Living,P2-U43,52,Resident52 Last52,4271
2024-12-08,2,Meadowbrook Senior Living,P2-U44,53,Resident53 Last53,6044
2024-12-08,2,Meadowbrook Senior Living,P2-U45,,,0
2024-12-08,2,Meadowbrook Senior Living,P2-U46,54,Resident54 Last54,4954
2024-12-08,2,Meadowbrook Senior Living,P2-U47,55,Resident55 Last55,7311
2024-12-08,2,Meadowbrook Senior Living,P2-U48,56,Resident56 Last56,3751
2024-12-08,2,Meadowbrook Senior Living,P2-U49,57,Resident57 Last57,3429
2024-12-08,2,Meadowbrook Senior Living,P2-U50,,,0
2024-12-08,3,Riverside Retirement Community,P3-U01,58,Resident58 Last58,6334
2024-12-08,3,Riverside Retirement Community,P3-U02,,,0
2024-12-08,3,Riverside Retirement Community,P3-U03,59,Resident59 Last59,3814
2024-12-08,3,Riverside Retirement Community,P3-U04,,,0
2024-12-08,3,Riverside Retirement Community,P3-U05,,,0
2024-12-08,3,Riverside Retirement Community,P3-U06,60,Resident60 Last60,4602
2024-12-08,3,Riverside Retirement Community,P3-U07,61,Resident61 Last61,3142
2024-12-08,3,Riverside Retirement Community,P3-U08,62,Resident62 Last62,5599
2024-12-08,3,Riverside Retirement Community,P3-U09,63,Resident63 Last63,4741
2024-12-08,3,Riverside Retirement Community,P3-U10,,,0
2024-12-08,3,Riverside Retirement Community,P3-U11,,,0
2024-12-08,3,Riverside Retirement Community,P3-U12,,,0
2024-12-08,3,Riverside Retirement Community,P3-U13,,,0
2024-12-08,3,Riverside Retirement Community,P3-U14,64,Resident64 Last64,4016
2024-12-08,3,Riverside Retirement Community,P3-U15,65,Resident65 Last65,5094
2024-12-08,3,Riverside Retirement Community,P3-U16,66,Resident66 Last66,7369
2024-12-08,3,Riverside Retirement Community,P3-U17,67,Resident67 Last67,5123
2024-12-08,3,Riverside Retirement Community,P3-U18,68,Resident68 Last68,5251
2024-12-08,3,Riverside Retirement Community,P3-U19,,,0
2024-12-08,3,Riverside Retirement Community,P3-U20,69,Resident69 Last69,3491
2024-12-08,3,Riverside Retirement Community,P3-U21,70,Resident70 Last70,4784
2024-12-08,3,Riverside Retirement Community,P3-U22,71,Resident71 Last71,3684
2024-12-08,3,Riverside Retirement Community,P3-U23,72,Resident72 Last72,3763
2024-12-08,3,Riverside Retirement Community,P3-U24,73,Resident73 Last73,3211
2024-12-08,3,Riverside Retirement Community,P3-U25,74,Resident74 Last74,6679
2024-12-08,3,Riverside Retirement Community,P3-U26,,,0
2024-12-08,3,Riverside Retirement Community,P3-U27,,,0
2024-12-08,3,Riverside Retirement Community,P3-U28,,,0
2024-12-08,3,Riverside Retirement Community,P3-U29,,,0
2024-12-08,3,Riverside Retirement Community,P3-U30,,,0
2024-12-08,3,Riverside Retirement Community,P3-U31,,,0
2024-12-08,3,Riverside Retirement Community,P3-U32,75,Resident75 Last75,6998
2024-12-08,3,Riverside Retirement Community,P3-U33,,,0
2024-12-08,3,Riverside Retirement Community,P3-U34,77,Resident77 Last77,4456
2024-12-08,3,Riverside Retirement Community,P3-U35,,,0
2024-12-08,3,Riverside Retirement Community,P3-U36,78,Resident78 Last78,6502
2024-12-08,3,Riverside Retirement Community,P3-U37,,,0
2024-12-08,3,Riverside Retirement Community,P3-U38,79,Resident79 Last79,7014
2024-12-08,3,Riverside Retirement Community,P3-U39,80,Resident80 Last80,4317
2024-12-08,3,Riverside Retirement Community,P3-U40,81,Resident81 Last81,5835
2024-12-08,3,Riverside Retirement Community,P3-U41,82,Resident82 Last82,3465
2024-12-08,3,Riverside Retirement Community,P3-U42,83,Resident83 Last83,4381
2024-12-08,3,Riverside Retirement Community,P3-U43,,,0
2024-12-08,3,Riverside Retirement Community,P3-U44,84,Resident84 Last84,6325
2024-12-08,3,Riverside Retirement Community,P3-U45,,,0
2024-12-08,3,Riverside Retirement Community,P3-U46,,,0
2024-12-08,3,Riverside Retirement Community,P3-U47,85,Resident85 Last85,6135
2024-12-08,3,Riverside Retirement Community,P3-U48,86,Resident86 Last86,4208
2024-12-08,3,Riverside Retirement Community,P3-U49,87,Resident87 Last87,4723
2024-12-08,3,Riverside Retirement Community,P3-U50,88,Resident88 Last88,3664
2024-12-09,1,Sunset Gardens,P1-U01,,,0
2024-12-09,1,Sunset Gardens,P1-U02,1,Resident1 Last1,4103
2024-12-09,1,Sunset Gardens,P1-U03,2,Resident2 Last2,4626
2024-12-09,1,Sunset Gardens,P1-U04,3,Resident3 Last3,3710
2024-12-09,1,Sunset Gardens,P1-U05,4,Resident4 Last4,4469
2024-12-09,1,Sunset Gardens,P1-U06,,,0
2024-12-09,1,Sunset Gardens,P1-U07,5,Resident5 Last5,6368
2024-12-09,1,Sunset Gardens,P1-U08,6,Resident6 Last6,4726
2024-12-09,1,Sunset Gardens,P1-U09,7,Resident7 Last7,4274
2024-12-09,1,Sunset Gardens,P1-U10,8,Resident8 Last8,5207
2024-12-09,1,Sunset Gardens,P1-U11,9,Resident9 Last9,6915
2024-12-09,1,Sunset Gardens,P1-U12,10,Resident10 Last10,3888
2024-12-09,1,Sunset Gardens,P1-U13,11,Resident11 Last11,4505
2024-12-09,1,Sunset Gardens,P1-U14,12,Resident12 Last12,6471
2024-12-09,1,Sunset Gardens,P1-U15,,,0
2024-12-09,1,Sunset Gardens,P1-U16,,,0
2024-12-09,1,Sunset Gardens,P1-U17,,,0
2024-12-09,1,Sunset Gardens,P1-U18,13,Resident13 Last13,3438
2024-12-09,1,Sunset Gardens,P1-U19,14,Resident14 Last14,5725
2024-12-09,1,Sunset Gardens,P1-U20,,,0
2024-12-09,1,Sunset Gardens,P1-U21,15,Resident15 Last15,7434
2024-12-09,1,Sunset Gardens,P1-U22,,,0
2024-12-09,1,Sunset Gardens,P1-U23,,,0
2024-12-09,1,Sunset Gardens,P1-U24,,,0
2024-12-09,1,Sunset Gardens,P1-U25,,,0
2024-12-09,1,Sunset Gardens,P1-U26,16,Resident16 Last16,5619
2024-12-09,1,Sunset Gardens,P1-U27,,,0
2024-12-09,1,Sunset Gardens,P1-U28,17,Resident17 Last17,4390
2024-12-09,1,Sunset Gardens,P1-U29,18,Resident18 Last18,3165
2024-12-09,1,Sunset Gardens,P1-U30,,,0
2024-12-09,1,Sunset Gardens,P1-U31,19,Resident19 Last19,3698
2024-12-09,1,Sunset Gardens,P1-U32,,,0
2024-12-09,1,Sunset Gardens,P1-U33,20,Resident20 Last20,4589
2024-12-09,1,Sunset Gardens,P1-U34,,,0
2024-12-09,1,Sunset Gardens,P1-U35,21,Resident21 Last21,6548
2024-12-09,1,Sunset Gardens,P1-U36,22,Resident22 Last22,5722
2024-12-09,1,Sunset Gardens,P1-U37,23,Resident23 Last23,6826
2024-12-09,1,Sunset Gardens,P1-U38,24,Resident24 Last24,5319
2024-12-09,1,Sunset Gardens,P1-U39,,,0
2024-12-09,1,Sunset Gardens,P1-U40,25,Resident25 Last25,3203
2024-12-09,1,Sunset Gardens,P1-U41,,,0
2024-12-09,1,Sunset Gardens,P1-U42,,,0
2024-12-09,1,Sunset Gardens,P1-U43,,,0
2024-12-09,1,Sunset Gardens,P1-U44,26,Resident26 Last26,4150
2024-12-09,1,Sunset Gardens,P1-U45,27,Resident27 Last27,3659
2024-12-09,1,Sunset Gardens,P1-U46,28,Resident28 Last28,4656
2024-12-09,1,Sunset Gardens,P1-U47,,,0
2024-12-09,1,Sunset Gardens,P1-U48,,,0
2024-12-09,1,Sunset Gardens,P1-U49,29,Resident29 Last29,4138
2024-12-09,1,Sunset Gardens,P1-U50,30,Resident30 Last30,6031
2024-12-09,2,Meadowbrook Senior Living,P2-U01,,,0
2024-12-09,2,Meadowbrook Senior Living,P2-U02,31,Resident31 Last31,3643
2024-12-09,2,Meadowbrook Senior Living,P2-U03,,,0
2024-12-09,2,Meadowbrook Senior Living,P2-U04,,,0
2024-12-09,2,Meadowbrook Senior Living,P2-U05,32,Resident32 Last32,5524
2024-12-09,2,Meadowbrook Senior Living,P2-U06,,,0
2024-12-09,2,Meadowbrook Senior Living,P2-U07,,,0
2024-12-09,2,Meadowbrook Senior Living,P2-U08,33,Resident33 Last33,7164
2024-12-09,2,Meadowbrook Senior Living,P2-U09,34,Resident34 Last34,6565
2024-12-09,2,Meadowbrook Senior Living,P2-U10,,,0
2024-12-09,2,Meadowbrook Senior Living,P2-U11,,,0
2024-12-09,2,Meadowbrook Senior Living,P2-U12,35,Resident35 Last35,5476
2024-12-09,2,Meadowbrook Senior Living,P2-U13,36,Resident36 Last36,4795
2024-12-09,2,Meadowbrook Senior Living,P2-U14,37,Resident37 Last37,6972
2024-12-09,2,Meadowbrook Senior Living,P2-U15,,,0
2024-12-09,2,Meadowbrook Senior Living,P2-U16,38,Resident38 Last38,6144
2024-12-09,2,Meadowbrook Senior Living,P2-U17,39,Resident39 Last39,3646
2024-12-09,2,Meadowbrook Senior Living,P2-U18,40,Resident40 Last40,6397
2024-12-09,2,Meadowbrook Senior Living,P2-U19,,,0
2024-12-09,2,Meadowbrook Senior Living,P2-U20,41,Resident41 Last41,3058
2024-12-09,2,Meadowbrook Senior Living,P2-U21,42,Resident42 Last42,4782
2024-12-09,2,Meadowbrook Senior Living,P2-U22,43,Resident43 Last43,5894
2024-12-09,2,Meadowbrook Senior Living,P2-U23,,,0
2024-12-09,2,Meadowbrook Senior Living,P2-U24,44,Resident44 Last44,7471
2024-12-09,2,Meadowbrook Senior Living,P2-U25,45,Resident45 Last45,5210
2024-12-09,2,Meadowbrook Senior Living,P2-U26,,,0
2024-12-09,2,Meadowbrook Senior Living,P2-U27,,,0
2024-12-09,2,Meadowbrook Senior Living,P2-U28,,,0
2024-12-09,2,Meadowbrook Senior Living,P2-U29,,,0
2024-12-09,2,Meadowbrook Senior Living,P2-U30,,,0
2024-12-09,2,Meadowbrook Senior Living,P2-U31,,,0
2024-12-09,2,Meadowbrook Senior Living,P2-U32,,,0
2024-12-09,2,Meadowbrook Senior Living,P2-U33,46,Resident46 Last46,4824
2024-12-09,2,Meadowbrook Senior Living,P2-U34,,,0
2024-12-09,2,Meadowbrook Senior Living,P2-U35,,,0
2024-12-09,2,Meadowbrook Senior Living,P2-U36,,,0
2024-12-09,2,Meadowbrook Senior Living,P2-U37,47,Resident47 Last47,5894
2024-12-09,2,Meadowbrook Senior Living,P2-U38,48,Resident48 Last48,3847
2024-12-09,2,Meadowbrook Senior Living,P2-U39,49,Resident49 Last49,3512
2024-12-09,2,Meadowbrook Senior Living,P2-U40,50,Resident50 Last50,5383
2024-12-09,2,Meadowbrook Senior Living,P2-U41,,,0
2024-12-09,2,Meadowbrook Senior Living,P2-U42,51,Resident51 Last51,6956
2024-12-09,2,Meadowbrook Senior Living,P2-U43,52,Resident52 Last52,4271
2024-12-09,2,Meadowbrook Senior Living,P2-U44,53,Resident53 Last53,6044
2024-12-09,2,Meadowbrook Senior Living,P2-U45,,,0
2024-12-09,2,Meadowbrook Senior Living,P2-U46,54,Resident54 Last54,4954
2024-12-09,2,Meadowbrook Senior Living,P2-U47,55,Resident55 Last55,7311
2024-12-09,2,Meadowbrook Senior Living,P2-U48,56,Resident56 Last56,3751
2024-12-09,2,Meadowbrook Senior Living,P2-U49,57,Resident57 Last57,3429
2024-12-09,2,Meadowbrook Senior Living,P2-U50,,,0
2024-12-09,3,Riverside Retirement Community,P3-U01,58,Resident58 Last58,6334
2024-12-09,3,Riverside Retirement Community,P3-U02,,,0
2024-12-09,3,Riverside Retirement Community,P3-U03,59,Resident59 Last59,3814
2024-12-09,3,Riverside Retirement Community,P3-U04,,,0
2024-12-09,3,Riverside Retirement Community,P3-U05,,,0
2024-12-09,3,Riverside Retirement Community,P3-U06,60,Resident60 Last60,4602
2024-12-09,3,Riverside Retirement Community,P3-U07,61,Resident61 Last61,3142
2024-12-09,3,Riverside Retirement Community,P3-U08,62,Resident62 Last62,5599
2024-12-09,3,Riverside Retirement Community,P3-U09,63,Resident63 Last63,4741
2024-12-09,3,Riverside Retirement Community,P3-U10,,,0
2024-12-09,3,Riverside Retirement Community,P3-U11,,,0
2024-12-09,3,Riverside Retirement Community,P3-U12,,,0
2024-12-09,3,Riverside Retirement Community,P3-U13,,,0
2024-12-09,3,Riverside Retirement Community,P3-U14,64,Resident64 Last64,4016
2024-12-09,3,Riverside Retirement Community,P3-U15,65,Resident65 Last65,5094
2024-12-09,3,Riverside Retirement Community,P3-U16,66,Resident66 Last66,7369
2024-12-09,3,Riverside Retirement Community,P3-U17,67,Resident67 Last67,5123
2024-12-09,3,Riverside Retirement Community,P3-U18,68,Resident68 Last68,5251
2024-12-09,3,Riverside Retirement Community,P3-U19,,,0
2024-12-09,3,Riverside Retirement Community,P3-U20,69,Resident69 Last69,3491
2024-12-09,3,Riverside Retirement Community,P3-U21,70,Resident70 Last70,4784
2024-12-09,3,Riverside Retirement Community,P3-U22,71,Resident71 Last71,3684
2024-12-09,3,Riverside Retirement Community,P3-U23,72,Resident72 Last72,3763
2024-12-09,3,Riverside Retirement Community,P3-U24,73,Resident73 Last73,3211
2024-12-09,3,Riverside Retirement Community,P3-U25,74,Resident74 Last74,6679
2024-12-09,3,Riverside Retirement Community,P3-U26,,,0
2024-12-09,3,Riverside Retirement Community,P3-U27,,,0
2024-12-09,3,Riverside Retirement Community,P3-U28,,,0
2024-12-09,3,Riverside Retirement Community,P3-U29,,,0
2024-12-09,3,Riverside Retirement Community,P3-U30,,,0
2024-12-09,3,Riverside Retirement Community,P3-U31,,,0
2024-12-09,3,Riverside Retirement Community,P3-U32,75,Resident75 Last75,6998
2024-12-09,3,Riverside Retirement Community,P3-U33,,,0
2024-12-09,3,Riverside Retirement Community,P3-U34,77,Resident77 Last77,4456
2024-12-09,3,Riverside Retirement Community,P3-U35,,,0
2024-12-09,3,Riverside Retirement Community,P3-U36,78,Resident78 Last78,6502
2024-12-09,3,Riverside Retirement Community,P3-U37,,,0
2024-12-09,3,Riverside Retirement Community,P3-U38,79,Resident79 Last79,7014
2024-12-09,3,Riverside Retirement Community,P3-U39,80,Resident80 Last80,4317
2024-12-09,3,Riverside Retirement Community,P3-U40,81,Resident81 Last81,5835
2024-12-09,3,Riverside Retirement Community,P3-U41,82,Resident82 Last82,3465
2024-12-09,3,Riverside Retirement Community,P3-U42,83,Resident83 Last83,4381
2024-12-09,3,Riverside Retirement Community,P3-U43,,,0
2024-12-09,3,Riverside Retirement Community,P3-U44,84,Resident84 Last84,6325
2024-12-09,3,Riverside Retirement Community,P3-U45,,,0
2024-12-09,3,Riverside Retirement Community,P3-U46,,,0
2024-12-09,3,Riverside Retirement Community,P3-U47,85,Resident85 Last85,6135
2024-12-09,3,Riverside Retirement Community,P3-U48,86,Resident86 Last86,4208
2024-12-09,3,Riverside Retirement Community,P3-U49,87,Resident87 Last87,4723
2024-12-09,3,Riverside Retirement Community,P3-U50,88,Resident88 Last88,3664
2024-12-10,1,Sunset Gardens,P1-U01,,,0
2024-12-10,1,Sunset Gardens,P1-U02,1,Resident1 Last1,4103
2024-12-10,1,Sunset Gardens,P1-U03,2,Resident2 Last2,4626
2024-12-10,1,Sunset Gardens,P1-U04,3,Resident3 Last3,3710
2024-12-10,1,Sunset Gardens,P1-U05,4,Resident4 Last4,4469
2024-12-10,1,Sunset Gardens,P1-U06,,,0
2024-12-10,1,Sunset Gardens,P1-U07,5,Resident5 Last5,6368
2024-12-10,1,Sunset Gardens,P1-U08,6,Resident6 Last6,4726
2024-12-10,1,Sunset Gardens,P1-U09,7,Resident7 Last7,4274
2024-12-10,1,Sunset Gardens,P1-U10,8,Resident8 Last8,5207
2024-12-10,1,Sunset Gardens,P1-U11,9,Resident9 Last9,6915
2024-12-10,1,Sunset Gardens,P1-U12,10,Resident10 Last10,3888
2024-12-10,1,Sunset Gardens,P1-U13,11,Resident11 Last11,4505
2024-12-10,1,Sunset Gardens,P1-U14,12,Resident12 Last12,6471
2024-12-10,1,Sunset Gardens,P1-U15,,,0
2024-12-10,1,Sunset Gardens,P1-U16,,,0
2024-12-10,1,Sunset Gardens,P1-U17,,,0
2024-12-10,1,Sunset Gardens,P1-U18,13,Resident13 Last13,3438
2024-12-10,1,Sunset Gardens,P1-U19,14,Resident14 Last14,5725
2024-12-10,1,Sunset Gardens,P1-U20,,,0
2024-12-10,1,Sunset Gardens,P1-U21,15,Resident15 Last15,7434
2024-12-10,1,Sunset Gardens,P1-U22,,,0
2024-12-10,1,Sunset Gardens,P1-U23,,,0
2024-12-10,1,Sunset Gardens,P1-U24,,,0
2024-12-10,1,Sunset Gardens,P1-U25,,,0
2024-12-10,1,Sunset Gardens,P1-U26,16,Resident16 Last16,5619
2024-12-10,1,Sunset Gardens,P1-U27,,,0
2024-12-10,1,Sunset Gardens,P1-U28,17,Resident17 Last17,4390
2024-12-10,1,Sunset Gardens,P1-U29,18,Resident18 Last18,3165
2024-12-10,1,Sunset Gardens,P1-U30,,,0
2024-12-10,1,Sunset Gardens,P1-U31,19,Resident19 Last19,3698
2024-12-10,1,Sunset Gardens,P1-U32,,,0
2024-12-10,1,Sunset Gardens,P1-U33,20,Resident20 Last20,4589
2024-12-10,1,Sunset Gardens,P1-U34,,,0
2024-12-10,1,Sunset Gardens,P1-U35,21,Resident21 Last21,6548
2024-12-10,1,Sunset Gardens,P1-U36,22,Resident22 Last22,5722
2024-12-10,1,Sunset Gardens,P1-U37,23,Resident23 Last23,6826
2024-12-10,1,Sunset Gardens,P1-U38,24,Resident24 Last24,5319
2024-12-10,1,Sunset Gardens,P1-U39,,,0
2024-12-10,1,Sunset Gardens,P1-U40,25,Resident25 Last25,3203
2024-12-10,1,Sunset Gardens,P1-U41,,,0
2024-12-10,1,Sunset Gardens,P1-U42,,,0
2024-12-10,1,Sunset Gardens,P1-U43,,,0
2024-12-10,1,Sunset Gardens,P1-U44,26,Resident26 Last26,4150
2024-12-10,1,Sunset Gardens,P1-U45,27,Resident27 Last27,3659
2024-12-10,1,Sunset Gardens,P1-U46,28,Resident28 Last28,4656
2024-12-10,1,Sunset Gardens,P1-U47,,,0
2024-12-10,1,Sunset Gardens,P1-U48,,,0
2024-12-10,1,Sunset Gardens,P1-U49,29,Resident29 Last29,4138
2024-12-10,1,Sunset Gardens,P1-U50,30,Resident30 Last30,6031
2024-12-10,2,Meadowbrook Senior Living,P2-U01,,,0
2024-12-10,2,Meadowbrook Senior Living,P2-U02,31,Resident31 Last31,3643
2024-12-10,2,Meadowbrook Senior Living,P2-U03,,,0
2024-12-10,2,Meadowbrook Senior Living,P2-U04,,,0
2024-12-10,2,Meadowbrook Senior Living,P2-U05,32,Resident32 Last32,5524
2024-12-10,2,Meadowbrook Senior Living,P2-U06,,,0
2024-12-10,2,Meadowbrook Senior Living,P2-U07,,,0
2024-12-10,2,Meadowbrook Senior Living,P2-U08,33,Resident33 Last33,7164
2024-12-10,2,Meadowbrook Senior Living,P2-U09,34,Resident34 Last34,6565
2024-12-10,2,Meadowbrook Senior Living,P2-U10,,,0
2024-12-10,2,Meadowbrook Senior Living,P2-U11,,,0
2024-12-10,2,Meadowbrook Senior Living,P2-U12,35,Resident35 Last35,5476
2024-12-10,2,Meadowbrook Senior Living,P2-U13,36,Resident36 Last36,4795
2024-12-10,2,Meadowbrook Senior Living,P2-U14,37,Resident37 Last37,6972
2024-12-10,2,Meadowbrook Senior Living,P2-U15,,,0
2024-12-10,2,Meadowbrook Senior Living,P2-U16,38,Resident38 Last38,6144
2024-12-10,2,Meadowbrook Senior Living,P2-U17,39,Resident39 Last39,3646
2024-12-10,2,Meadowbrook Senior Living,P2-U18,40,Resident40 Last40,6397
2024-12-10,2,Meadowbrook Senior Living,P2-U19,,,0
2024-12-10,2,Meadowbrook Senior Living,P2-U20,41,Resident41 Last41,3058
2024-12-10,2,Meadowbrook Senior Living,P2-U21,42,Resident42 Last42,4782
2024-12-10,2,Meadowbrook Senior Living,P2-U22,43,Resident43 Last43,5894
2024-12-10,2,Meadowbrook Senior Living,P2-U23,,,0
2024-12-10,2,Meadowbrook Senior Living,P2-U24,44,Resident44 Last44,7471
2024-12-10,2,Meadowbrook Senior Living,P2-U25,45,Resident45 Last45,5210
2024-12-10,2,Meadowbrook Senior Living,P2-U26,,,0
2024-12-10,2,Meadowbrook Senior Living,P2-U27,,,0
2024-12-10,2,Meadowbrook Senior Living,P2-U28,,,0
2024-12-10,2,Meadowbrook Senior Living,P2-U29,,,0
2024-12-10,2,Meadowbrook Senior Living,P2-U30,,,0
2024-12-10,2,Meadowbrook Senior Living,P2-U31,,,0
2024-12-10,2,Meadowbrook Senior Living,P2-U32,,,0
2024-12-10,2,Meadowbrook Senior Living,P2-U33,46,Resident46 Last46,4824
2024-12-10,2,Meadowbrook Senior Living,P2-U34,,,0
2024-12-10,2,Meadowbrook Senior Living,P2-U35,,,0
2024-12-10,2,Meadowbrook Senior Living,P2-U36,,,0
2024-12-10,2,Meadowbrook Senior Living,P2-U37,47,Resident47 Last47,5894
2024-12-10,2,Meadowbrook Senior Living,P2-U38,48,Resident48 Last48,3847
2024-12-10,2,Meadowbrook Senior Living,P2-U39,49,Resident49 Last49,3512
2024-12-10,2,Meadowbrook Senior Living,P2-U40,50,Resident50 Last50,5383
2024-12-10,2,Meadowbrook Senior Living,P2-U41,,,0
2024-12-10,2,Meadowbrook Senior Living,P2-U42,51,Resident51 Last51,6956
2024-12-10,2,Meadowbrook Senior Living,P2-U43,52,Resident52 Last52,4271
2024-12-10,2,Meadowbrook Senior Living,P2-U44,53,Resident53 Last53,6044
2024-12-10,2,Meadowbrook Senior Living,P2-U45,,,0
2024-12-10,2,Meadowbrook Senior Living,P2-U46,54,Resident54 Last54,4954
2024-12-10,2,Meadowbrook Senior Living,P2-U47,55,Resident55 Last55,7311
2024-12-10,2,Meadowbrook Senior Living,P2-U48,56,Resident56 Last56,3751
2024-12-10,2,Meadowbrook Senior Living,P2-U49,57,Resident57 Last57,3429
2024-12-10,2,Meadowbrook Senior Living,P2-U50,,,0
2024-12-10,3,Riverside Retirement Community,P3-U01,58,Resident58 Last58,6334
2024-12-10,3,Riverside Retirement Community,P3-U02,,,0
2024-12-10,3,Riverside Retirement Community,P3-U03,59,Resident59 Last59,3814
2024-12-10,3,Riverside Retirement Community,P3-U04,,,0
2024-12-10,3,Riverside Retirement Community,P3-U05,,,0
2024-12-10,3,Riverside Retirement Community,P3-U06,60,Resident60 Last60,4602
2024-12-10,3,Riverside Retirement Community,P3-U07,61,Resident61 Last61,3142
2024-12-10,3,Riverside Retirement Community,P3-U08,62,Resident62 Last62,5599
2024-12-10,3,Riverside Retirement Community,P3-U09,63,Resident63 Last63,4741
2024-12-10,3,Riverside Retirement Community,P3-U10,,,0
2024-12-10,3,Riverside Retirement Community,P3-U11,,,0
2024-12-10,3,Riverside Retirement Community,P3-U12,,,0
2024-12-10,3,Riverside Retirement Community,P3-U13,,,0
2024-12-10,3,Riverside Retirement Community,P3-U14,64,Resident64 Last64,4016
2024-12-10,3,Riverside Retirement Community,P3-U15,65,Resident65 Last65,5094
2024-12-10,3,Riverside Retirement Community,P3-U16,66,Resident66 Last66,7369
2024-12-10,3,Riverside Retirement Community,P3-U17,67,Resident67 Last67,5123
2024-12-10,3,Riverside Retirement Community,P3-U18,68,Resident68 Last68,5251
2024-12-10,3,Riverside Retirement Community,P3-U19,,,0
2024-12-10,3,Riverside Retirement Community,P3-U20,69,Resident69 Last69,3491
2024-12-10,3,Riverside Retirement Community,P3-U21,70,Resident70 Last70,4784
2024-12-10,3,Riverside Retirement Community,P3-U22,71,Resident71 Last71,3684
2024-12-10,3,Riverside Retirement Community,P3-U23,72,Resident72 Last72,3763
2024-12-10,3,Riverside Retirement Community,P3-U24,73,Resident73 Last73,3211
2024-12-10,3,Riverside Retirement Community,P3-U25,74,Resident74 Last74,6679
2024-12-10,3,Riverside Retirement Community,P3-U26,,,0
2024-12-10,3,Riverside Retirement Community,P3-U27,,,0
2024-12-10,3,Riverside Retirement Community,P3-U28,,,0
2024-12-10,3,Riverside Retirement Community,P3-U29,,,0
2024-12-10,3,Riverside Retirement Community,P3-U30,,,0
2024-12-10,3,Riverside Retirement Community,P3-U31,,,0
2024-12-10,3,Riverside Retirement Community,P3-U32,75,Resident75 Last75,6998
2024-12-10,3,Riverside Retirement Community,P3-U33,,,0
2024-12-10,3,Riverside Retirement Community,P3-U34,77,Resident77 Last77,4456
2024-12-10,3,Riverside Retirement Community,P3-U35,,,0
2024-12-10,3,Riverside Retirement Community,P3-U36,78,Resident78 Last78,6502
2024-12-10,3,Riverside Retirement Community,P3-U37,,,0
2024-12-10,3,Riverside Retirement Community,P3-U38,79,Resident79 Last79,7014
2024-12-10,3,Riverside Retirement Community,P3-U39,80,Resident80 Last80,4317
2024-12-10,3,Riverside Retirement Community,P3-U40,81,Resident81 Last81,5835
2024-12-10,3,Riverside Retirement Community,P3-U41,82,Resident82 Last82,3465
2024-12-10,3,Riverside Retirement Community,P3-U42,83,Resident83 Last83,4381
2024-12-10,3,Riverside Retirement Community,P3-U43,,,0
2024-12-10,3,Riverside Retirement Community,P3-U44,84,Resident84 Last84,6325
2024-12-10,3,Riverside Retirement Community,P3-U45,,,0
2024-12-10,3,Riverside Retirement Community,P3-U46,,,0
2024-12-10,3,Riverside Retirement Community,P3-U47,85,Resident85 Last85,6135
2024-12-10,3,Riverside Retirement Community,P3-U48,86,Resident86 Last86,4208
2024-12-10,3,Riverside Retirement Community,P3-U49,87,Resident87 Last87,4723
2024-12-10,3,Riverside Retirement Community,P3-U50,88,Resident88 Last88,3664
2024-12-11,1,Sunset Gardens,P1-U01,,,0
2024-12-11,1,Sunset Gardens,P1-U02,1,Resident1 Last1,4103
2024-12-11,1,Sunset Gardens,P1-U03,2,Resident2 Last2,4626
2024-12-11,1,Sunset Gardens,P1-U04,3,Resident3 Last3,3710
2024-12-11,1,Sunset Gardens,P1-U05,4,Resident4 Last4,4469
2024-12-11,1,Sunset Gardens,P1-U06,,,0
2024-12-11,1,Sunset Gardens,P1-U07,5,Resident5 Last5,6368
2024-12-11,1,Sunset Gardens,P1-U08,6,Resident6 Last6,4726
2024-12-11,1,Sunset Gardens,P1-U09,7,Resident7 Last7,4274
2024-12-11,1,Sunset Gardens,P1-U10,8,Resident8 Last8,5207
2024-12-11,1,Sunset Gardens,P1-U11,9,Resident9 Last9,6915
2024-12-11,1,Sunset Gardens,P1-U12,10,Resident10 Last10,3888
2024-12-11,1,Sunset Gardens,P1-U13,11,Resident11 Last11,4505
2024-12-11,1,Sunset Gardens,P1-U14,12,Resident12 Last12,6471
2024-12-11,1,Sunset Gardens,P1-U15,,,0
2024-12-11,1,Sunset Gardens,P1-U16,,,0
2024-12-11,1,Sunset Gardens,P1-U17,,,0
2024-12-11,1,Sunset Gardens,P1-U18,13,Resident13 Last13,3438
2024-12-11,1,Sunset Gardens,P1-U19,14,Resident14 Last14,5725
2024-12-11,1,Sunset Gardens,P1-U20,,,0
2024-12-11,1,Sunset Gardens,P1-U21,15,Resident15 Last15,7434
2024-12-11,1,Sunset Gardens,P1-U22,,,0
2024-12-11,1,Sunset Gardens,P1-U23,,,0
2024-12-11,1,Sunset Gardens,P1-U24,,,0
2024-12-11,1,Sunset Gardens,P1-U25,,,0
2024-12-11,1,Sunset Gardens,P1-U26,16,Resident16 Last16,5619
2024-12-11,1,Sunset Gardens,P1-U27,,,0
2024-12-11,1,Sunset Gardens,P1-U28,17,Resident17 Last17,4390
2024-12-11,1,Sunset Gardens,P1-U29,18,Resident18 Last18,3165
2024-12-11,1,Sunset Gardens,P1-U30,,,0
2024-12-11,1,Sunset Gardens,P1-U31,19,Resident19 Last19,3698
2024-12-11,1,Sunset Gardens,P1-U32,,,0
2024-12-11,1,Sunset Gardens,P1-U33,20,Resident20 Last20,4589
2024-12-11,1,Sunset Gardens,P1-U34,,,0
2024-12-11,1,Sunset Gardens,P1-U35,21,Resident21 Last21,6548
2024-12-11,1,Sunset Gardens,P1-U36,22,Resident22 Last22,5722
2024-12-11,1,Sunset Gardens,P1-U37,23,Resident23 Last23,6826
2024-12-11,1,Sunset Gardens,P1-U38,24,Resident24 Last24,5319
2024-12-11,1,Sunset Gardens,P1-U39,,,0
2024-12-11,1,Sunset Gardens,P1-U40,25,Resident25 Last25,3203
2024-12-11,1,Sunset Gardens,P1-U41,,,0
2024-12-11,1,Sunset Gardens,P1-U42,,,0
2024-12-11,1,Sunset Gardens,P1-U43,,,0
2024-12-11,1,Sunset Gardens,P1-U44,26,Resident26 Last26,4150
2024-12-11,1,Sunset Gardens,P1-U45,27,Resident27 Last27,3659
2024-12-11,1,Sunset Gardens,P1-U46,28,Resident28 Last28,4656
2024-12-11,1,Sunset Gardens,P1-U47,,,0
2024-12-11,1,Sunset Gardens,P1-U48,,,0
2024-12-11,1,Sunset Gardens,P1-U49,29,Resident29 Last29,4138
2024-12-11,1,Sunset Gardens,P1-U50,30,Resident30 Last30,6031
2024-12-11,2,Meadowbrook Senior Living,P2-U01,,,0
2024-12-11,2,Meadowbrook Senior Living,P2-U02,31,Resident31 Last31,3643
2024-12-11,2,Meadowbrook Senior Living,P2-U03,,,0
2024-12-11,2,Meadowbrook Senior Living,P2-U04,,,0
2024-12-11,2,Meadowbrook Senior Living,P2-U05,32,Resident32 Last32,5524
2024-12-11,2,Meadowbrook Senior Living,P2-U06,,,0
2024-12-11,2,Meadowbrook Senior Living,P2-U07,,,0
2024-12-11,2,Meadowbrook Senior Living,P2-U08,33,Resident33 Last33,7164
2024-12-11,2,Meadowbrook Senior Living,P2-U09,34,Resident34 Last34,6565
2024-12-11,2,Meadowbrook Senior Living,P2-U10,,,0
2024-12-11,2,Meadowbrook Senior Living,P2-U11,,,0
2024-12-11,2,Meadowbrook Senior Living,P2-U12,35,Resident35 Last35,5476
2024-12-11,2,Meadowbrook Senior Living,P2-U13,36,Resident36 Last36,4795
2024-12-11,2,Meadowbrook Senior Living,P2-U14,37,Resident37 Last37,6972
2024-12-11,2,Meadowbrook Senior Living,P2-U15,,,0
2024-12-11,2,Meadowbrook Senior Living,P2-U16,38,Resident38 Last38,6144
2024-12-11,2,Meadowbrook Senior Living,P2-U17,39,Resident39 Last39,3646
2024-12-11,2,Meadowbrook Senior Living,P2-U18,40,Resident40 Last40,6397
2024-12-11,2,Meadowbrook Senior Living,P2-U19,,,0
2024-12-11,2,Meadowbrook Senior Living,P2-U20,41,Resident41 Last41,3058
2024-12-11,2,Meadowbrook Senior Living,P2-U21,42,Resident42 Last42,4782
2024-12-11,2,Meadowbrook Senior Living,P2-U22,43,Resident43 Last43,5894
2024-12-11,2,Meadowbrook Senior Living,P2-U23,,,0
2024-12-11,2,Meadowbrook Senior Living,P2-U24,44,Resident44 Last44,7471
2024-12-11,2,Meadowbrook Senior Living,P2-U25,45,Resident45 Last45,5210
2024-12-11,2,Meadowbrook Senior Living,P2-U26,,,0
2024-12-11,2,Meadowbrook Senior Living,P2-U27,,,0
2024-12-11,2,Meadowbrook Senior Living,P2-U28,,,0
2024-12-11,2,Meadowbrook Senior Living,P2-U29,,,0
2024-12-11,2,Meadowbrook Senior Living,P2-U30,,,0
2024-12-11,2,Meadowbrook Senior Living,P2-U31,,,0
2024-12-11,2,Meadowbrook Senior Living,P2-U32,,,0
2024-12-11,2,Meadowbrook Senior Living,P2-U33,46,Resident46 Last46,4824
2024-12-11,2,Meadowbrook Senior Living,P2-U34,,,0
2024-12-11,2,Meadowbrook Senior Living,P2-U35,,,0
2024-12-11,2,Meadowbrook Senior Living,P2-U36,,,0
2024-12-11,2,Meadowbrook Senior Living,P2-U37,47,Resident47 Last47,5894
2024-12-11,2,Meadowbrook Senior Living,P2-U38,48,Resident48 Last48,3847
2024-12-11,2,Meadowbrook Senior Living,P2-U39,49,Resident49 Last49,3512
2024-12-11,2,Meadowbrook Senior Living,P2-U40,50,Resident50 Last50,5383
2024-12-11,2,Meadowbrook Senior Living,P2-U41,,,0
2024-12-11,2,Meadowbrook Senior Living,P2-U42,51,Resident51 Last51,6956
2024-12-11,2,Meadowbrook Senior Living,P2-U43,52,Resident52 Last52,4271
2024-12-11,2,Meadowbrook Senior Living,P2-U44,53,Resident53 Last53,6044
2024-12-11,2,Meadowbrook Senior Living,P2-U45,,,0
2024-12-11,2,Meadowbrook Senior Living,P2-U46,54,Resident54 Last54,4954
2024-12-11,2,Meadowbrook Senior Living,P2-U47,55,Resident55 Last55,7311
2024-12-11,2,Meadowbrook Senior Living,P2-U48,56,Resident56 Last56,3751
2024-12-11,2,Meadowbrook Senior Living,P2-U49,57,Resident57 Last57,3429
2024-12-11,2,Meadowbrook Senior Living,P2-U50,,,0
2024-12-11,3,Riverside Retirement Community,P3-U01,58,Resident58 Last58,6334
2024-12-11,3,Riverside Retirement Community,P3-U02,,,0
2024-12-11,3,Riverside Retirement Community,P3-U03,59,Resident59 Last59,3814
2024-12-11,3,Riverside Retirement Community,P3-U04,,,0
2024-12-11,3,Riverside Retirement Community,P3-U05,,,0
2024-12-11,3,Riverside Retirement Community,P3-U06,60,Resident60 Last60,4602
2024-12-11,3,Riverside Retirement Community,P3-U07,61,Resident61 Last61,3142
2024-12-11,3,Riverside Retirement Community,P3-U08,62,Resident62 Last62,5599
2024-12-11,3,Riverside Retirement Community,P3-U09,63,Resident63 Last63,4741
2024-12-11,3,Riverside Retirement Community,P3-U10,,,0
2024-12-11,3,Riverside Retirement Community,P3-U11,,,0
2024-12-11,3,Riverside Retirement Community,P3-U12,,,0
2024-12-11,3,Riverside Retirement Community,P3-U13,,,0
2024-12-11,3,Riverside Retirement Community,P3-U14,64,Resident64 Last64,4016
2024-12-11,3,Riverside Retirement Community,P3-U15,65,Resident65 Last65,5094
2024-12-11,3,Riverside Retirement Community,P3-U16,66,Resident66 Last66,7369
2024-12-11,3,Riverside Retirement Community,P3-U17,67,Resident67 Last67,5123
2024-12-11,3,Riverside Retirement Community,P3-U18,68,Resident68 Last68,5251
2024-12-11,3,Riverside Retirement Community,P3-U19,,,0
2024-12-11,3,Riverside Retirement Community,P3-U20,69,Resident69 Last69,3491
2024-12-11,3,Riverside Retirement Community,P3-U21,70,Resident70 Last70,4784
2024-12-11,3,Riverside Retirement Community,P3-U22,71,Resident71 Last71,3684
2024-12-11,3,Riverside Retirement Community,P3-U23,72,Resident72 Last72,3763
2024-12-11,3,Riverside Retirement Community,P3-U24,73,Resident73 Last73,3211
2024-12-11,3,Riverside Retirement Community,P3-U25,74,Resident74 Last74,6679
2024-12-11,3,Riverside Retirement Community,P3-U26,,,0
2024-12-11,3,Riverside Retirement Community,P3-U27,,,0
2024-12-11,3,Riverside Retirement Community,P3-U28,,,0
2024-12-11,3,Riverside Retirement Community,P3-U29,,,0
2024-12-11,3,Riverside Retirement Community,P3-U30,,,0
2024-12-11,3,Riverside Retirement Community,P3-U31,,,0
2024-12-11,3,Riverside Retirement Community,P3-U32,75,Resident75 Last75,6998
2024-12-11,3,Riverside Retirement Community,P3-U33,,,0
2024-12-11,3,Riverside Retirement Community,P3-U34,77,Resident77 Last77,4456
2024-12-11,3,Riverside Retirement Community,P3-U35,,,0
2024-12-11,3,Riverside Retirement Community,P3-U36,78,Resident78 Last78,6502
2024-12-11,3,Riverside Retirement Community,P3-U37,,,0
2024-12-11,3,Riverside Retirement Community,P3-U38,79,Resident79 Last79,7014
2024-12-11,3,Riverside Retirement Community,P3-U39,80,Resident80 Last80,4317
2024-12-11,3,Riverside Retirement Community,P3-U40,81,Resident81 Last81,5835
2024-12-11,3,Riverside Retirement Community,P3-U41,82,Resident82 Last82,3465
2024-12-11,3,Riverside Retirement Community,P3-U42,83,Resident83 Last83,4381
2024-12-11,3,Riverside Retirement Community,P3-U43,,,0
2024-12-11,3,Riverside Retirement Community,P3-U44,84,Resident84 Last84,6325
2024-12-11,3,Riverside Retirement Community,P3-U45,,,0
2024-12-11,3,Riverside Retirement Community,P3-U46,,,0
2024-12-11,3,Riverside Retirement Community,P3-U47,85,Resident85 Last85,6135
2024-12-11,3,Riverside Retirement Community,P3-U48,86,Resident86 Last86,4208
2024-12-11,3,Riverside Retirement Community,P3-U49,87,Resident87 Last87,4723
2024-12-11,3,Riverside Retirement Community,P3-U50,88,Resident88 Last88,3664
2024-12-12,1,Sunset Gardens,P1-U01,,,0
2024-12-12,1,Sunset Gardens,P1-U02,1,Resident1 Last1,4103
2024-12-12,1,Sunset Gardens,P1-U03,2,Resident2 Last2,4626
2024-12-12,1,Sunset Gardens,P1-U04,3,Resident3 Last3,3710
2024-12-12,1,Sunset Gardens,P1-U05,4,Resident4 Last4,4469
2024-12-12,1,Sunset Gardens,P1-U06,,,0
2024-12-12,1,Sunset Gardens,P1-U07,5,Resident5 Last5,6368
2024-12-12,1,Sunset Gardens,P1-U08,6,Resident6 Last6,4726
2024-12-12,1,Sunset Gardens,P1-U09,,,0
2024-12-12,1,Sunset Gardens,P1-U10,8,Resident8 Last8,5207
2024-12-12,1,Sunset Gardens,P1-U11,9,Resident9 Last9,6915
2024-12-12,1,Sunset Gardens,P1-U12,10,Resident10 Last10,3888
2024-12-12,1,Sunset Gardens,P1-U13,11,Resident11 Last11,4505
2024-12-12,1,Sunset Gardens,P1-U14,12,Resident12 Last12,6471
2024-12-12,1,Sunset Gardens,P1-U15,,,0
2024-12-12,1,Sunset Gardens,P1-U16,,,0
2024-12-12,1,Sunset Gardens,P1-U17,,,0
2024-12-12,1,Sunset Gardens,P1-U18,13,Resident13 Last13,3438
2024-12-12,1,Sunset Gardens,P1-U19,14,Resident14 Last14,5725
2024-12-12,1,Sunset Gardens,P1-U20,,,0
2024-12-12,1,Sunset Gardens,P1-U21,15,Resident15 Last15,7434
2024-12-12,1,Sunset Gardens,P1-U22,,,0
2024-12-12,1,Sunset Gardens,P1-U23,,,0
2024-12-12,1,Sunset Gardens,P1-U24,,,0
2024-12-12,1,Sunset Gardens,P1-U25,,,0
2024-12-12,1,Sunset Gardens,P1-U26,16,Resident16 Last16,5619
2024-12-12,1,Sunset Gardens,P1-U27,,,0
2024-12-12,1,Sunset Gardens,P1-U28,17,Resident17 Last17,4390
2024-12-12,1,Sunset Gardens,P1-U29,18,Resident18 Last18,3165
2024-12-12,1,Sunset Gardens,P1-U30,,,0
2024-12-12,1,Sunset Gardens,P1-U31,19,Resident19 Last19,3698
2024-12-12,1,Sunset Gardens,P1-U32,,,0
2024-12-12,1,Sunset Gardens,P1-U33,20,Resident20 Last20,4589
2024-12-12,1,Sunset Gardens,P1-U34,,,0
2024-12-12,1,Sunset Gardens,P1-U35,21,Resident21 Last21,6548
2024-12-12,1,Sunset Gardens,P1-U36,22,Resident22 Last22,5722
2024-12-12,1,Sunset Gardens,P1-U37,23,Resident23 Last23,6826
2024-12-12,1,Sunset Gardens,P1-U38,24,Resident24 Last24,5319
2024-12-12,1,Sunset Gardens,P1-U39,,,0
2024-12-12,1,Sunset Gardens,P1-U40,25,Resident25 Last25,3203
2024-12-12,1,Sunset Gardens,P1-U41,,,0
2024-12-12,1,Sunset Gardens,P1-U42,,,0
2024-12-12,1,Sunset Gardens,P1-U43,,,0
2024-12-12,1,Sunset Gardens,P1-U44,26,Resident26 Last26,4150
2024-12-12,1,Sunset Gardens,P1-U45,27,Resident27 Last27,3659
2024-12-12,1,Sunset Gardens,P1-U46,28,Resident28 Last28,4656
2024-12-12,1,Sunset Gardens,P1-U47,,,0
2024-12-12,1,Sunset Gardens,P1-U48,,,0
2024-12-12,1,Sunset Gardens,P1-U49,29,Resident29 Last29,4138
2024-12-12,1,Sunset Gardens,P1-U50,30,Resident30 Last30,6031
2024-12-12,2,Meadowbrook Senior Living,P2-U01,,,0
2024-12-12,2,Meadowbrook Senior Living,P2-U02,31,Resident31 Last31,3643
2024-12-12,2,Meadowbrook Senior Living,P2-U03,,,0
2024-12-12,2,Meadowbrook Senior Living,P2-U04,,,0
2024-12-12,2,Meadowbrook Senior Living,P2-U05,32,Resident32 Last32,5524
2024-12-12,2,Meadowbrook Senior Living,P2-U06,,,0
2024-12-12,2,Meadowbrook Senior Living,P2-U07,,,0
2024-12-12,2,Meadowbrook Senior Living,P2-U08,33,Resident33 Last33,7164
2024-12-12,2,Meadowbrook Senior Living,P2-U09,34,Resident34 Last34,6565
2024-12-12,2,Meadowbrook Senior Living,P2-U10,,,0
2024-12-12,2,Meadowbrook Senior Living,P2-U11,,,0
2024-12-12,2,Meadowbrook Senior Living,P2-U12,35,Resident35 Last35,5476
2024-12-12,2,Meadowbrook Senior Living,P2-U13,36,Resident36 Last36,4795
2024-12-12,2,Meadowbrook Senior Living,P2-U14,37,Resident37 Last37,6972
2024-12-12,2,Meadowbrook Senior Living,P2-U15,,,0
2024-12-12,2,Meadowbrook Senior Living,P2-U16,38,Resident38 Last38,6144
2024-12-12,2,Meadowbrook Senior Living,P2-U17,39,Resident39 Last39,3646
2024-12-12,2,Meadowbrook Senior Living,P2-U18,40,Resident40 Last40,6397
2024-12-12,2,Meadowbrook Senior Living,P2-U19,,,0
2024-12-12,2,Meadowbrook Senior Living,P2-U20,41,Resident41 Last41,3058
2024-12-12,2,Meadowbrook Senior Living,P2-U21,42,Resident42 Last42,4782
2024-12-12,2,Meadowbrook Senior Living,P2-U22,43,Resident43 Last43,5894
2024-12-12,2,Meadowbrook Senior Living,P2-U23,,,0
2024-12-12,2,Meadowbrook Senior Living,P2-U24,44,Resident44 Last44,7471
2024-12-12,2,Meadowbrook Senior Living,P2-U25,45,Resident45 Last45,5210
2024-12-12,2,Meadowbrook Senior Living,P2-U26,,,0
2024-12-12,2,Meadowbrook Senior Living,P2-U27,,,0
2024-12-12,2,Meadowbrook Senior Living,P2-U28,,,0
2024-12-12,2,Meadowbrook Senior Living,P2-U29,,,0
2024-12-12,2,Meadowbrook Senior Living,P2-U30,,,0
2024-12-12,2,Meadowbrook Senior Living,P2-U31,,,0
2024-12-12,2,Meadowbrook Senior Living,P2-U32,,,0
2024-12-12,2,Meadowbrook Senior Living,P2-U33,46,Resident46 Last46,4824
2024-12-12,2,Meadowbrook Senior Living,P2-U34,,,0
2024-12-12,2,Meadowbrook Senior Living,P2-U35,,,0
2024-12-12,2,Meadowbrook Senior Living,P2-U36,,,0
2024-12-12,2,Meadowbrook Senior Living,P2-U37,47,Resident47 Last47,5894
2024-12-12,2,Meadowbrook Senior Living,P2-U38,48,Resident48 Last48,3847
2024-12-12,2,Meadowbrook Senior Living,P2-U39,49,Resident49 Last49,3512
2024-12-12,2,Meadowbrook Senior Living,P2-U40,50,Resident50 Last50,5383
2024-12-12,2,Meadowbrook Senior Living,P2-U41,,,0
2024-12-12,2,Meadowbrook Senior Living,P2-U42,51,Resident51 Last51,6956
2024-12-12,2,Meadowbrook Senior Living,P2-U43,52,Resident52 Last52,4271
2024-12-12,2,Meadowbrook Senior Living,P2-U44,53,Resident53 Last53,6044
2024-12-12,2,Meadowbrook Senior Living,P2-U45,,,0
2024-12-12,2,Meadowbrook Senior Living,P2-U46,54,Resident54 Last54,4954
2024-12-12,2,Meadowbrook Senior Living,P2-U47,55,Resident55 Last55,7311
2024-12-12,2,Meadowbrook Senior Living,P2-U48,56,Resident56 Last56,3751
2024-12-12,2,Meadowbrook Senior Living,P2-U49,57,Resident57 Last57,3429
2024-12-12,2,Meadowbrook Senior Living,P2-U50,,,0
2024-12-12,3,Riverside Retirement Community,P3-U01,58,Resident58 Last58,6334
2024-12-12,3,Riverside Retirement Community,P3-U02,,,0
2024-12-12,3,Riverside Retirement Community,P3-U03,59,Resident59 Last59,3814
2024-12-12,3,Riverside Retirement Community,P3-U04,,,0
2024-12-12,3,Riverside Retirement Community,P3-U05,,,0
2024-12-12,3,Riverside Retirement Community,P3-U06,60,Resident60 Last60,4602
2024-12-12,3,Riverside Retirement Community,P3-U07,61,Resident61 Last61,3142
2024-12-12,3,Riverside Retirement Community,P3-U08,62,Resident62 Last62,5599
2024-12-12,3,Riverside Retirement Community,P3-U09,63,Resident63 Last63,4741
2024-12-12,3,Riverside Retirement Community,P3-U10,,,0
2024-12-12,3,Riverside Retirement Community,P3-U11,,,0
2024-12-12,3,Riverside Retirement Community,P3-U12,,,0
2024-12-12,3,Riverside Retirement Community,P3-U13,,,0
2024-12-12,3,Riverside Retirement Community,P3-U14,64,Resident64 Last64,4016
2024-12-12,3,Riverside Retirement Community,P3-U15,65,Resident65 Last65,5094
2024-12-12,3,Riverside Retirement Community,P3-U16,66,Resident66 Last66,7369
2024-12-12,3,Riverside Retirement Community,P3-U17,67,Resident67 Last67,5123
2024-12-12,3,Riverside Retirement Community,P3-U18,68,Resident68 Last68,5251
2024-12-12,3,Riverside Retirement Community,P3-U19,,,0
2024-12-12,3,Riverside Retirement Community,P3-U20,69,Resident69 Last69,3491
2024-12-12,3,Riverside Retirement Community,P3-U21,70,Resident70 Last70,4784
2024-12-12,3,Riverside Retirement Community,P3-U22,71,Resident71 Last71,3684
2024-12-12,3,Riverside Retirement Community,P3-U23,72,Resident72 Last72,3763
2024-12-12,3,Riverside Retirement Community,P3-U24,73,Resident73 Last73,3211
2024-12-12,3,Riverside Retirement Community,P3-U25,74,Resident74 Last74,6679
2024-12-12,3,Riverside Retirement Community,P3-U26,,,0
2024-12-12,3,Riverside Retirement Community,P3-U27,,,0
2024-12-12,3,Riverside Retirement Community,P3-U28,,,0
2024-12-12,3,Riverside Retirement Community,P3-U29,,,0
2024-12-12,3,Riverside Retirement Community,P3-U30,,,0
2024-12-12,3,Riverside Retirement Community,P3-U31,,,0
2024-12-12,3,Riverside Retirement Community,P3-U32,75,Resident75 Last75,6998
2024-12-12,3,Riverside Retirement Community,P3-U33,,,0
2024-12-12,3,Riverside Retirement Community,P3-U34,77,Resident77 Last77,4456
2024-12-12,3,Riverside Retirement Community,P3-U35,,,0
2024-12-12,3,Riverside Retirement Community,P3-U36,78,Resident78 Last78,6502
2024-12-12,3,Riverside Retirement Community,P3-U37,,,0
2024-12-12,3,Riverside Retirement Community,P3-U38,79,Resident79 Last79,7014
2024-12-12,3,Riverside Retirement Community,P3-U39,80,Resident80 Last80,4317
2024-12-12,3,Riverside Retirement Community,P3-U40,81,Resident81 Last81,5835
2024-12-12,3,Riverside Retirement Community,P3-U41,82,Resident82 Last82,3465
2024-12-12,3,Riverside Retirement Community,P3-U42,83,Resident83 Last83,4381
2024-12-12,3,Riverside Retirement Community,P3-U43,,,0
2024-12-12,3,Riverside Retirement Community,P3-U44,84,Resident84 Last84,6325
2024-12-12,3,Riverside Retirement Community,P3-U45,,,0
2024-12-12,3,Riverside Retirement Community,P3-U46,,,0
2024-12-12,3,Riverside Retirement Community,P3-U47,85,Resident85 Last85,6135
2024-12-12,3,Riverside Retirement Community,P3-U48,86,Resident86 Last86,4208
2024-12-12,3,Riverside Retirement Community,P3-U49,87,Resident87 Last87,4723
2024-12-12,3,Riverside Retirement Community,P3-U50,88,Resident88 Last88,3664
2024-12-13,1,Sunset Gardens,P1-U01,,,0
2024-12-13,1,Sunset Gardens,P1-U02,1,Resident1 Last1,4103
2024-12-13,1,Sunset Gardens,P1-U03,2,Resident2 Last2,4626
2024-12-13,1,Sunset Gardens,P1-U04,3,Resident3 Last3,3710
2024-12-13,1,Sunset Gardens,P1-U05,4,Resident4 Last4,4469
2024-12-13,1,Sunset Gardens,P1-U06,,,0
2024-12-13,1,Sunset Gardens,P1-U07,5,Resident5 Last5,6368
2024-12-13,1,Sunset Gardens,P1-U08,6,Resident6 Last6,4726
2024-12-13,1,Sunset Gardens,P1-U09,,,0
2024-12-13,1,Sunset Gardens,P1-U10,8,Resident8 Last8,5207
2024-12-13,1,Sunset Gardens,P1-U11,9,Resident9 Last9,6915
2024-12-13,1,Sunset Gardens,P1-U12,10,Resident10 Last10,3888
2024-12-13,1,Sunset Gardens,P1-U13,11,Resident11 Last11,4505
2024-12-13,1,Sunset Gardens,P1-U14,12,Resident12 Last12,6471
2024-12-13,1,Sunset Gardens,P1-U15,,,0
2024-12-13,1,Sunset Gardens,P1-U16,,,0
2024-12-13,1,Sunset Gardens,P1-U17,,,0
2024-12-13,1,Sunset Gardens,P1-U18,13,Resident13 Last13,3438
2024-12-13,1,Sunset Gardens,P1-U19,14,Resident14 Last14,5725
2024-12-13,1,Sunset Gardens,P1-U20,,,0
2024-12-13,1,Sunset Gardens,P1-U21,15,Resident15 Last15,7434
2024-12-13,1,Sunset Gardens,P1-U22,,,0
2024-12-13,1,Sunset Gardens,P1-U23,,,0
2024-12-13,1,Sunset Gardens,P1-U24,,,0
2024-12-13,1,Sunset Gardens,P1-U25,,,0
2024-12-13,1,Sunset Gardens,P1-U26,16,Resident16 Last16,5619
2024-12-13,1,Sunset Gardens,P1-U27,,,0
2024-12-13,1,Sunset Gardens,P1-U28,17,Resident17 Last17,4390
2024-12-13,1,Sunset Gardens,P1-U29,18,Resident18 Last18,3165
2024-12-13,1,Sunset Gardens,P1-U30,,,0
2024-12-13,1,Sunset Gardens,P1-U31,19,Resident19 Last19,3698
2024-12-13,1,Sunset Gardens,P1-U32,,,0
2024-12-13,1,Sunset Gardens,P1-U33,20,Resident20 Last20,4589
2024-12-13,1,Sunset Gardens,P1-U34,,,0
2024-12-13,1,Sunset Gardens,P1-U35,21,Resident21 Last21,6548
2024-12-13,1,Sunset Gardens,P1-U36,22,Resident22 Last22,5722
2024-12-13,1,Sunset Gardens,P1-U37,23,Resident23 Last23,6826
2024-12-13,1,Sunset Gardens,P1-U38,24,Resident24 Last24,5319
2024-12-13,1,Sunset Gardens,P1-U39,,,0
2024-12-13,1,Sunset Gardens,P1-U40,25,Resident25 Last25,3203
2024-12-13,1,Sunset Gardens,P1-U41,,,0
2024-12-13,1,Sunset Gardens,P1-U42,,,0
2024-12-13,1,Sunset Gardens,P1-U43,,,0
2024-12-13,1,Sunset Gardens,P1-U44,26,Resident26 Last26,4150
2024-12-13,1,Sunset Gardens,P1-U45,27,Resident27 Last27,3659
2024-12-13,1,Sunset Gardens,P1-U46,28,Resident28 Last28,4656
2024-12-13,1,Sunset Gardens,P1-U47,,,0
2024-12-13,1,Sunset Gardens,P1-U48,,,0
2024-12-13,1,Sunset Gardens,P1-U49,29,Resident29 Last29,4138
2024-12-13,1,Sunset Gardens,P1-U50,30,Resident30 Last30,6031
2024-12-13,2,Meadowbrook Senior Living,P2-U01,,,0
2024-12-13,2,Meadowbrook Senior Living,P2-U02,31,Resident31 Last31,3643
2024-12-13,2,Meadowbrook Senior Living,P2-U03,,,0
2024-12-13,2,Meadowbrook Senior Living,P2-U04,,,0
2024-12-13,2,Meadowbrook Senior Living,P2-U05,32,Resident32 Last32,5524
2024-12-13,2,Meadowbrook Senior Living,P2-U06,,,0
2024-12-13,2,Meadowbrook Senior Living,P2-U07,,,0
2024-12-13,2,Meadowbrook Senior Living,P2-U08,33,Resident33 Last33,7164
2024-12-13,2,Meadowbrook Senior Living,P2-U09,34,Resident34 Last34,6565
2024-12-13,2,Meadowbrook Senior Living,P2-U10,,,0
2024-12-13,2,Meadowbrook Senior Living,P2-U11,,,0
2024-12-13,2,Meadowbrook Senior Living,P2-U12,35,Resident35 Last35,5476
2024-12-13,2,Meadowbrook Senior Living,P2-U13,36,Resident36 Last36,4795
2024-12-13,2,Meadowbrook Senior Living,P2-U14,37,Resident37 Last37,6972
2024-12-13,2,Meadowbrook Senior Living,P2-U15,,,0
2024-12-13,2,Meadowbrook Senior Living,P2-U16,38,Resident38 Last38,6144
2024-12-13,2,Meadowbrook Senior Living,P2-U17,39,Resident39 Last39,3646
2024-12-13,2,Meadowbrook Senior Living,P2-U18,40,Resident40 Last40,6397
2024-12-13,2,Meadowbrook Senior Living,P2-U19,,,0
2024-12-13,2,Meadowbrook Senior Living,P2-U20,41,Resident41 Last41,3058
2024-12-13,2,Meadowbrook Senior Living,P2-U21,42,Resident42 Last42,4782
2024-12-13,2,Meadowbrook Senior Living,P2-U22,43,Resident43 Last43,5894
2024-12-13,2,Meadowbrook Senior Living,P2-U23,,,0
2024-12-13,2,Meadowbrook Senior Living,P2-U24,44,Resident44 Last44,7471
2024-12-13,2,Meadowbrook Senior Living,P2-U25,45,Resident45 Last45,5210
2024-12-13,2,Meadowbrook Senior Living,P2-U26,,,0
2024-12-13,2,Meadowbrook Senior Living,P2-U27,,,0
2024-12-13,2,Meadowbrook Senior Living,P2-U28,,,0
2024-12-13,2,Meadowbrook Senior Living,P2-U29,,,0
2024-12-13,2,Meadowbrook Senior Living,P2-U30,,,0
2024-12-13,2,Meadowbrook Senior Living,P2-U31,,,0
2024-12-13,2,Meadowbrook Senior Living,P2-U32,,,0
2024-12-13,2,Meadowbrook Senior Living,P2-U33,46,Resident46 Last46,4824
2024-12-13,2,Meadowbrook Senior Living,P2-U34,,,0
2024-12-13,2,Meadowbrook Senior Living,P2-U35,,,0
2024-12-13,2,Meadowbrook Senior Living,P2-U36,,,0
2024-12-13,2,Meadowbrook Senior Living,P2-U37,47,Resident47 Last47,5894
2024-12-13,2,Meadowbrook Senior Living,P2-U38,48,Resident48 Last48,3847
2024-12-13,2,Meadowbrook Senior Living,P2-U39,49,Resident49 Last49,3512
2024-12-13,2,Meadowbrook Senior Living,P2-U40,50,Resident50 Last50,5383
2024-12-13,2,Meadowbrook Senior Living,P2-U41,,,0
2024-12-13,2,Meadowbrook Senior Living,P2-U42,51,Resident51 Last51,6956
2024-12-13,2,Meadowbrook Senior Living,P2-U43,52,Resident52 Last52,4271
2024-12-13,2,Meadowbrook Senior Living,P2-U44,53,Resident53 Last53,6044
2024-12-13,2,Meadowbrook Senior Living,P2-U45,,,0
2024-12-13,2,Meadowbrook Senior Living,P2-U46,54,Resident54 Last54,4954
2024-12-13,2,Meadowbrook Senior Living,P2-U47,55,Resident55 Last55,7311
2024-12-13,2,Meadowbrook Senior Living,P2-U48,56,Resident56 Last56,3751
2024-12-13,2,Meadowbrook Senior Living,P2-U49,57,Resident57 Last57,3429
2024-12-13,2,Meadowbrook Senior Living,P2-U50,,,0
2024-12-13,3,Riverside Retirement Community,P3-U01,58,Resident58 Last58,6334
2024-12-13,3,Riverside Retirement Community,P3-U02,,,0
2024-12-13,3,Riverside Retirement Community,P3-U03,,,0
2024-12-13,3,Riverside Retirement Community,P3-U04,,,0
2024-12-13,3,Riverside Retirement Community,P3-U05,,,0
2024-12-13,3,Riverside Retirement Community,P3-U06,60,Resident60 Last60,4602
2024-12-13,3,Riverside Retirement Community,P3-U07,61,Resident61 Last61,3142
2024-12-13,3,Riverside Retirement Community,P3-U08,62,Resident62 Last62,5599
2024-12-13,3,Riverside Retirement Community,P3-U09,63,Resident63 Last63,4741
2024-12-13,3,Riverside Retirement Community,P3-U10,,,0
2024-12-13,3,Riverside Retirement Community,P3-U11,,,0
2024-12-13,3,Riverside Retirement Community,P3-U12,,,0
2024-12-13,3,Riverside Retirement Community,P3-U13,,,0
2024-12-13,3,Riverside Retirement Community,P3-U14,64,Resident64 Last64,4016
2024-12-13,3,Riverside Retirement Community,P3-U15,65,Resident65 Last65,5094
2024-12-13,3,Riverside Retirement Community,P3-U16,66,Resident66 Last66,7369
2024-12-13,3,Riverside Retirement Community,P3-U17,67,Resident67 Last67,5123
2024-12-13,3,Riverside Retirement Community,P3-U18,,,0
2024-12-13,3,Riverside Retirement Community,P3-U19,,,0
2024-12-13,3,Riverside Retirement Community,P3-U20,69,Resident69 Last69,3491
2024-12-13,3,Riverside Retirement Community,P3-U21,70,Resident70 Last70,4784
2024-12-13,3,Riverside Retirement Community,P3-U22,71,Resident71 Last71,3684
2024-12-13,3,Riverside Retirement Community,P3-U23,72,Resident72 Last72,3763
2024-12-13,3,Riverside Retirement Community,P3-U24,73,Resident73 Last73,3211
2024-12-13,3,Riverside Retirement Community,P3-U25,74,Resident74 Last74,6679
2024-12-13,3,Riverside Retirement Community,P3-U26,,,0
2024-12-13,3,Riverside Retirement Community,P3-U27,,,0
2024-12-13,3,Riverside Retirement Community,P3-U28,,,0
2024-12-13,3,Riverside Retirement Community,P3-U29,,,0
2024-12-13,3,Riverside Retirement Community,P3-U30,,,0
2024-12-13,3,Riverside Retirement Community,P3-U31,,,0
2024-12-13,3,Riverside Retirement Community,P3-U32,75,Resident75 Last75,6998
2024-12-13,3,Riverside Retirement Community,P3-U33,,,0
2024-12-13,3,Riverside Retirement Community,P3-U34,77,Resident77 Last77,4456
2024-12-13,3,Riverside Retirement Community,P3-U35,,,0
2024-12-13,3,Riverside Retirement Community,P3-U36,78,Resident78 Last78,6502
2024-12-13,3,Riverside Retirement Community,P3-U37,,,0
2024-12-13,3,Riverside Retirement Community,P3-U38,79,Resident79 Last79,7014
2024-12-13,3,Riverside Retirement Community,P3-U39,80,Resident80 Last80,4317
2024-12-13,3,Riverside Retirement Community,P3-U40,81,Resident81 Last81,5835
2024-12-13,3,Riverside Retirement Community,P3-U41,82,Resident82 Last82,3465
2024-12-13,3,Riverside Retirement Community,P3-U42,83,Resident83 Last83,4381
2024-12-13,3,Riverside Retirement Community,P3-U43,,,0
2024-12-13,3,Riverside Retirement Community,P3-U44,84,Resident84 Last84,6325
2024-12-13,3,Riverside Retirement Community,P3-U45,,,0
2024-12-13,3,Riverside Retirement Community,P3-U46,,,0
2024-12-13,3,Riverside Retirement Community,P3-U47,85,Resident85 Last85,6135
2024-12-13,3,Riverside Retirement Community,P3-U48,86,Resident86 Last86,4208
2024-12-13,3,Riverside Retirement Community,P3-U49,87,Resident87 Last87,4723
2024-12-13,3,Riverside Retirement Community,P3-U50,88,Resident88 Last88,3664
2024-12-14,1,Sunset Gardens,P1-U01,,,0
2024-12-14,1,Sunset Gardens,P1-U02,1,Resident1 Last1,4103
2024-12-14,1,Sunset Gardens,P1-U03,2,Resident2 Last2,4626
2024-12-14,1,Sunset Gardens,P1-U04,3,Resident3 Last3,3710
2024-12-14,1,Sunset Gardens,P1-U05,4,Resident4 Last4,4469
2024-12-14,1,Sunset Gardens,P1-U06,,,0
2024-12-14,1,Sunset Gardens,P1-U07,5,Resident5 Last5,6368
2024-12-14,1,Sunset Gardens,P1-U08,6,Resident6 Last6,4726
2024-12-14,1,Sunset Gardens,P1-U09,,,0
2024-12-14,1,Sunset Gardens,P1-U10,8,Resident8 Last8,5207
2024-12-14,1,Sunset Gardens,P1-U11,9,Resident9 Last9,6915
2024-12-14,1,Sunset Gardens,P1-U12,10,Resident10 Last10,3888
2024-12-14,1,Sunset Gardens,P1-U13,11,Resident11 Last11,4505
2024-12-14,1,Sunset Gardens,P1-U14,12,Resident12 Last12,6471
2024-12-14,1,Sunset Gardens,P1-U15,,,0
2024-12-14,1,Sunset Gardens,P1-U16,,,0
2024-12-14,1,Sunset Gardens,P1-U17,,,0
2024-12-14,1,Sunset Gardens,P1-U18,13,Resident13 Last13,3438
2024-12-14,1,Sunset Gardens,P1-U19,14,Resident14 Last14,5725
2024-12-14,1,Sunset Gardens,P1-U20,,,0
2024-12-14,1,Sunset Gardens,P1-U21,15,Resident15 Last15,7434
2024-12-14,1,Sunset Gardens,P1-U22,,,0
2024-12-14,1,Sunset Gardens,P1-U23,,,0
2024-12-14,1,Sunset Gardens,P1-U24,,,0
2024-12-14,1,Sunset Gardens,P1-U25,,,0
2024-12-14,1,Sunset Gardens,P1-U26,16,Resident16 Last16,5619
2024-12-14,1,Sunset Gardens,P1-U27,,,0
2024-12-14,1,Sunset Gardens,P1-U28,17,Resident17 Last17,4390
2024-12-14,1,Sunset Gardens,P1-U29,18,Resident18 Last18,3165
2024-12-14,1,Sunset Gardens,P1-U30,,,0
2024-12-14,1,Sunset Gardens,P1-U31,19,Resident19 Last19,3698
2024-12-14,1,Sunset Gardens,P1-U32,,,0
2024-12-14,1,Sunset Gardens,P1-U33,20,Resident20 Last20,4589
2024-12-14,1,Sunset Gardens,P1-U34,,,0
2024-12-14,1,Sunset Gardens,P1-U35,21,Resident21 Last21,6548
2024-12-14,1,Sunset Gardens,P1-U36,22,Resident22 Last22,5722
2024-12-14,1,Sunset Gardens,P1-U37,23,Resident23 Last23,6826
2024-12-14,1,Sunset Gardens,P1-U38,24,Resident24 Last24,5319
2024-12-14,1,Sunset Gardens,P1-U39,,,0
2024-12-14,1,Sunset Gardens,P1-U40,25,Resident25 Last25,3203
2024-12-14,1,Sunset Gardens,P1-U41,,,0
2024-12-14,1,Sunset Gardens,P1-U42,,,0
2024-12-14,1,Sunset Gardens,P1-U43,,,0
2024-12-14,1,Sunset Gardens,P1-U44,26,Resident26 Last26,4150
2024-12-14,1,Sunset Gardens,P1-U45,27,Resident27 Last27,3659
2024-12-14,1,Sunset Gardens,P1-U46,28,Resident28 Last28,4656
2024-12-14,1,Sunset Gardens,P1-U47,,,0
2024-12-14,1,Sunset Gardens,P1-U48,,,0
2024-12-14,1,Sunset Gardens,P1-U49,29,Resident29 Last29,4138
2024-12-14,1,Sunset Gardens,P1-U50,30,Resident30 Last30,6031
2024-12-14,2,Meadowbrook Senior Living,P2-U01,,,0
2024-12-14,2,Meadowbrook Senior Living,P2-U02,31,Resident31 Last31,3643
2024-12-14,2,Meadowbrook Senior Living,P2-U03,,,0
2024-12-14,2,Meadowbrook Senior Living,P2-U04,,,0
2024-12-14,2,Meadowbrook Senior Living,P2-U05,32,Resident32 Last32,5524
2024-12-14,2,Meadowbrook Senior Living,P2-U06,,,0
2024-12-14,2,Meadowbrook Senior Living,P2-U07,,,0
2024-12-14,2,Meadowbrook Senior Living,P2-U08,33,Resident33 Last33,7164
2024-12-14,2,Meadowbrook Senior Living,P2-U09,34,Resident34 Last34,6565
2024-12-14,2,Meadowbrook Senior Living,P2-U10,,,0
2024-12-14,2,Meadowbrook Senior Living,P2-U11,,,0
2024-12-14,2,Meadowbrook Senior Living,P2-U12,35,Resident35 Last35,5476
2024-12-14,2,Meadowbrook Senior Living,P2-U13,36,Resident36 Last36,4795
2024-12-14,2,Meadowbrook Senior Living,P2-U14,37,Resident37 Last37,6972
2024-12-14,2,Meadowbrook Senior Living,P2-U15,,,0
2024-12-14,2,Meadowbrook Senior Living,P2-U16,38,Resident38 Last38,6144
2024-12-14,2,Meadowbrook Senior Living,P2-U17,39,Resident39 Last39,3646
2024-12-14,2,Meadowbrook Senior Living,P2-U18,40,Resident40 Last40,6397
2024-12-14,2,Meadowbrook Senior Living,P2-U19,,,0
2024-12-14,2,Meadowbrook Senior Living,P2-U20,41,Resident41 Last41,3058
2024-12-14,2,Meadowbrook Senior Living,P2-U21,42,Resident42 Last42,4782
2024-12-14,2,Meadowbrook Senior Living,P2-U22,43,Resident43 Last43,5894
2024-12-14,2,Meadowbrook Senior Living,P2-U23,,,0
2024-12-14,2,Meadowbrook Senior Living,P2-U24,44,Resident44 Last44,7471
2024-12-14,2,Meadowbrook Senior Living,P2-U25,45,Resident45 Last45,5210
2024-12-14,2,Meadowbrook Senior Living,P2-U26,,,0
2024-12-14,2,Meadowbrook Senior Living,P2-U27,,,0
2024-12-14,2,Meadowbrook Senior Living,P2-U28,,,0
2024-12-14,2,Meadowbrook Senior Living,P2-U29,,,0
2024-12-14,2,Meadowbrook Senior Living,P2-U30,,,0
2024-12-14,2,Meadowbrook Senior Living,P2-U31,,,0
2024-12-14,2,Meadowbrook Senior Living,P2-U32,,,0
2024-12-14,2,Meadowbrook Senior Living,P2-U33,46,Resident46 Last46,4824
2024-12-14,2,Meadowbrook Senior Living,P2-U34,,,0
2024-12-14,2,Meadowbrook Senior Living,P2-U35,,,0
2024-12-14,2,Meadowbrook Senior Living,P2-U36,,,0
2024-12-14,2,Meadowbrook Senior Living,P2-U37,47,Resident47 Last47,5894
2024-12-14,2,Meadowbrook Senior Living,P2-U38,48,Resident48 Last48,3847
2024-12-14,2,Meadowbrook Senior Living,P2-U39,49,Resident49 Last49,3512
2024-12-14,2,Meadowbrook Senior Living,P2-U40,50,Resident50 Last50,5383
2024-12-14,2,Meadowbrook Senior Living,P2-U41,,,0
2024-12-14,2,Meadowbrook Senior Living,P2-U42,51,Resident51 Last51,6956
2024-12-14,2,Meadowbrook Senior Living,P2-U43,52,Resident52 Last52,4271
2024-12-14,2,Meadowbrook Senior Living,P2-U44,53,Resident53 Last53,6044
2024-12-14,2,Meadowbrook Senior Living,P2-U45,,,0
2024-12-14,2,Meadowbrook Senior Living,P2-U46,54,Resident54 Last54,4954
2024-12-14,2,Meadowbrook Senior Living,P2-U47,55,Resident55 Last55,7311
2024-12-14,2,Meadowbrook Senior Living,P2-U48,56,Resident56 Last56,3751
2024-12-14,2,Meadowbrook Senior Living,P2-U49,57,Resident57 Last57,3429
2024-12-14,2,Meadowbrook Senior Living,P2-U50,,,0
2024-12-14,3,Riverside Retirement Community,P3-U01,58,Resident58 Last58,6334
2024-12-14,3,Riverside Retirement Community,P3-U02,,,0
2024-12-14,3,Riverside Retirement Community,P3-U03,,,0
2024-12-14,3,Riverside Retirement Community,P3-U04,,,0
2024-12-14,3,Riverside Retirement Community,P3-U05,,,0
2024-12-14,3,Riverside Retirement Community,P3-U06,60,Resident60 Last60,4602
2024-12-14,3,Riverside Retirement Community,P3-U07,61,Resident61 Last61,3142
2024-12-14,3,Riverside Retirement Community,P3-U08,62,Resident62 Last62,5599
2024-12-14,3,Riverside Retirement Community,P3-U09,63,Resident63 Last63,4741
2024-12-14,3,Riverside Retirement Community,P3-U10,,,0
2024-12-14,3,Riverside Retirement Community,P3-U11,,,0
2024-12-14,3,Riverside Retirement Community,P3-U12,,,0
2024-12-14,3,Riverside Retirement Community,P3-U13,,,0
2024-12-14,3,Riverside Retirement Community,P3-U14,64,Resident64 Last64,4016
2024-12-14,3,Riverside Retirement Community,P3-U15,65,Resident65 Last65,5094
2024-12-14,3,Riverside Retirement Community,P3-U16,66,Resident66 Last66,7369
2024-12-14,3,Riverside Retirement Community,P3-U17,67,Resident67 Last67,5123
2024-12-14,3,Riverside Retirement Community,P3-U18,,,0
2024-12-14,3,Riverside Retirement Community,P3-U19,,,0
2024-12-14,3,Riverside Retirement Community,P3-U20,69,Resident69 Last69,3491
2024-12-14,3,Riverside Retirement Community,P3-U21,70,Resident70 Last70,4784
2024-12-14,3,Riverside Retirement Community,P3-U22,71,Resident71 Last71,3684
2024-12-14,3,Riverside Retirement Community,P3-U23,72,Resident72 Last72,3763
2024-12-14,3,Riverside Retirement Community,P3-U24,73,Resident73 Last73,3211
2024-12-14,3,Riverside Retirement Community,P3-U25,74,Resident74 Last74,6679
2024-12-14,3,Riverside Retirement Community,P3-U26,,,0
2024-12-14,3,Riverside Retirement Community,P3-U27,,,0
2024-12-14,3,Riverside Retirement Community,P3-U28,,,0
2024-12-14,3,Riverside Retirement Community,P3-U29,,,0
2024-12-14,3,Riverside Retirement Community,P3-U30,,,0
2024-12-14,3,Riverside Retirement Community,P3-U31,,,0
2024-12-14,3,Riverside Retirement Community,P3-U32,75,Resident75 Last75,6998
2024-12-14,3,Riverside Retirement Community,P3-U33,,,0
2024-12-14,3,Riverside Retirement Community,P3-U34,77,Resident77 Last77,4456
2024-12-14,3,Riverside Retirement Community,P3-U35,,,0
2024-12-14,3,Riverside Retirement Community,P3-U36,78,Resident78 Last78,6502
2024-12-14,3,Riverside Retirement Community,P3-U37,,,0
2024-12-14,3,Riverside Retirement Community,P3-U38,79,Resident79 Last79,7014
2024-12-14,3,Riverside Retirement Community,P3-U39,80,Resident80 Last80,4317
2024-12-14,3,Riverside Retirement Community,P3-U40,81,Resident81 Last81,5835
2024-12-14,3,Riverside Retirement Community,P3-U41,82,Resident82 Last82,3465
2024-12-14,3,Riverside Retirement Community,P3-U42,83,Resident83 Last83,4381
2024-12-14,3,Riverside Retirement Community,P3-U43,,,0
2024-12-14,3,Riverside Retirement Community,P3-U44,84,Resident84 Last84,6325
2024-12-14,3,Riverside Retirement Community,P3-U45,,,0
2024-12-14,3,Riverside Retirement Community,P3-U46,,,0
2024-12-14,3,Riverside Retirement Community,P3-U47,85,Resident85 Last85,6135
2024-12-14,3,Riverside Retirement Community,P3-U48,86,Resident86 Last86,4208
2024-12-14,3,Riverside Retirement Community,P3-U49,87,Resident87 Last87,4723
2024-12-14,3,Riverside Retirement Community,P3-U50,88,Resident88 Last88,3664
2024-12-15,1,Sunset Gardens,P1-U01,,,0
2024-12-15,1,Sunset Gardens,P1-U02,1,Resident1 Last1,4103
2024-12-15,1,Sunset Gardens,P1-U03,2,Resident2 Last2,4626
2024-12-15,1,Sunset Gardens,P1-U04,3,Resident3 Last3,3710
2024-12-15,1,Sunset Gardens,P1-U05,4,Resident4 Last4,4469
2024-12-15,1,Sunset Gardens,P1-U06,,,0
2024-12-15,1,Sunset Gardens,P1-U07,5,Resident5 Last5,6368
2024-12-15,1,Sunset Gardens,P1-U08,6,Resident6 Last6,4726
2024-12-15,1,Sunset Gardens,P1-U09,,,0
2024-12-15,1,Sunset Gardens,P1-U10,8,Resident8 Last8,5207
2024-12-15,1,Sunset Gardens,P1-U11,9,Resident9 Last9,6915
2024-12-15,1,Sunset Gardens,P1-U12,10,Resident10 Last10,3888
2024-12-15,1,Sunset Gardens,P1-U13,11,Resident11 Last11,4505
2024-12-15,1,Sunset Gardens,P1-U14,12,Resident12 Last12,6471
2024-12-15,1,Sunset Gardens,P1-U15,,,0
2024-12-15,1,Sunset Gardens,P1-U16,,,0
2024-12-15,1,Sunset Gardens,P1-U17,,,0
2024-12-15,1,Sunset Gardens,P1-U18,13,Resident13 Last13,3438
2024-12-15,1,Sunset Gardens,P1-U19,14,Resident14 Last14,5725
2024-12-15,1,Sunset Gardens,P1-U20,,,0
2024-12-15,1,Sunset Gardens,P1-U21,15,Resident15 Last15,7434
2024-12-15,1,Sunset Gardens,P1-U22,,,0
2024-12-15,1,Sunset Gardens,P1-U23,,,0
2024-12-15,1,Sunset Gardens,P1-U24,,,0
2024-12-15,1,Sunset Gardens,P1-U25,,,0
2024-12-15,1,Sunset Gardens,P1-U26,16,Resident16 Last16,5619
2024-12-15,1,Sunset Gardens,P1-U27,,,0
2024-12-15,1,Sunset Gardens,P1-U28,17,Resident17 Last17,4390
2024-12-15,1,Sunset Gardens,P1-U29,18,Resident18 Last18,3165
2024-12-15,1,Sunset Gardens,P1-U30,,,0
2024-12-15,1,Sunset Gardens,P1-U31,19,Resident19 Last19,3698
2024-12-15,1,Sunset Gardens,P1-U32,,,0
2024-12-15,1,Sunset Gardens,P1-U33,20,Resident20 Last20,4589
2024-12-15,1,Sunset Gardens,P1-U34,,,0
2024-12-15,1,Sunset Gardens,P1-U35,21,Resident21 Last21,6548
2024-12-15,1,Sunset Gardens,P1-U36,22,Resident22 Last22,5722
2024-12-15,1,Sunset Gardens,P1-U37,23,Resident23 Last23,6826
2024-12-15,1,Sunset Gardens,P1-U38,24,Resident24 Last24,5319
2024-12-15,1,Sunset Gardens,P1-U39,,,0
2024-12-15,1,Sunset Gardens,P1-U40,25,Resident25 Last25,3203
2024-12-15,1,Sunset Gardens,P1-U41,,,0
2024-12-15,1,Sunset Gardens,P1-U42,,,0
2024-12-15,1,Sunset Gardens,P1-U43,,,0
2024-12-15,1,Sunset Gardens,P1-U44,26,Resident26 Last26,4150
2024-12-15,1,Sunset Gardens,P1-U45,27,Resident27 Last27,3659
2024-12-15,1,Sunset Gardens,P1-U46,28,Resident28 Last28,4656
2024-12-15,1,Sunset Gardens,P1-U47,,,0
2024-12-15,1,Sunset Gardens,P1-U48,,,0
2024-12-15,1,Sunset Gardens,P1-U49,29,Resident29 Last29,4138
2024-12-15,1,Sunset Gardens,P1-U50,30,Resident30 Last30,6031
2024-12-15,2,Meadowbrook Senior Living,P2-U01,,,0
2024-12-15,2,Meadowbrook Senior Living,P2-U02,31,Resident31 Last31,3643
2024-12-15,2,Meadowbrook Senior Living,P2-U03,,,0
2024-12-15,2,Meadowbrook Senior Living,P2-U04,,,0
2024-12-15,2,Meadowbrook Senior Living,P2-U05,32,Resident32 Last32,5524
2024-12-15,2,Meadowbrook Senior Living,P2-U06,,,0
2024-12-15,2,Meadowbrook Senior Living,P2-U07,,,0
2024-12-15,2,Meadowbrook Senior Living,P2-U08,33,Resident33 Last33,7164
2024-12-15,2,Meadowbrook Senior Living,P2-U09,34,Resident34 Last34,6565
2024-12-15,2,Meadowbrook Senior Living,P2-U10,,,0
2024-12-15,2,Meadowbrook Senior Living,P2-U11,,,0
2024-12-15,2,Meadowbrook Senior Living,P2-U12,35,Resident35 Last35,5476
2024-12-15,2,Meadowbrook Senior Living,P2-U13,36,Resident36 Last36,4795
2024-12-15,2,Meadowbrook Senior Living,P2-U14,37,Resident37 Last37,6972
2024-12-15,2,Meadowbrook Senior Living,P2-U15,,,0
2024-12-15,2,Meadowbrook Senior Living,P2-U16,38,Resident38 Last38,6144
2024-12-15,2,Meadowbrook Senior Living,P2-U17,39,Resident39 Last39,3646
2024-12-15,2,Meadowbrook Senior Living,P2-U18,40,Resident40 Last40,6397
2024-12-15,2,Meadowbrook Senior Living,P2-U19,,,0
2024-12-15,2,Meadowbrook Senior Living,P2-U20,41,Resident41 Last41,3058
2024-12-15,2,Meadowbrook Senior Living,P2-U21,42,Resident42 Last42,4782
2024-12-15,2,Meadowbrook Senior Living,P2-U22,43,Resident43 Last43,5894
2024-12-15,2,Meadowbrook Senior Living,P2-U23,,,0
2024-12-15,2,Meadowbrook Senior Living,P2-U24,44,Resident44 Last44,7471
2024-12-15,2,Meadowbrook Senior Living,P2-U25,45,Resident45 Last45,5210
2024-12-15,2,Meadowbrook Senior Living,P2-U26,,,0
2024-12-15,2,Meadowbrook Senior Living,P2-U27,,,0
2024-12-15,2,Meadowbrook Senior Living,P2-U28,,,0
2024-12-15,2,Meadowbrook Senior Living,P2-U29,,,0
2024-12-15,2,Meadowbrook Senior Living,P2-U30,,,0
2024-12-15,2,Meadowbrook Senior Living,P2-U31,,,0
2024-12-15,2,Meadowbrook Senior Living,P2-U32,,,0
2024-12-15,2,Meadowbrook Senior Living,P2-U33,46,Resident46 Last46,4824
2024-12-15,2,Meadowbrook Senior Living,P2-U34,,,0
2024-12-15,2,Meadowbrook Senior Living,P2-U35,,,0
2024-12-15,2,Meadowbrook Senior Living,P2-U36,,,0
2024-12-15,2,Meadowbrook Senior Living,P2-U37,47,Resident47 Last47,5894
2024-12-15,2,Meadowbrook Senior Living,P2-U38,48,Resident48 Last48,3847
2024-12-15,2,Meadowbrook Senior Living,P2-U39,49,Resident49 Last49,3512
2024-12-15,2,Meadowbrook Senior Living,P2-U40,50,Resident50 Last50,5383
2024-12-15,2,Meadowbrook Senior Living,P2-U41,,,0
2024-12-15,2,Meadowbrook Senior Living,P2-U42,51,Resident51 Last51,6956
2024-12-15,2,Meadowbrook Senior Living,P2-U43,52,Resident52 Last52,4271
2024-12-15,2,Meadowbrook Senior Living,P2-U44,53,Resident53 Last53,6044
2024-12-15,2,Meadowbrook Senior Living,P2-U45,,,0
2024-12-15,2,Meadowbrook Senior Living,P2-U46,54,Resident54 Last54,4954
2024-12-15,2,Meadowbrook Senior Living,P2-U47,55,Resident55 Last55,7311
2024-12-15,2,Meadowbrook Senior Living,P2-U48,56,Resident56 Last56,3751
2024-12-15,2,Meadowbrook Senior Living,P2-U49,57,Resident57 Last57,3429
2024-12-15,2,Meadowbrook Senior Living,P2-U50,,,0
2024-12-15,3,Riverside Retirement Community,P3-U01,58,Resident58 Last58,6334
2024-12-15,3,Riverside Retirement Community,P3-U02,,,0
2024-12-15,3,Riverside Retirement Community,P3-U03,,,0
2024-12-15,3,Riverside Retirement Community,P3-U04,,,0
2024-12-15,3,Riverside Retirement Community,P3-U05,,,0
2024-12-15,3,Riverside Retirement Community,P3-U06,60,Resident60 Last60,4602
2024-12-15,3,Riverside Retirement Community,P3-U07,61,Resident61 Last61,3142
2024-12-15,3,Riverside Retirement Community,P3-U08,62,Resident62 Last62,5599
2024-12-15,3,Riverside Retirement Community,P3-U09,63,Resident63 Last63,4741
2024-12-15,3,Riverside Retirement Community,P3-U10,,,0
2024-12-15,3,Riverside Retirement Community,P3-U11,,,0
2024-12-15,3,Riverside Retirement Community,P3-U12,,,0
2024-12-15,3,Riverside Retirement Community,P3-U13,,,0
2024-12-15,3,Riverside Retirement Community,P3-U14,64,Resident64 Last64,4016
2024-12-15,3,Riverside Retirement Community,P3-U15,65,Resident65 Last65,5094
2024-12-15,3,Riverside Retirement Community,P3-U16,66,Resident66 Last66,7369
2024-12-15,3,Riverside Retirement Community,P3-U17,67,Resident67 Last67,5123
2024-12-15,3,Riverside Retirement Community,P3-U18,,,0
2024-12-15,3,Riverside Retirement Community,P3-U19,,,0
2024-12-15,3,Riverside Retirement Community,P3-U20,,,0
2024-12-15,3,Riverside Retirement Community,P3-U21,70,Resident70 Last70,4784
2024-12-15,3,Riverside Retirement Community,P3-U22,71,Resident71 Last71,3684
2024-12-15,3,Riverside Retirement Community,P3-U23,72,Resident72 Last72,3763
2024-12-15,3,Riverside Retirement Community,P3-U24,73,Resident73 Last73,3211
2024-12-15,3,Riverside Retirement Community,P3-U25,74,Resident74 Last74,6679
2024-12-15,3,Riverside Retirement Community,P3-U26,,,0
2024-12-15,3,Riverside Retirement Community,P3-U27,,,0
2024-12-15,3,Riverside Retirement Community,P3-U28,,,0
2024-12-15,3,Riverside Retirement Community,P3-U29,,,0
2024-12-15,3,Riverside Retirement Community,P3-U30,,,0
2024-12-15,3,Riverside Retirement Community,P3-U31,,,0
2024-12-15,3,Riverside Retirement Community,P3-U32,75,Resident75 Last75,6998
2024-12-15,3,Riverside Retirement Community,P3-U33,,,0
2024-12-15,3,Riverside Retirement Community,P3-U34,77,Resident77 Last77,4456
2024-12-15,3,Riverside Retirement Community,P3-U35,,,0
2024-12-15,3,Riverside Retirement Community,P3-U36,78,Resident78 Last78,6502
2024-12-15,3,Riverside Retirement Community,P3-U37,,,0
2024-12-15,3,Riverside Retirement Community,P3-U38,79,Resident79 Last79,7014
2024-12-15,3,Riverside Retirement Community,P3-U39,80,Resident80 Last80,4317
2024-12-15,3,Riverside Retirement Community,P3-U40,81,Resident81 Last81,5835
2024-12-15,3,Riverside Retirement Community,P3-U41,82,Resident82 Last82,3465
2024-12-15,3,Riverside Retirement Community,P3-U42,83,Resident83 Last83,4381
2024-12-15,3,Riverside Retirement Community,P3-U43,,,0
2024-12-15,3,Riverside Retirement Community,P3-U44,84,Resident84 Last84,6325
2024-12-15,3,Riverside Retirement Community,P3-U45,,,0
2024-12-15,3,Riverside Retirement Community,P3-U46,,,0
2024-12-15,3,Riverside Retirement Community,P3-U47,85,Resident85 Last85,6135
2024-12-15,3,Riverside Retirement Community,P3-U48,86,Resident86 Last86,4208
2024-12-15,3,Riverside Retirement Community,P3-U49,87,Resident87 Last87,4723
2024-12-15,3,Riverside Retirement Community,P3-U50,88,Resident88 Last88,3664
2024-12-16,1,Sunset Gardens,P1-U01,,,0
2024-12-16,1,Sunset Gardens,P1-U02,1,Resident1 Last1,4103
2024-12-16,1,Sunset Gardens,P1-U03,2,Resident2 Last2,4626
2024-12-16,1,Sunset Gardens,P1-U04,3,Resident3 Last3,3710
2024-12-16,1,Sunset Gardens,P1-U05,4,Resident4 Last4,4469
2024-12-16,1,Sunset Gardens,P1-U06,,,0
2024-12-16,1,Sunset Gardens,P1-U07,5,Resident5 Last5,6368
2024-12-16,1,Sunset Gardens,P1-U08,6,Resident6 Last6,4726
2024-12-16,1,Sunset Gardens,P1-U09,,,0
2024-12-16,1,Sunset Gardens,P1-U10,8,Resident8 Last8,5207
2024-12-16,1,Sunset Gardens,P1-U11,9,Resident9 Last9,6915
2024-12-16,1,Sunset Gardens,P1-U12,10,Resident10 Last10,3888
2024-12-16,1,Sunset Gardens,P1-U13,11,Resident11 Last11,4505
2024-12-16,1,Sunset Gardens,P1-U14,12,Resident12 Last12,6471
2024-12-16,1,Sunset Gardens,P1-U15,,,0
2024-12-16,1,Sunset Gardens,P1-U16,,,0
2024-12-16,1,Sunset Gardens,P1-U17,,,0
2024-12-16,1,Sunset Gardens,P1-U18,13,Resident13 Last13,3438
2024-12-16,1,Sunset Gardens,P1-U19,14,Resident14 Last14,5725
2024-12-16,1,Sunset Gardens,P1-U20,,,0
2024-12-16,1,Sunset Gardens,P1-U21,15,Resident15 Last15,7434
2024-12-16,1,Sunset Gardens,P1-U22,,,0
2024-12-16,1,Sunset Gardens,P1-U23,,,0
2024-12-16,1,Sunset Gardens,P1-U24,,,0
2024-12-16,1,Sunset Gardens,P1-U25,,,0
2024-12-16,1,Sunset Gardens,P1-U26,16,Resident16 Last16,5619
2024-12-16,1,Sunset Gardens,P1-U27,,,0
2024-12-16,1,Sunset Gardens,P1-U28,17,Resident17 Last17,4390
2024-12-16,1,Sunset Gardens,P1-U29,18,Resident18 Last18,3165
2024-12-16,1,Sunset Gardens,P1-U30,,,0
2024-12-16,1,Sunset Gardens,P1-U31,19,Resident19 Last19,3698
2024-12-16,1,Sunset Gardens,P1-U32,,,0
2024-12-16,1,Sunset Gardens,P1-U33,20,Resident20 Last20,4589
2024-12-16,1,Sunset Gardens,P1-U34,,,0
2024-12-16,1,Sunset Gardens,P1-U35,21,Resident21 Last21,6548
2024-12-16,1,Sunset Gardens,P1-U36,22,Resident22 Last22,5722
2024-12-16,1,Sunset Gardens,P1-U37,23,Resident23 Last23,6826
2024-12-16,1,Sunset Gardens,P1-U38,24,Resident24 Last24,5319
2024-12-16,1,Sunset Gardens,P1-U39,,,0
2024-12-16,1,Sunset Gardens,P1-U40,25,Resident25 Last25,3203
2024-12-16,1,Sunset Gardens,P1-U41,,,0
2024-12-16,1,Sunset Gardens,P1-U42,,,0
2024-12-16,1,Sunset Gardens,P1-U43,,,0
2024-12-16,1,Sunset Gardens,P1-U44,26,Resident26 Last26,4150
2024-12-16,1,Sunset Gardens,P1-U45,27,Resident27 Last27,3659
2024-12-16,1,Sunset Gardens,P1-U46,28,Resident28 Last28,4656
2024-12-16,1,Sunset Gardens,P1-U47,,,0
2024-12-16,1,Sunset Gardens,P1-U48,,,0
2024-12-16,1,Sunset Gardens,P1-U49,29,Resident29 Last29,4138
2024-12-16,1,Sunset Gardens,P1-U50,30,Resident30 Last30,6031
2024-12-16,2,Meadowbrook Senior Living,P2-U01,,,0
2024-12-16,2,Meadowbrook Senior Living,P2-U02,31,Resident31 Last31,3643
2024-12-16,2,Meadowbrook Senior Living,P2-U03,,,0
2024-12-16,2,Meadowbrook Senior Living,P2-U04,,,0
2024-12-16,2,Meadowbrook Senior Living,P2-U05,32,Resident32 Last32,5524
2024-12-16,2,Meadowbrook Senior Living,P2-U06,,,0
2024-12-16,2,Meadowbrook Senior Living,P2-U07,,,0
2024-12-16,2,Meadowbrook Senior Living,P2-U08,33,Resident33 Last33,7164
2024-12-16,2,Meadowbrook Senior Living,P2-U09,34,Resident34 Last34,6565
2024-12-16,2,Meadowbrook Senior Living,P2-U10,,,0
2024-12-16,2,Meadowbrook Senior Living,P2-U11,,,0
2024-12-16,2,Meadowbrook Senior Living,P2-U12,35,Resident35 Last35,5476
2024-12-16,2,Meadowbrook Senior Living,P2-U13,36,Resident36 Last36,4795
2024-12-16,2,Meadowbrook Senior Living,P2-U14,37,Resident37 Last37,6972
2024-12-16,2,Meadowbrook Senior Living,P2-U15,,,0
2024-12-16,2,Meadowbrook Senior Living,P2-U16,38,Resident38 Last38,6144
2024-12-16,2,Meadowbrook Senior Living,P2-U17,39,Resident39 Last39,3646
2024-12-16,2,Meadowbrook Senior Living,P2-U18,40,Resident40 Last40,6397
2024-12-16,2,Meadowbrook Senior Living,P2-U19,,,0
2024-12-16,2,Meadowbrook Senior Living,P2-U20,41,Resident41 Last41,3058
2024-12-16,2,Meadowbrook Senior Living,P2-U21,42,Resident42 Last42,4782
2024-12-16,2,Meadowbrook Senior Living,P2-U22,43,Resident43 Last43,5894
2024-12-16,2,Meadowbrook Senior Living,P2-U23,,,0
2024-12-16,2,Meadowbrook Senior Living,P2-U24,44,Resident44 Last44,7471
2024-12-16,2,Meadowbrook Senior Living,P2-U25,45,Resident45 Last45,5210
2024-12-16,2,Meadowbrook Senior Living,P2-U26,,,0
2024-12-16,2,Meadowbrook Senior Living,P2-U27,,,0
2024-12-16,2,Meadowbrook Senior Living,P2-U28,,,0
2024-12-16,2,Meadowbrook Senior Living,P2-U29,,,0
2024-12-16,2,Meadowbrook Senior Living,P2-U30,,,0
2024-12-16,2,Meadowbrook Senior Living,P2-U31,,,0
2024-12-16,2,Meadowbrook Senior Living,P2-U32,,,0
2024-12-16,2,Meadowbrook Senior Living,P2-U33,46,Resident46 Last46,4824
2024-12-16,2,Meadowbrook Senior Living,P2-U34,,,0
2024-12-16,2,Meadowbrook Senior Living,P2-U35,,,0
2024-12-16,2,Meadowbrook Senior Living,P2-U36,,,0
2024-12-16,2,Meadowbrook Senior Living,P2-U37,47,Resident47 Last47,5894
2024-12-16,2,Meadowbrook Senior Living,P2-U38,48,Resident48 Last48,3847
2024-12-16,2,Meadowbrook Senior Living,P2-U39,49,Resident49 Last49,3512
2024-12-16,2,Meadowbrook Senior Living,P2-U40,50,Resident50 Last50,5383
2024-12-16,2,Meadowbrook Senior Living,P2-U41,,,0
2024-12-16,2,Meadowbrook Senior Living,P2-U42,51,Resident51 Last51,6956
2024-12-16,2,Meadowbrook Senior Living,P2-U43,52,Resident52 Last52,4271
2024-12-16,2,Meadowbrook Senior Living,P2-U44,53,Resident53 Last53,6044
2024-12-16,2,Meadowbrook Senior Living,P2-U45,,,0
2024-12-16,2,Meadowbrook Senior Living,P2-U46,54,Resident54 Last54,4954
2024-12-16,2,Meadowbrook Senior Living,P2-U47,55,Resident55 Last55,7311
2024-12-16,2,Meadowbrook Senior Living,P2-U48,56,Resident56 Last56,3751
2024-12-16,2,Meadowbrook Senior Living,P2-U49,57,Resident57 Last57,3429
2024-12-16,2,Meadowbrook Senior Living,P2-U50,,,0
2024-12-16,3,Riverside Retirement Community,P3-U01,58,Resident58 Last58,6334
2024-12-16,3,Riverside Retirement Community,P3-U02,,,0
2024-12-16,3,Riverside Retirement Community,P3-U03,,,0
2024-12-16,3,Riverside Retirement Community,P3-U04,,,0
2024-12-16,3,Riverside Retirement Community,P3-U05,,,0
2024-12-16,3,Riverside Retirement Community,P3-U06,60,Resident60 Last60,4602
2024-12-16,3,Riverside Retirement Community,P3-U07,61,Resident61 Last61,3142
2024-12-16,3,Riverside Retirement Community,P3-U08,62,Resident62 Last62,5599
2024-12-16,3,Riverside Retirement Community,P3-U09,63,Resident63 Last63,4741
2024-12-16,3,Riverside Retirement Community,P3-U10,,,0
2024-12-16,3,Riverside Retirement Community,P3-U11,,,0
2024-12-16,3,Riverside Retirement Community,P3-U12,,,0
2024-12-16,3,Riverside Retirement Community,P3-U13,,,0
2024-12-16,3,Riverside Retirement Community,P3-U14,64,Resident64 Last64,4016
2024-12-16,3,Riverside Retirement Community,P3-U15,65,Resident65 Last65,5094
2024-12-16,3,Riverside Retirement Community,P3-U16,66,Resident66 Last66,7369
2024-12-16,3,Riverside Retirement Community,P3-U17,67,Resident67 Last67,5123
2024-12-16,3,Riverside Retirement Community,P3-U18,,,0
2024-12-16,3,Riverside Retirement Community,P3-U19,,,0
2024-12-16,3,Riverside Retirement Community,P3-U20,,,0
2024-12-16,3,Riverside Retirement Community,P3-U21,70,Resident70 Last70,4784
2024-12-16,3,Riverside Retirement Community,P3-U22,71,Resident71 Last71,3684
2024-12-16,3,Riverside Retirement Community,P3-U23,72,Resident72 Last72,3763
2024-12-16,3,Riverside Retirement Community,P3-U24,73,Resident73 Last73,3211
2024-12-16,3,Riverside Retirement Community,P3-U25,74,Resident74 Last74,6679
2024-12-16,3,Riverside Retirement Community,P3-U26,,,0
2024-12-16,3,Riverside Retirement Community,P3-U27,,,0
2024-12-16,3,Riverside Retirement Community,P3-U28,,,0
2024-12-16,3,Riverside Retirement Community,P3-U29,,,0
2024-12-16,3,Riverside Retirement Community,P3-U30,,,0
2024-12-16,3,Riverside Retirement Community,P3-U31,,,0
2024-12-16,3,Riverside Retirement Community,P3-U32,75,Resident75 Last75,6998
2024-12-16,3,Riverside Retirement Community,P3-U33,,,0
2024-12-16,3,Riverside Retirement Community,P3-U34,77,Resident77 Last77,4456
2024-12-16,3,Riverside Retirement Community,P3-U35,,,0
2024-12-16,3,Riverside Retirement Community,P3-U36,78,Resident78 Last78,6502
2024-12-16,3,Riverside Retirement Community,P3-U37,,,0
2024-12-16,3,Riverside Retirement Community,P3-U38,79,Resident79 Last79,7014
2024-12-16,3,Riverside Retirement Community,P3-U39,80,Resident80 Last80,4317
2024-12-16,3,Riverside Retirement Community,P3-U40,81,Resident81 Last81,5835
2024-12-16,3,Riverside Retirement Community,P3-U41,82,Resident82 Last82,3465
2024-12-16,3,Riverside Retirement Community,P3-U42,83,Resident83 Last83,4381
2024-12-16,3,Riverside Retirement Community,P3-U43,,,0
2024-12-16,3,Riverside Retirement Community,P3-U44,84,Resident84 Last84,6325
2024-12-16,3,Riverside Retirement Community,P3-U45,,,0
2024-12-16,3,Riverside Retirement Community,P3-U46,,,0
2024-12-16,3,Riverside Retirement Community,P3-U47,85,Resident85 Last85,6135
2024-12-16,3,Riverside Retirement Community,P3-U48,86,Resident86 Last86,4208
2024-12-16,3,Riverside Retirement Community,P3-U49,87,Resident87 Last87,4723
2024-12-16,3,Riverside Retirement Community,P3-U50,88,Resident88 Last88,3664
2024-12-17,1,Sunset Gardens,P1-U01,,,0
2024-12-17,1,Sunset Gardens,P1-U02,1,Resident1 Last1,4103
2024-12-17,1,Sunset Gardens,P1-U03,2,Resident2 Last2,4626
2024-12-17,1,Sunset Gardens,P1-U04,3,Resident3 Last3,3710
2024-12-17,1,Sunset Gardens,P1-U05,4,Resident4 Last4,4469
2024-12-17,1,Sunset Gardens,P1-U06,,,0
2024-12-17,1,Sunset Gardens,P1-U07,5,Resident5 Last5,6368
2024-12-17,1,Sunset Gardens,P1-U08,6,Resident6 Last6,4726
2024-12-17,1,Sunset Gardens,P1-U09,,,0
2024-12-17,1,Sunset Gardens,P1-U10,8,Resident8 Last8,5207
2024-12-17,1,Sunset Gardens,P1-U11,9,Resident9 Last9,6915
2024-12-17,1,Sunset Gardens,P1-U12,10,Resident10 Last10,3888
2024-12-17,1,Sunset Gardens,P1-U13,11,Resident11 Last11,4505
2024-12-17,1,Sunset Gardens,P1-U14,12,Resident12 Last12,6471
2024-12-17,1,Sunset Gardens,P1-U15,,,0
2024-12-17,1,Sunset Gardens,P1-U16,,,0
2024-12-17,1,Sunset Gardens,P1-U17,,,0
2024-12-17,1,Sunset Gardens,P1-U18,13,Resident13 Last13,3438
2024-12-17,1,Sunset Gardens,P1-U19,14,Resident14 Last14,5725
2024-12-17,1,Sunset Gardens,P1-U20,,,0
2024-12-17,1,Sunset Gardens,P1-U21,15,Resident15 Last15,7434
2024-12-17,1,Sunset Gardens,P1-U22,,,0
2024-12-17,1,Sunset Gardens,P1-U23,,,0
2024-12-17,1,Sunset Gardens,P1-U24,,,0
2024-12-17,1,Sunset Gardens,P1-U25,,,0
2024-12-17,1,Sunset Gardens,P1-U26,16,Resident16 Last16,5619
2024-12-17,1,Sunset Gardens,P1-U27,,,0
2024-12-17,1,Sunset Gardens,P1-U28,17,Resident17 Last17,4390
2024-12-17,1,Sunset Gardens,P1-U29,18,Resident18 Last18,3165
2024-12-17,1,Sunset Gardens,P1-U30,,,0
2024-12-17,1,Sunset Gardens,P1-U31,19,Resident19 Last19,3698
2024-12-17,1,Sunset Gardens,P1-U32,,,0
2024-12-17,1,Sunset Gardens,P1-U33,20,Resident20 Last20,4589
2024-12-17,1,Sunset Gardens,P1-U34,,,0
2024-12-17,1,Sunset Gardens,P1-U35,21,Resident21 Last21,6548
2024-12-17,1,Sunset Gardens,P1-U36,22,Resident22 Last22,5722
2024-12-17,1,Sunset Gardens,P1-U37,23,Resident23 Last23,6826
2024-12-17,1,Sunset Gardens,P1-U38,24,Resident24 Last24,5319
2024-12-17,1,Sunset Gardens,P1-U39,,,0
2024-12-17,1,Sunset Gardens,P1-U40,25,Resident25 Last25,3203
2024-12-17,1,Sunset Gardens,P1-U41,,,0
2024-12-17,1,Sunset Gardens,P1-U42,,,0
2024-12-17,1,Sunset Gardens,P1-U43,,,0
2024-12-17,1,Sunset Gardens,P1-U44,26,Resident26 Last26,4150
2024-12-17,1,Sunset Gardens,P1-U45,27,Resident27 Last27,3659
2024-12-17,1,Sunset Gardens,P1-U46,28,Resident28 Last28,4656
2024-12-17,1,Sunset Gardens,P1-U47,,,0
2024-12-17,1,Sunset Gardens,P1-U48,,,0
2024-12-17,1,Sunset Gardens,P1-U49,29,Resident29 Last29,4138
2024-12-17,1,Sunset Gardens,P1-U50,30,Resident30 Last30,6031
2024-12-17,2,Meadowbrook Senior Living,P2-U01,,,0
2024-12-17,2,Meadowbrook Senior Living,P2-U02,31,Resident31 Last31,3643
2024-12-17,2,Meadowbrook Senior Living,P2-U03,,,0
2024-12-17,2,Meadowbrook Senior Living,P2-U04,,,0
2024-12-17,2,Meadowbrook Senior Living,P2-U05,32,Resident32 Last32,5524
2024-12-17,2,Meadowbrook Senior Living,P2-U06,,,0
2024-12-17,2,Meadowbrook Senior Living,P2-U07,,,0
2024-12-17,2,Meadowbrook Senior Living,P2-U08,33,Resident33 Last33,7164
2024-12-17,2,Meadowbrook Senior Living,P2-U09,34,Resident34 Last34,6565
2024-12-17,2,Meadowbrook Senior Living,P2-U10,,,0
2024-12-17,2,Meadowbrook Senior Living,P2-U11,,,0
2024-12-17,2,Meadowbrook Senior Living,P2-U12,35,Resident35 Last35,5476
2024-12-17,2,Meadowbrook Senior Living,P2-U13,36,Resident36 Last36,4795
2024-12-17,2,Meadowbrook Senior Living,P2-U14,37,Resident37 Last37,6972
2024-12-17,2,Meadowbrook Senior Living,P2-U15,,,0
2024-12-17,2,Meadowbrook Senior Living,P2-U16,38,Resident38 Last38,6144
2024-12-17,2,Meadowbrook Senior Living,P2-U17,39,Resident39 Last39,3646
2024-12-17,2,Meadowbrook Senior Living,P2-U18,40,Resident40 Last40,6397
2024-12-17,2,Meadowbrook Senior Living,P2-U19,,,0
2024-12-17,2,Meadowbrook Senior Living,P2-U20,41,Resident41 Last41,3058
2024-12-17,2,Meadowbrook Senior Living,P2-U21,42,Resident42 Last42,4782
2024-12-17,2,Meadowbrook Senior Living,P2-U22,43,Resident43 Last43,5894
2024-12-17,2,Meadowbrook Senior Living,P2-U23,,,0
2024-12-17,2,Meadowbrook Senior Living,P2-U24,44,Resident44 Last44,7471
2024-12-17,2,Meadowbrook Senior Living,P2-U25,45,Resident45 Last45,5210
2024-12-17,2,Meadowbrook Senior Living,P2-U26,,,0
2024-12-17,2,Meadowbrook Senior Living,P2-U27,,,0
2024-12-17,2,Meadowbrook Senior Living,P2-U28,,,0
2024-12-17,2,Meadowbrook Senior Living,P2-U29,,,0
2024-12-17,2,Meadowbrook Senior Living,P2-U30,,,0
2024-12-17,2,Meadowbrook Senior Living,P2-U31,,,0
2024-12-17,2,Meadowbrook Senior Living,P2-U32,,,0
2024-12-17,2,Meadowbrook Senior Living,P2-U33,46,Resident46 Last46,4824
2024-12-17,2,Meadowbrook Senior Living,P2-U34,,,0
2024-12-17,2,Meadowbrook Senior Living,P2-U35,,,0
2024-12-17,2,Meadowbrook Senior Living,P2-U36,,,0
2024-12-17,2,Meadowbrook Senior Living,P2-U37,47,Resident47 Last47,5894
2024-12-17,2,Meadowbrook Senior Living,P2-U38,48,Resident48 Last48,3847
2024-12-17,2,Meadowbrook Senior Living,P2-U39,49,Resident49 Last49,3512
2024-12-17,2,Meadowbrook Senior Living,P2-U40,50,Resident50 Last50,5383
2024-12-17,2,Meadowbrook Senior Living,P2-U41,,,0
2024-12-17,2,Meadowbrook Senior Living,P2-U42,51,Resident51 Last51,6956
2024-12-17,2,Meadowbrook Senior Living,P2-U43,52,Resident52 Last52,4271
2024-12-17,2,Meadowbrook Senior Living,P2-U44,53,Resident53 Last53,6044
2024-12-17,2,Meadowbrook Senior Living,P2-U45,,,0
2024-12-17,2,Meadowbrook Senior Living,P2-U46,54,Resident54 Last54,4954
2024-12-17,2,Meadowbrook Senior Living,P2-U47,55,Resident55 Last55,7311
2024-12-17,2,Meadowbrook Senior Living,P2-U48,56,Resident56 Last56,3751
2024-12-17,2,Meadowbrook Senior Living,P2-U49,57,Resident57 Last57,3429
2024-12-17,2,Meadowbrook Senior Living,P2-U50,,,0
2024-12-17,3,Riverside Retirement Community,P3-U01,58,Resident58 Last58,6334
2024-12-17,3,Riverside Retirement Community,P3-U02,,,0
2024-12-17,3,Riverside Retirement Community,P3-U03,,,0
2024-12-17,3,Riverside Retirement Community,P3-U04,,,0
2024-12-17,3,Riverside Retirement Community,P3-U05,,,0
2024-12-17,3,Riverside Retirement Community,P3-U06,60,Resident60 Last60,4602
2024-12-17,3,Riverside Retirement Community,P3-U07,61,Resident61 Last61,3142
2024-12-17,3,Riverside Retirement Community,P3-U08,62,Resident62 Last62,5599
2024-12-17,3,Riverside Retirement Community,P3-U09,63,Resident63 Last63,4741
2024-12-17,3,Riverside Retirement Community,P3-U10,,,0
2024-12-17,3,Riverside Retirement Community,P3-U11,,,0
2024-12-17,3,Riverside Retirement Community,P3-U12,,,0
2024-12-17,3,Riverside Retirement Community,P3-U13,,,0
2024-12-17,3,Riverside Retirement Community,P3-U14,64,Resident64 Last64,4016
2024-12-17,3,Riverside Retirement Community,P3-U15,65,Resident65 Last65,5094
2024-12-17,3,Riverside Retirement Community,P3-U16,66,Resident66 Last66,7369
2024-12-17,3,Riverside Retirement Community,P3-U17,67,Resident67 Last67,5123
2024-12-17,3,Riverside Retirement Community,P3-U18,,,0
2024-12-17,3,Riverside Retirement Community,P3-U19,,,0
2024-12-17,3,Riverside Retirement Community,P3-U20,,,0
2024-12-17,3,Riverside Retirement Community,P3-U21,70,Resident70 Last70,4784
2024-12-17,3,Riverside Retirement Community,P3-U22,71,Resident71 Last71,3684
2024-12-17,3,Riverside Retirement Community,P3-U23,72,Resident72 Last72,3763
2024-12-17,3,Riverside Retirement Community,P3-U24,73,Resident73 Last73,3211
2024-12-17,3,Riverside Retirement Community,P3-U25,74,Resident74 Last74,6679
2024-12-17,3,Riverside Retirement Community,P3-U26,,,0
2024-12-17,3,Riverside Retirement Community,P3-U27,,,0
2024-12-17,3,Riverside Retirement Community,P3-U28,,,0
2024-12-17,3,Riverside Retirement Community,P3-U29,,,0
2024-12-17,3,Riverside Retirement Community,P3-U30,,,0
2024-12-17,3,Riverside Retirement Community,P3-U31,,,0
2024-12-17,3,Riverside Retirement Community,P3-U32,75,Resident75 Last75,6998
2024-12-17,3,Riverside Retirement Community,P3-U33,,,0
2024-12-17,3,Riverside Retirement Community,P3-U34,77,Resident77 Last77,4456
2024-12-17,3,Riverside Retirement Community,P3-U35,,,0
2024-12-17,3,Riverside Retirement Community,P3-U36,78,Resident78 Last78,6502
2024-12-17,3,Riverside Retirement Community,P3-U37,,,0
2024-12-17,3,Riverside Retirement Community,P3-U38,79,Resident79 Last79,7014
2024-12-17,3,Riverside Retirement Community,P3-U39,80,Resident80 Last80,4317
2024-12-17,3,Riverside Retirement Community,P3-U40,81,Resident81 Last81,5835
2024-12-17,3,Riverside Retirement Community,P3-U41,82,Resident82 Last82,3465
2024-12-17,3,Riverside Retirement Community,P3-U42,83,Resident83 Last83,4381
2024-12-17,3,Riverside Retirement Community,P3-U43,,,0
2024-12-17,3,Riverside Retirement Community,P3-U44,84,Resident84 Last84,6325
2024-12-17,3,Riverside Retirement Community,P3-U45,,,0
2024-12-17,3,Riverside Retirement Community,P3-U46,,,0
2024-12-17,3,Riverside Retirement Community,P3-U47,85,Resident85 Last85,6135
2024-12-17,3,Riverside Retirement Community,P3-U48,86,Resident86 Last86,4208
2024-12-17,3,Riverside Retirement Community,P3-U49,87,Resident87 Last87,4723
2024-12-17,3,Riverside Retirement Community,P3-U50,88,Resident88 Last88,3664
2024-12-18,1,Sunset Gardens,P1-U01,,,0
2024-12-18,1,Sunset Gardens,P1-U02,1,Resident1 Last1,4103
2024-12-18,1,Sunset Gardens,P1-U03,2,Resident2 Last2,4626
2024-12-18,1,Sunset Gardens,P1-U04,3,Resident3 Last3,3710
2024-12-18,1,Sunset Gardens,P1-U05,4,Resident4 Last4,4469
2024-12-18,1,Sunset Gardens,P1-U06,,,0
2024-12-18,1,Sunset Gardens,P1-U07,5,Resident5 Last5,6368
2024-12-18,1,Sunset Gardens,P1-U08,6,Resident6 Last6,4726
2024-12-18,1,Sunset Gardens,P1-U09,,,0
2024-12-18,1,Sunset Gardens,P1-U10,8,Resident8 Last8,5207
2024-12-18,1,Sunset Gardens,P1-U11,9,Resident9 Last9,6915
2024-12-18,1,Sunset Gardens,P1-U12,10,Resident10 Last10,3888
2024-12-18,1,Sunset Gardens,P1-U13,11,Resident11 Last11,4505
2024-12-18,1,Sunset Gardens,P1-U14,12,Resident12 Last12,6471
2024-12-18,1,Sunset Gardens,P1-U15,,,0
2024-12-18,1,Sunset Gardens,P1-U16,,,0
2024-12-18,1,Sunset Gardens,P1-U17,,,0
2024-12-18,1,Sunset Gardens,P1-U18,13,Resident13 Last13,3438
2024-12-18,1,Sunset Gardens,P1-U19,14,Resident14 Last14,5725
2024-12-18,1,Sunset Gardens,P1-U20,,,0
2024-12-18,1,Sunset Gardens,P1-U21,15,Resident15 Last15,7434
2024-12-18,1,Sunset Gardens,P1-U22,,,0
2024-12-18,1,Sunset Gardens,P1-U23,,,0
2024-12-18,1,Sunset Gardens,P1-U24,,,0
2024-12-18,1,Sunset Gardens,P1-U25,,,0
2024-12-18,1,Sunset Gardens,P1-U26,16,Resident16 Last16,5619
2024-12-18,1,Sunset Gardens,P1-U27,,,0
2024-12-18,1,Sunset Gardens,P1-U28,17,Resident17 Last17,4390
2024-12-18,1,Sunset Gardens,P1-U29,18,Resident18 Last18,3165
2024-12-18,1,Sunset Gardens,P1-U30,,,0
2024-12-18,1,Sunset Gardens,P1-U31,19,Resident19 Last19,3698
2024-12-18,1,Sunset Gardens,P1-U32,,,0
2024-12-18,1,Sunset Gardens,P1-U33,20,Resident20 Last20,4589
2024-12-18,1,Sunset Gardens,P1-U34,,,0
2024-12-18,1,Sunset Gardens,P1-U35,21,Resident21 Last21,6548
2024-12-18,1,Sunset Gardens,P1-U36,22,Resident22 Last22,5722
2024-12-18,1,Sunset Gardens,P1-U37,23,Resident23 Last23,6826
2024-12-18,1,Sunset Gardens,P1-U38,24,Resident24 Last24,5319
2024-12-18,1,Sunset Gardens,P1-U39,,,0
2024-12-18,1,Sunset Gardens,P1-U40,25,Resident25 Last25,3203
2024-12-18,1,Sunset Gardens,P1-U41,,,0
2024-12-18,1,Sunset Gardens,P1-U42,,,0
2024-12-18,1,Sunset Gardens,P1-U43,,,0
2024-12-18,1,Sunset Gardens,P1-U44,26,Resident26 Last26,4150
2024-12-18,1,Sunset Gardens,P1-U45,27,Resident27 Last27,3659
2024-12-18,1,Sunset Gardens,P1-U46,28,Resident28 Last28,4656
2024-12-18,1,Sunset Gardens,P1-U47,,,0
2024-12-18,1,Sunset Gardens,P1-U48,,,0
2024-12-18,1,Sunset Gardens,P1-U49,29,Resident29 Last29,4138
2024-12-18,1,Sunset Gardens,P1-U50,30,Resident30 Last30,6031
2024-12-18,2,Meadowbrook Senior Living,P2-U01,,,0
2024-12-18,2,Meadowbrook Senior Living,P2-U02,31,Resident31 Last31,3643
2024-12-18,2,Meadowbrook Senior Living,P2-U03,,,0
2024-12-18,2,Meadowbrook Senior Living,P2-U04,,,0
2024-12-18,2,Meadowbrook Senior Living,P2-U05,32,Resident32 Last32,5524
2024-12-18,2,Meadowbrook Senior Living,P2-U06,,,0
2024-12-18,2,Meadowbrook Senior Living,P2-U07,,,0
2024-12-18,2,Meadowbrook Senior Living,P2-U08,33,Resident33 Last33,7164
2024-12-18,2,Meadowbrook Senior Living,P2-U09,34,Resident34 Last34,6565
2024-12-18,2,Meadowbrook Senior Living,P2-U10,,,0
2024-12-18,2,Meadowbrook Senior Living,P2-U11,,,0
2024-12-18,2,Meadowbrook Senior Living,P2-U12,35,Resident35 Last35,5476
2024-12-18,2,Meadowbrook Senior Living,P2-U13,36,Resident36 Last36,4795
2024-12-18,2,Meadowbrook Senior Living,P2-U14,37,Resident37 Last37,6972
2024-12-18,2,Meadowbrook Senior Living,P2-U15,,,0
2024-12-18,2,Meadowbrook Senior Living,P2-U16,38,Resident38 Last38,6144
2024-12-18,2,Meadowbrook Senior Living,P2-U17,39,Resident39 Last39,3646
2024-12-18,2,Meadowbrook Senior Living,P2-U18,40,Resident40 Last40,6397
2024-12-18,2,Meadowbrook Senior Living,P2-U19,,,0
2024-12-18,2,Meadowbrook Senior Living,P2-U20,41,Resident41 Last41,3058
2024-12-18,2,Meadowbrook Senior Living,P2-U21,42,Resident42 Last42,4782
2024-12-18,2,Meadowbrook Senior Living,P2-U22,43,Resident43 Last43,5894
2024-12-18,2,Meadowbrook Senior Living,P2-U23,,,0
2024-12-18,2,Meadowbrook Senior Living,P2-U24,44,Resident44 Last44,7471
2024-12-18,2,Meadowbrook Senior Living,P2-U25,45,Resident45 Last45,5210
2024-12-18,2,Meadowbrook Senior Living,P2-U26,,,0
2024-12-18,2,Meadowbrook Senior Living,P2-U27,,,0
2024-12-18,2,Meadowbrook Senior Living,P2-U28,,,0
2024-12-18,2,Meadowbrook Senior Living,P2-U29,,,0
2024-12-18,2,Meadowbrook Senior Living,P2-U30,,,0
2024-12-18,2,Meadowbrook Senior Living,P2-U31,,,0
2024-12-18,2,Meadowbrook Senior Living,P2-U32,,,0
2024-12-18,2,Meadowbrook Senior Living,P2-U33,46,Resident46 Last46,4824
2024-12-18,2,Meadowbrook Senior Living,P2-U34,,,0
2024-12-18,2,Meadowbrook Senior Living,P2-U35,,,0
2024-12-18,2,Meadowbrook Senior Living,P2-U36,,,0
2024-12-18,2,Meadowbrook Senior Living,P2-U37,47,Resident47 Last47,5894
2024-12-18,2,Meadowbrook Senior Living,P2-U38,48,Resident48 Last48,3847
2024-12-18,2,Meadowbrook Senior Living,P2-U39,49,Resident49 Last49,3512
2024-12-18,2,Meadowbrook Senior Living,P2-U40,50,Resident50 Last50,5383
2024-12-18,2,Meadowbrook Senior Living,P2-U41,,,0
2024-12-18,2,Meadowbrook Senior Living,P2-U42,51,Resident51 Last51,6956
2024-12-18,2,Meadowbrook Senior Living,P2-U43,52,Resident52 Last52,4271
2024-12-18,2,Meadowbrook Senior Living,P2-U44,53,Resident53 Last53,6044
2024-12-18,2,Meadowbrook Senior Living,P2-U45,,,0
2024-12-18,2,Meadowbrook Senior Living,P2-U46,54,Resident54 Last54,4954
2024-12-18,2,Meadowbrook Senior Living,P2-U47,55,Resident55 Last55,7311
2024-12-18,2,Meadowbrook Senior Living,P2-U48,56,Resident56 Last56,3751
2024-12-18,2,Meadowbrook Senior Living,P2-U49,57,Resident57 Last57,3429
2024-12-18,2,Meadowbrook Senior Living,P2-U50,,,0
2024-12-18,3,Riverside Retirement Community,P3-U01,58,Resident58 Last58,6334
2024-12-18,3,Riverside Retirement Community,P3-U02,,,0
2024-12-18,3,Riverside Retirement Community,P3-U03,,,0
2024-12-18,3,Riverside Retirement Community,P3-U04,,,0
2024-12-18,3,Riverside Retirement Community,P3-U05,,,0
2024-12-18,3,Riverside Retirement Community,P3-U06,60,Resident60 Last60,4602
2024-12-18,3,Riverside Retirement Community,P3-U07,61,Resident61 Last61,3142
2024-12-18,3,Riverside Retirement Community,P3-U08,62,Resident62 Last62,5599
2024-12-18,3,Riverside Retirement Community,P3-U09,63,Resident63 Last63,4741
2024-12-18,3,Riverside Retirement Community,P3-U10,,,0
2024-12-18,3,Riverside Retirement Community,P3-U11,,,0
2024-12-18,3,Riverside Retirement Community,P3-U12,,,0
2024-12-18,3,Riverside Retirement Community,P3-U13,,,0
2024-12-18,3,Riverside Retirement Community,P3-U14,64,Resident64 Last64,4016
2024-12-18,3,Riverside Retirement Community,P3-U15,65,Resident65 Last65,5094
2024-12-18,3,Riverside Retirement Community,P3-U16,66,Resident66 Last66,7369
2024-12-18,3,Riverside Retirement Community,P3-U17,67,Resident67 Last67,5123
2024-12-18,3,Riverside Retirement Community,P3-U18,,,0
2024-12-18,3,Riverside Retirement Community,P3-U19,,,0
2024-12-18,3,Riverside Retirement Community,P3-U20,,,0
2024-12-18,3,Riverside Retirement Community,P3-U21,70,Resident70 Last70,4784
2024-12-18,3,Riverside Retirement Community,P3-U22,71,Resident71 Last71,3684
2024-12-18,3,Riverside Retirement Community,P3-U23,72,Resident72 Last72,3763
2024-12-18,3,Riverside Retirement Community,P3-U24,73,Resident73 Last73,3211
2024-12-18,3,Riverside Retirement Community,P3-U25,74,Resident74 Last74,6679
2024-12-18,3,Riverside Retirement Community,P3-U26,,,0
2024-12-18,3,Riverside Retirement Community,P3-U27,,,0
2024-12-18,3,Riverside Retirement Community,P3-U28,,,0
2024-12-18,3,Riverside Retirement Community,P3-U29,,,0
2024-12-18,3,Riverside Retirement Community,P3-U30,,,0
2024-12-18,3,Riverside Retirement Community,P3-U31,,,0
2024-12-18,3,Riverside Retirement Community,P3-U32,75,Resident75 Last75,6998
2024-12-18,3,Riverside Retirement Community,P3-U33,,,0
2024-12-18,3,Riverside Retirement Community,P3-U34,77,Resident77 Last77,4456
2024-12-18,3,Riverside Retirement Community,P3-U35,,,0
2024-12-18,3,Riverside Retirement Community,P3-U36,78,Resident78 Last78,6502
2024-12-18,3,Riverside Retirement Community,P3-U37,,,0
2024-12-18,3,Riverside Retirement Community,P3-U38,79,Resident79 Last79,7014
2024-12-18,3,Riverside Retirement Community,P3-U39,80,Resident80 Last80,4317
2024-12-18,3,Riverside Retirement Community,P3-U40,81,Resident81 Last81,5835
2024-12-18,3,Riverside Retirement Community,P3-U41,82,Resident82 Last82,3465
2024-12-18,3,Riverside Retirement Community,P3-U42,83,Resident83 Last83,4381
2024-12-18,3,Riverside Retirement Community,P3-U43,,,0
2024-12-18,3,Riverside Retirement Community,P3-U44,84,Resident84 Last84,6325
2024-12-18,3,Riverside Retirement Community,P3-U45,,,0
2024-12-18,3,Riverside Retirement Community,P3-U46,,,0
2024-12-18,3,Riverside Retirement Community,P3-U47,85,Resident85 Last85,6135
2024-12-18,3,Riverside Retirement Community,P3-U48,86,Resident86 Last86,4208
2024-12-18,3,Riverside Retirement Community,P3-U49,87,Resident87 Last87,4723
2024-12-18,3,Riverside Retirement Community,P3-U50,88,Resident88 Last88,3664
2024-12-19,1,Sunset Gardens,P1-U01,,,0
2024-12-19,1,Sunset Gardens,P1-U02,1,Resident1 Last1,4103
2024-12-19,1,Sunset Gardens,P1-U03,2,Resident2 Last2,4626
2024-12-19,1,Sunset Gardens,P1-U04,3,Resident3 Last3,3710
2024-12-19,1,Sunset Gardens,P1-U05,4,Resident4 Last4,4469
2024-12-19,1,Sunset Gardens,P1-U06,,,0
2024-12-19,1,Sunset Gardens,P1-U07,5,Resident5 Last5,6368
2024-12-19,1,Sunset Gardens,P1-U08,6,Resident6 Last6,4726
2024-12-19,1,Sunset Gardens,P1-U09,,,0
2024-12-19,1,Sunset Gardens,P1-U10,8,Resident8 Last8,5207
2024-12-19,1,Sunset Gardens,P1-U11,9,Resident9 Last9,6915
2024-12-19,1,Sunset Gardens,P1-U12,10,Resident10 Last10,3888
2024-12-19,1,Sunset Gardens,P1-U13,11,Resident11 Last11,4505
2024-12-19,1,Sunset Gardens,P1-U14,12,Resident12 Last12,6471
2024-12-19,1,Sunset Gardens,P1-U15,,,0
2024-12-19,1,Sunset Gardens,P1-U16,,,0
2024-12-19,1,Sunset Gardens,P1-U17,,,0
2024-12-19,1,Sunset Gardens,P1-U18,13,Resident13 Last13,3438
2024-12-19,1,Sunset Gardens,P1-U19,14,Resident14 Last14,5725
2024-12-19,1,Sunset Gardens,P1-U20,,,0
2024-12-19,1,Sunset Gardens,P1-U21,15,Resident15 Last15,7434
2024-12-19,1,Sunset Gardens,P1-U22,,,0
2024-12-19,1,Sunset Gardens,P1-U23,,,0
2024-12-19,1,Sunset Gardens,P1-U24,,,0
2024-12-19,1,Sunset Gardens,P1-U25,,,0
2024-12-19,1,Sunset Gardens,P1-U26,16,Resident16 Last16,6062
2024-12-19,1,Sunset Gardens,P1-U27,,,0
2024-12-19,1,Sunset Gardens,P1-U28,17,Resident17 Last17,4390
2024-12-19,1,Sunset Gardens,P1-U29,18,Resident18 Last18,3165
2024-12-19,1,Sunset Gardens,P1-U30,,,0
2024-12-19,1,Sunset Gardens,P1-U31,19,Resident19 Last19,3698
2024-12-19,1,Sunset Gardens,P1-U32,,,0
2024-12-19,1,Sunset Gardens,P1-U33,20,Resident20 Last20,4589
2024-12-19,1,Sunset Gardens,P1-U34,,,0
2024-12-19,1,Sunset Gardens,P1-U35,21,Resident21 Last21,6548
2024-12-19,1,Sunset Gardens,P1-U36,22,Resident22 Last22,5722
2024-12-19,1,Sunset Gardens,P1-U37,23,Resident23 Last23,6826
2024-12-19,1,Sunset Gardens,P1-U38,24,Resident24 Last24,5319
2024-12-19,1,Sunset Gardens,P1-U39,,,0
2024-12-19,1,Sunset Gardens,P1-U40,25,Resident25 Last25,3203
2024-12-19,1,Sunset Gardens,P1-U41,,,0
2024-12-19,1,Sunset Gardens,P1-U42,,,0
2024-12-19,1,Sunset Gardens,P1-U43,,,0
2024-12-19,1,Sunset Gardens,P1-U44,26,Resident26 Last26,4150
2024-12-19,1,Sunset Gardens,P1-U45,27,Resident27 Last27,3659
2024-12-19,1,Sunset Gardens,P1-U46,28,Resident28 Last28,4656
2024-12-19,1,Sunset Gardens,P1-U47,,,0
2024-12-19,1,Sunset Gardens,P1-U48,,,0
2024-12-19,1,Sunset Gardens,P1-U49,29,Resident29 Last29,4138
2024-12-19,1,Sunset Gardens,P1-U50,30,Resident30 Last30,6031
2024-12-19,2,Meadowbrook Senior Living,P2-U01,,,0
2024-12-19,2,Meadowbrook Senior Living,P2-U02,31,Resident31 Last31,3643
2024-12-19,2,Meadowbrook Senior Living,P2-U03,,,0
2024-12-19,2,Meadowbrook Senior Living,P2-U04,,,0
2024-12-19,2,Meadowbrook Senior Living,P2-U05,32,Resident32 Last32,5524
2024-12-19,2,Meadowbrook Senior Living,P2-U06,,,0
2024-12-19,2,Meadowbrook Senior Living,P2-U07,,,0
2024-12-19,2,Meadowbrook Senior Living,P2-U08,33,Resident33 Last33,7164
2024-12-19,2,Meadowbrook Senior Living,P2-U09,34,Resident34 Last34,6565
2024-12-19,2,Meadowbrook Senior Living,P2-U10,,,0
2024-12-19,2,Meadowbrook Senior Living,P2-U11,,,0
2024-12-19,2,Meadowbrook Senior Living,P2-U12,35,Resident35 Last35,5476
2024-12-19,2,Meadowbrook Senior Living,P2-U13,36,Resident36 Last36,4795
2024-12-19,2,Meadowbrook Senior Living,P2-U14,37,Resident37 Last37,6972
2024-12-19,2,Meadowbrook Senior Living,P2-U15,,,0
2024-12-19,2,Meadowbrook Senior Living,P2-U16,38,Resident38 Last38,6144
2024-12-19,2,Meadowbrook Senior Living,P2-U17,39,Resident39 Last39,3646
2024-12-19,2,Meadowbrook Senior Living,P2-U18,40,Resident40 Last40,6397
2024-12-19,2,Meadowbrook Senior Living,P2-U19,,,0
2024-12-19,2,Meadowbrook Senior Living,P2-U20,41,Resident41 Last41,3058
2024-12-19,2,Meadowbrook Senior Living,P2-U21,42,Resident42 Last42,4782
2024-12-19,2,Meadowbrook Senior Living,P2-U22,43,Resident43 Last43,5894
2024-12-19,2,Meadowbrook Senior Living,P2-U23,,,0
2024-12-19,2,Meadowbrook Senior Living,P2-U24,44,Resident44 Last44,7471
2024-12-19,2,Meadowbrook Senior Living,P2-U25,45,Resident45 Last45,5210
2024-12-19,2,Meadowbrook Senior Living,P2-U26,,,0
2024-12-19,2,Meadowbrook Senior Living,P2-U27,,,0
2024-12-19,2,Meadowbrook Senior Living,P2-U28,,,0
2024-12-19,2,Meadowbrook Senior Living,P2-U29,,,0
2024-12-19,2,Meadowbrook Senior Living,P2-U30,,,0
2024-12-19,2,Meadowbrook Senior Living,P2-U31,,,0
2024-12-19,2,Meadowbrook Senior Living,P2-U32,,,0
2024-12-19,2,Meadowbrook Senior Living,P2-U33,46,Resident46 Last46,4824
2024-12-19,2,Meadowbrook Senior Living,P2-U34,,,0
2024-12-19,2,Meadowbrook Senior Living,P2-U35,,,0
2024-12-19,2,Meadowbrook Senior Living,P2-U36,,,0
2024-12-19,2,Meadowbrook Senior Living,P2-U37,47,Resident47 Last47,5894
2024-12-19,2,Meadowbrook Senior Living,P2-U38,48,Resident48 Last48,3847
2024-12-19,2,Meadowbrook Senior Living,P2-U39,49,Resident49 Last49,3512
2024-12-19,2,Meadowbrook Senior Living,P2-U40,50,Resident50 Last50,5383
2024-12-19,2,Meadowbrook Senior Living,P2-U41,,,0
2024-12-19,2,Meadowbrook Senior Living,P2-U42,51,Resident51 Last51,6956
2024-12-19,2,Meadowbrook Senior Living,P2-U43,52,Resident52 Last52,4271
2024-12-19,2,Meadowbrook Senior Living,P2-U44,53,Resident53 Last53,6044
2024-12-19,2,Meadowbrook Senior Living,P2-U45,,,0
2024-12-19,2,Meadowbrook Senior Living,P2-U46,54,Resident54 Last54,4954
2024-12-19,2,Meadowbrook Senior Living,P2-U47,55,Resident55 Last55,7311
2024-12-19,2,Meadowbrook Senior Living,P2-U48,56,Resident56 Last56,3751
2024-12-19,2,Meadowbrook Senior Living,P2-U49,57,Resident57 Last57,3429
2024-12-19,2,Meadowbrook Senior Living,P2-U50,,,0
2024-12-19,3,Riverside Retirement Community,P3-U01,58,Resident58 Last58,6334
2024-12-19,3,Riverside Retirement Community,P3-U02,,,0
2024-12-19,3,Riverside Retirement Community,P3-U03,,,0
2024-12-19,3,Riverside Retirement Community,P3-U04,,,0
2024-12-19,3,Riverside Retirement Community,P3-U05,,,0
2024-12-19,3,Riverside Retirement Community,P3-U06,60,Resident60 Last60,4602
2024-12-19,3,Riverside Retirement Community,P3-U07,61,Resident61 Last61,3142
2024-12-19,3,Riverside Retirement Community,P3-U08,62,Resident62 Last62,5599
2024-12-19,3,Riverside Retirement Community,P3-U09,63,Resident63 Last63,4741
2024-12-19,3,Riverside Retirement Community,P3-U10,,,0
2024-12-19,3,Riverside Retirement Community,P3-U11,,,0
2024-12-19,3,Riverside Retirement Community,P3-U12,,,0
2024-12-19,3,Riverside Retirement Community,P3-U13,,,0
2024-12-19,3,Riverside Retirement Community,P3-U14,64,Resident64 Last64,4016
2024-12-19,3,Riverside Retirement Community,P3-U15,65,Resident65 Last65,5094
2024-12-19,3,Riverside Retirement Community,P3-U16,66,Resident66 Last66,7369
2024-12-19,3,Riverside Retirement Community,P3-U17,67,Resident67 Last67,5123
2024-12-19,3,Riverside Retirement Community,P3-U18,,,0
2024-12-19,3,Riverside Retirement Community,P3-U19,,,0
2024-12-19,3,Riverside Retirement Community,P3-U20,,,0
2024-12-19,3,Riverside Retirement Community,P3-U21,70,Resident70 Last70,4784
2024-12-19,3,Riverside Retirement Community,P3-U22,71,Resident71 Last71,3684
2024-12-19,3,Riverside Retirement Community,P3-U23,72,Resident72 Last72,3763
2024-12-19,3,Riverside Retirement Community,P3-U24,73,Resident73 Last73,3612
2024-12-19,3,Riverside Retirement Community,P3-U25,74,Resident74 Last74,6679
2024-12-19,3,Riverside Retirement Community,P3-U26,,,0
2024-12-19,3,Riverside Retirement Community,P3-U27,,,0
2024-12-19,3,Riverside Retirement Community,P3-U28,,,0
2024-12-19,3,Riverside Retirement Community,P3-U29,,,0
2024-12-19,3,Riverside Retirement Community,P3-U30,,,0
2024-12-19,3,Riverside Retirement Community,P3-U31,,,0
2024-12-19,3,Riverside Retirement Community,P3-U32,75,Resident75 Last75,6998
2024-12-19,3,Riverside Retirement Community,P3-U33,,,0
2024-12-19,3,Riverside Retirement Community,P3-U34,77,Resident77 Last77,4456
2024-12-19,3,Riverside Retirement Community,P3-U35,,,0
2024-12-19,3,Riverside Retirement Community,P3-U36,78,Resident78 Last78,6502
2024-12-19,3,Riverside Retirement Community,P3-U37,,,0
2024-12-19,3,Riverside Retirement Community,P3-U38,79,Resident79 Last79,7014
2024-12-19,3,Riverside Retirement Community,P3-U39,80,Resident80 Last80,4317
2024-12-19,3,Riverside Retirement Community,P3-U40,81,Resident81 Last81,5835
2024-12-19,3,Riverside Retirement Community,P3-U41,82,Resident82 Last82,3465
2024-12-19,3,Riverside Retirement Community,P3-U42,83,Resident83 Last83,4381
2024-12-19,3,Riverside Retirement Community,P3-U43,,,0
2024-12-19,3,Riverside Retirement Community,P3-U44,84,Resident84 Last84,6325
2024-12-19,3,Riverside Retirement Community,P3-U45,,,0
2024-12-19,3,Riverside Retirement Community,P3-U46,,,0
2024-12-19,3,Riverside Retirement Community,P3-U47,85,Resident85 Last85,6135
2024-12-19,3,Riverside Retirement Community,P3-U48,86,Resident86 Last86,4208
2024-12-19,3,Riverside Retirement Community,P3-U49,87,Resident87 Last87,4723
2024-12-19,3,Riverside Retirement Community,P3-U50,88,Resident88 Last88,3664
2024-12-20,1,Sunset Gardens,P1-U01,,,0
2024-12-20,1,Sunset Gardens,P1-U02,1,Resident1 Last1,4103
2024-12-20,1,Sunset Gardens,P1-U03,2,Resident2 Last2,4626
2024-12-20,1,Sunset Gardens,P1-U04,3,Resident3 Last3,3710
2024-12-20,1,Sunset Gardens,P1-U05,4,Resident4 Last4,4469
2024-12-20,1,Sunset Gardens,P1-U06,,,0
2024-12-20,1,Sunset Gardens,P1-U07,5,Resident5 Last5,6368
2024-12-20,1,Sunset Gardens,P1-U08,6,Resident6 Last6,4726
2024-12-20,1,Sunset Gardens,P1-U09,,,0
2024-12-20,1,Sunset Gardens,P1-U10,8,Resident8 Last8,5207
2024-12-20,1,Sunset Gardens,P1-U11,9,Resident9 Last9,6915
2024-12-20,1,Sunset Gardens,P1-U12,10,Resident10 Last10,3888
2024-12-20,1,Sunset Gardens,P1-U13,11,Resident11 Last11,4505
2024-12-20,1,Sunset Gardens,P1-U14,12,Resident12 Last12,6471
2024-12-20,1,Sunset Gardens,P1-U15,,,0
2024-12-20,1,Sunset Gardens,P1-U16,,,0
2024-12-20,1,Sunset Gardens,P1-U17,,,0
2024-12-20,1,Sunset Gardens,P1-U18,13,Resident13 Last13,3438
2024-12-20,1,Sunset Gardens,P1-U19,14,Resident14 Last14,5725
2024-12-20,1,Sunset Gardens,P1-U20,,,0
2024-12-20,1,Sunset Gardens,P1-U21,15,Resident15 Last15,7434
2024-12-20,1,Sunset Gardens,P1-U22,,,0
2024-12-20,1,Sunset Gardens,P1-U23,,,0
2024-12-20,1,Sunset Gardens,P1-U24,,,0
2024-12-20,1,Sunset Gardens,P1-U25,,,0
2024-12-20,1,Sunset Gardens,P1-U26,16,Resident16 Last16,6062
2024-12-20,1,Sunset Gardens,P1-U27,,,0
2024-12-20,1,Sunset Gardens,P1-U28,17,Resident17 Last17,4390
2024-12-20,1,Sunset Gardens,P1-U29,18,Resident18 Last18,3165
2024-12-20,1,Sunset Gardens,P1-U30,,,0
2024-12-20,1,Sunset Gardens,P1-U31,19,Resident19 Last19,3698
2024-12-20,1,Sunset Gardens,P1-U32,,,0
2024-12-20,1,Sunset Gardens,P1-U33,20,Resident20 Last20,4589
2024-12-20,1,Sunset Gardens,P1-U34,,,0
2024-12-20,1,Sunset Gardens,P1-U35,21,Resident21 Last21,6548
2024-12-20,1,Sunset Gardens,P1-U36,22,Resident22 Last22,5722
2024-12-20,1,Sunset Gardens,P1-U37,23,Resident23 Last23,6826
2024-12-20,1,Sunset Gardens,P1-U38,24,Resident24 Last24,5319
2024-12-20,1,Sunset Gardens,P1-U39,,,0
2024-12-20,1,Sunset Gardens,P1-U40,25,Resident25 Last25,3203
2024-12-20,1,Sunset Gardens,P1-U41,,,0
2024-12-20,1,Sunset Gardens,P1-U42,,,0
2024-12-20,1,Sunset Gardens,P1-U43,,,0
2024-12-20,1,Sunset Gardens,P1-U44,26,Resident26 Last26,4150
2024-12-20,1,Sunset Gardens,P1-U45,27,Resident27 Last27,3659
2024-12-20,1,Sunset Gardens,P1-U46,28,Resident28 Last28,4656
2024-12-20,1,Sunset Gardens,P1-U47,,,0
2024-12-20,1,Sunset Gardens,P1-U48,,,0
2024-12-20,1,Sunset Gardens,P1-U49,29,Resident29 Last29,4138
2024-12-20,1,Sunset Gardens,P1-U50,30,Resident30 Last30,6031
2024-12-20,2,Meadowbrook Senior Living,P2-U01,,,0
2024-12-20,2,Meadowbrook Senior Living,P2-U02,31,Resident31 Last31,3643
2024-12-20,2,Meadowbrook Senior Living,P2-U03,,,0
2024-12-20,2,Meadowbrook Senior Living,P2-U04,,,0
2024-12-20,2,Meadowbrook Senior Living,P2-U05,32,Resident32 Last32,5524
2024-12-20,2,Meadowbrook Senior Living,P2-U06,,,0
2024-12-20,2,Meadowbrook Senior Living,P2-U07,,,0
2024-12-20,2,Meadowbrook Senior Living,P2-U08,33,Resident33 Last33,7164
2024-12-20,2,Meadowbrook Senior Living,P2-U09,34,Resident34 Last34,6565
2024-12-20,2,Meadowbrook Senior Living,P2-U10,,,0
2024-12-20,2,Meadowbrook Senior Living,P2-U11,,,0
2024-12-20,2,Meadowbrook Senior Living,P2-U12,35,Resident35 Last35,5476
2024-12-20,2,Meadowbrook Senior Living,P2-U13,36,Resident36 Last36,4795
2024-12-20,2,Meadowbrook Senior Living,P2-U14,37,Resident37 Last37,6972
2024-12-20,2,Meadowbrook Senior Living,P2-U15,,,0
2024-12-20,2,Meadowbrook Senior Living,P2-U16,38,Resident38 Last38,6144
2024-12-20,2,Meadowbrook Senior Living,P2-U17,39,Resident39 Last39,3646
2024-12-20,2,Meadowbrook Senior Living,P2-U18,40,Resident40 Last40,6397
2024-12-20,2,Meadowbrook Senior Living,P2-U19,,,0
2024-12-20,2,Meadowbrook Senior Living,P2-U20,41,Resident41 Last41,3058
2024-12-20,2,Meadowbrook Senior Living,P2-U21,42,Resident42 Last42,4782
2024-12-20,2,Meadowbrook Senior Living,P2-U22,43,Resident43 Last43,5894
2024-12-20,2,Meadowbrook Senior Living,P2-U23,,,0
2024-12-20,2,Meadowbrook Senior Living,P2-U24,44,Resident44 Last44,7471
2024-12-20,2,Meadowbrook Senior Living,P2-U25,45,Resident45 Last45,5210
2024-12-20,2,Meadowbrook Senior Living,P2-U26,,,0
2024-12-20,2,Meadowbrook Senior Living,P2-U27,,,0
2024-12-20,2,Meadowbrook Senior Living,P2-U28,,,0
2024-12-20,2,Meadowbrook Senior Living,P2-U29,,,0
2024-12-20,2,Meadowbrook Senior Living,P2-U30,,,0
2024-12-20,2,Meadowbrook Senior Living,P2-U31,,,0
2024-12-20,2,Meadowbrook Senior Living,P2-U32,,,0
2024-12-20,2,Meadowbrook Senior Living,P2-U33,46,Resident46 Last46,4824
2024-12-20,2,Meadowbrook Senior Living,P2-U34,,,0
2024-12-20,2,Meadowbrook Senior Living,P2-U35,,,0
2024-12-20,2,Meadowbrook Senior Living,P2-U36,,,0
2024-12-20,2,Meadowbrook Senior Living,P2-U37,47,Resident47 Last47,5894
2024-12-20,2,Meadowbrook Senior Living,P2-U38,48,Resident48 Last48,3847
2024-12-20,2,Meadowbrook Senior Living,P2-U39,49,Resident49 Last49,3512
2024-12-20,2,Meadowbrook Senior Living,P2-U40,50,Resident50 Last50,5383
2024-12-20,2,Meadowbrook Senior Living,P2-U41,,,0
2024-12-20,2,Meadowbrook Senior Living,P2-U42,51,Resident51 Last51,6956
2024-12-20,2,Meadowbrook Senior Living,P2-U43,52,Resident52 Last52,4271
2024-12-20,2,Meadowbrook Senior Living,P2-U44,53,Resident53 Last53,6044
2024-12-20,2,Meadowbrook Senior Living,P2-U45,,,0
2024-12-20,2,Meadowbrook Senior Living,P2-U46,54,Resident54 Last54,4954
2024-12-20,2,Meadowbrook Senior Living,P2-U47,55,Resident55 Last55,7311
2024-12-20,2,Meadowbrook Senior Living,P2-U48,56,Resident56 Last56,3751
2024-12-20,2,Meadowbrook Senior Living,P2-U49,57,Resident57 Last57,3429
2024-12-20,2,Meadowbrook Senior Living,P2-U50,,,0
2024-12-20,3,Riverside Retirement Community,P3-U01,58,Resident58 Last58,6334
2024-12-20,3,Riverside Retirement Community,P3-U02,,,0
2024-12-20,3,Riverside Retirement Community,P3-U03,,,0
2024-12-20,3,Riverside Retirement Community,P3-U04,,,0
2024-12-20,3,Riverside Retirement Community,P3-U05,,,0
2024-12-20,3,Riverside Retirement Community,P3-U06,60,Resident60 Last60,4602
2024-12-20,3,Riverside Retirement Community,P3-U07,61,Resident61 Last61,3142
2024-12-20,3,Riverside Retirement Community,P3-U08,62,Resident62 Last62,5599
2024-12-20,3,Riverside Retirement Community,P3-U09,63,Resident63 Last63,4741
2024-12-20,3,Riverside Retirement Community,P3-U10,,,0
2024-12-20,3,Riverside Retirement Community,P3-U11,,,0
2024-12-20,3,Riverside Retirement Community,P3-U12,,,0
2024-12-20,3,Riverside Retirement Community,P3-U13,,,0
2024-12-20,3,Riverside Retirement Community,P3-U14,64,Resident64 Last64,4016
2024-12-20,3,Riverside Retirement Community,P3-U15,65,Resident65 Last65,5094
2024-12-20,3,Riverside Retirement Community,P3-U16,66,Resident66 Last66,7369
2024-12-20,3,Riverside Retirement Community,P3-U17,67,Resident67 Last67,5123
2024-12-20,3,Riverside Retirement Community,P3-U18,,,0
2024-12-20,3,Riverside Retirement Community,P3-U19,,,0
2024-12-20,3,Riverside Retirement Community,P3-U20,,,0
2024-12-20,3,Riverside Retirement Community,P3-U21,70,Resident70 Last70,4784
2024-12-20,3,Riverside Retirement Community,P3-U22,71,Resident71 Last71,3684
2024-12-20,3,Riverside Retirement Community,P3-U23,72,Resident72 Last72,3763
2024-12-20,3,Riverside Retirement Community,P3-U24,73,Resident73 Last73,3612
2024-12-20,3,Riverside Retirement Community,P3-U25,74,Resident74 Last74,6679
2024-12-20,3,Riverside Retirement Community,P3-U26,,,0
2024-12-20,3,Riverside Retirement Community,P3-U27,,,0
2024-12-20,3,Riverside Retirement Community,P3-U28,,,0
2024-12-20,3,Riverside Retirement Community,P3-U29,,,0
2024-12-20,3,Riverside Retirement Community,P3-U30,,,0
2024-12-20,3,Riverside Retirement Community,P3-U31,,,0
2024-12-20,3,Riverside Retirement Community,P3-U32,75,Resident75 Last75,6998
2024-12-20,3,Riverside Retirement Community,P3-U33,,,0
2024-12-20,3,Riverside Retirement Community,P3-U34,77,Resident77 Last77,4456
2024-12-20,3,Riverside Retirement Community,P3-U35,,,0
2024-12-20,3,Riverside Retirement Community,P3-U36,78,Resident78 Last78,6502
2024-12-20,3,Riverside Retirement Community,P3-U37,,,0
2024-12-20,3,Riverside Retirement Community,P3-U38,79,Resident79 Last79,7014
2024-12-20,3,Riverside Retirement Community,P3-U39,80,Resident80 Last80,4317
2024-12-20,3,Riverside Retirement Community,P3-U40,81,Resident81 Last81,5835
2024-12-20,3,Riverside Retirement Community,P3-U41,82,Resident82 Last82,3465
2024-12-20,3,Riverside Retirement Community,P3-U42,83,Resident83 Last83,4381
2024-12-20,3,Riverside Retirement Community,P3-U43,,,0
2024-12-20,3,Riverside Retirement Community,P3-U44,84,Resident84 Last84,6325
2024-12-20,3,Riverside Retirement Community,P3-U45,,,0
2024-12-20,3,Riverside Retirement Community,P3-U46,,,0
2024-12-20,3,Riverside Retirement Community,P3-U47,85,Resident85 Last85,6135
2024-12-20,3,Riverside Retirement Community,P3-U48,86,Resident86 Last86,4208
2024-12-20,3,Riverside Retirement Community,P3-U49,87,Resident87 Last87,4723
2024-12-20,3,Riverside Retirement Community,P3-U50,88,Resident88 Last88,3664
2024-12-21,1,Sunset Gardens,P1-U01,,,0
2024-12-21,1,Sunset Gardens,P1-U02,1,Resident1 Last1,4103
2024-12-21,1,Sunset Gardens,P1-U03,2,Resident2 Last2,4626
2024-12-21,1,Sunset Gardens,P1-U04,3,Resident3 Last3,3710
2024-12-21,1,Sunset Gardens,P1-U05,4,Resident4 Last4,4469
2024-12-21,1,Sunset Gardens,P1-U06,,,0
2024-12-21,1,Sunset Gardens,P1-U07,5,Resident5 Last5,6368
2024-12-21,1,Sunset Gardens,P1-U08,6,Resident6 Last6,4726
2024-12-21,1,Sunset Gardens,P1-U09,,,0
2024-12-21,1,Sunset Gardens,P1-U10,8,Resident8 Last8,5207
2024-12-21,1,Sunset Gardens,P1-U11,9,Resident9 Last9,6915
2024-12-21,1,Sunset Gardens,P1-U12,10,Resident10 Last10,3888
2024-12-21,1,Sunset Gardens,P1-U13,11,Resident11 Last11,4505
2024-12-21,1,Sunset Gardens,P1-U14,12,Resident12 Last12,6471
2024-12-21,1,Sunset Gardens,P1-U15,,,0
2024-12-21,1,Sunset Gardens,P1-U16,,,0
2024-12-21,1,Sunset Gardens,P1-U17,,,0
2024-12-21,1,Sunset Gardens,P1-U18,13,Resident13 Last13,3438
2024-12-21,1,Sunset Gardens,P1-U19,14,Resident14 Last14,5725
2024-12-21,1,Sunset Gardens,P1-U20,,,0
2024-12-21,1,Sunset Gardens,P1-U21,15,Resident15 Last15,7434
2024-12-21,1,Sunset Gardens,P1-U22,,,0
2024-12-21,1,Sunset Gardens,P1-U23,,,0
2024-12-21,1,Sunset Gardens,P1-U24,,,0
2024-12-21,1,Sunset Gardens,P1-U25,,,0
2024-12-21,1,Sunset Gardens,P1-U26,16,Resident16 Last16,6062
2024-12-21,1,Sunset Gardens,P1-U27,,,0
2024-12-21,1,Sunset Gardens,P1-U28,17,Resident17 Last17,4390
2024-12-21,1,Sunset Gardens,P1-U29,18,Resident18 Last18,3165
2024-12-21,1,Sunset Gardens,P1-U30,,,0
2024-12-21,1,Sunset Gardens,P1-U31,19,Resident19 Last19,3698
2024-12-21,1,Sunset Gardens,P1-U32,,,0
2024-12-21,1,Sunset Gardens,P1-U33,20,Resident20 Last20,4589
2024-12-21,1,Sunset Gardens,P1-U34,,,0
2024-12-21,1,Sunset Gardens,P1-U35,21,Resident21 Last21,6548
2024-12-21,1,Sunset Gardens,P1-U36,22,Resident22 Last22,5722
2024-12-21,1,Sunset Gardens,P1-U37,23,Resident23 Last23,6826
2024-12-21,1,Sunset Gardens,P1-U38,24,Resident24 Last24,5319
2024-12-21,1,Sunset Gardens,P1-U39,,,0
2024-12-21,1,Sunset Gardens,P1-U40,25,Resident25 Last25,3203
2024-12-21,1,Sunset Gardens,P1-U41,,,0
2024-12-21,1,Sunset Gardens,P1-U42,,,0
2024-12-21,1,Sunset Gardens,P1-U43,,,0
2024-12-21,1,Sunset Gardens,P1-U44,26,Resident26 Last26,4150
2024-12-21,1,Sunset Gardens,P1-U45,27,Resident27 Last27,3659
2024-12-21,1,Sunset Gardens,P1-U46,28,Resident28 Last28,4656
2024-12-21,1,Sunset Gardens,P1-U47,,,0
2024-12-21,1,Sunset Gardens,P1-U48,92,Resident92 Last92,7230
2024-12-21,1,Sunset Gardens,P1-U49,29,Resident29 Last29,4138
2024-12-21,1,Sunset Gardens,P1-U50,30,Resident30 Last30,6031
2024-12-21,2,Meadowbrook Senior Living,P2-U01,,,0
2024-12-21,2,Meadowbrook Senior Living,P2-U02,31,Resident31 Last31,3643
2024-12-21,2,Meadowbrook Senior Living,P2-U03,,,0
2024-12-21,2,Meadowbrook Senior Living,P2-U04,,,0
2024-12-21,2,Meadowbrook Senior Living,P2-U05,32,Resident32 Last32,5524
2024-12-21,2,Meadowbrook Senior Living,P2-U06,,,0
2024-12-21,2,Meadowbrook Senior Living,P2-U07,,,0
2024-12-21,2,Meadowbrook Senior Living,P2-U08,33,Resident33 Last33,7164
2024-12-21,2,Meadowbrook Senior Living,P2-U09,34,Resident34 Last34,6565
2024-12-21,2,Meadowbrook Senior Living,P2-U10,,,0
2024-12-21,2,Meadowbrook Senior Living,P2-U11,,,0
2024-12-21,2,Meadowbrook Senior Living,P2-U12,35,Resident35 Last35,5476
2024-12-21,2,Meadowbrook Senior Living,P2-U13,36,Resident36 Last36,4795
2024-12-21,2,Meadowbrook Senior Living,P2-U14,37,Resident37 Last37,6972
2024-12-21,2,Meadowbrook Senior Living,P2-U15,,,0
2024-12-21,2,Meadowbrook Senior Living,P2-U16,38,Resident38 Last38,6144
2024-12-21,2,Meadowbrook Senior Living,P2-U17,39,Resident39 Last39,3646
2024-12-21,2,Meadowbrook Senior Living,P2-U18,40,Resident40 Last40,6397
2024-12-21,2,Meadowbrook Senior Living,P2-U19,,,0
2024-12-21,2,Meadowbrook Senior Living,P2-U20,41,Resident41 Last41,3058
2024-12-21,2,Meadowbrook Senior Living,P2-U21,42,Resident42 Last42,4782
2024-12-21,2,Meadowbrook Senior Living,P2-U22,43,Resident43 Last43,5894
2024-12-21,2,Meadowbrook Senior Living,P2-U23,,,0
2024-12-21,2,Meadowbrook Senior Living,P2-U24,44,Resident44 Last44,7471
2024-12-21,2,Meadowbrook Senior Living,P2-U25,45,Resident45 Last45,5210
2024-12-21,2,Meadowbrook Senior Living,P2-U26,,,0
2024-12-21,2,Meadowbrook Senior Living,P2-U27,,,0
2024-12-21,2,Meadowbrook Senior Living,P2-U28,,,0
2024-12-21,2,Meadowbrook Senior Living,P2-U29,,,0
2024-12-21,2,Meadowbrook Senior Living,P2-U30,,,0
2024-12-21,2,Meadowbrook Senior Living,P2-U31,,,0
2024-12-21,2,Meadowbrook Senior Living,P2-U32,,,0
2024-12-21,2,Meadowbrook Senior Living,P2-U33,46,Resident46 Last46,4824
2024-12-21,2,Meadowbrook Senior Living,P2-U34,,,0
2024-12-21,2,Meadowbrook Senior Living,P2-U35,,,0
2024-12-21,2,Meadowbrook Senior Living,P2-U36,,,0
2024-12-21,2,Meadowbrook Senior Living,P2-U37,47,Resident47 Last47,5894
2024-12-21,2,Meadowbrook Senior Living,P2-U38,48,Resident48 Last48,3847
2024-12-21,2,Meadowbrook Senior Living,P2-U39,49,Resident49 Last49,3512
2024-12-21,2,Meadowbrook Senior Living,P2-U40,50,Resident50 Last50,5383
2024-12-21,2,Meadowbrook Senior Living,P2-U41,,,0
2024-12-21,2,Meadowbrook Senior Living,P2-U42,51,Resident51 Last51,6956
2024-12-21,2,Meadowbrook Senior Living,P2-U43,52,Resident52 Last52,4271
2024-12-21,2,Meadowbrook Senior Living,P2-U44,53,Resident53 Last53,6044
2024-12-21,2,Meadowbrook Senior Living,P2-U45,,,0
2024-12-21,2,Meadowbrook Senior Living,P2-U46,54,Resident54 Last54,4954
2024-12-21,2,Meadowbrook Senior Living,P2-U47,55,Resident55 Last55,7311
2024-12-21,2,Meadowbrook Senior Living,P2-U48,56,Resident56 Last56,3751
2024-12-21,2,Meadowbrook Senior Living,P2-U49,57,Resident57 Last57,3429
2024-12-21,2,Meadowbrook Senior Living,P2-U50,,,0
2024-12-21,3,Riverside Retirement Community,P3-U01,58,Resident58 Last58,6334
2024-12-21,3,Riverside Retirement Community,P3-U02,,,0
2024-12-21,3,Riverside Retirement Community,P3-U03,,,0
2024-12-21,3,Riverside Retirement Community,P3-U04,,,0
2024-12-21,3,Riverside Retirement Community,P3-U05,,,0
2024-12-21,3,Riverside Retirement Community,P3-U06,60,Resident60 Last60,4602
2024-12-21,3,Riverside Retirement Community,P3-U07,61,Resident61 Last61,3142
2024-12-21,3,Riverside Retirement Community,P3-U08,62,Resident62 Last62,5599
2024-12-21,3,Riverside Retirement Community,P3-U09,63,Resident63 Last63,4741
2024-12-21,3,Riverside Retirement Community,P3-U10,,,0
2024-12-21,3,Riverside Retirement Community,P3-U11,,,0
2024-12-21,3,Riverside Retirement Community,P3-U12,,,0
2024-12-21,3,Riverside Retirement Community,P3-U13,,,0
2024-12-21,3,Riverside Retirement Community,P3-U14,64,Resident64 Last64,4016
2024-12-21,3,Riverside Retirement Community,P3-U15,65,Resident65 Last65,5094
2024-12-21,3,Riverside Retirement Community,P3-U16,66,Resident66 Last66,7369
2024-12-21,3,Riverside Retirement Community,P3-U17,67,Resident67 Last67,5257
2024-12-21,3,Riverside Retirement Community,P3-U18,,,0
2024-12-21,3,Riverside Retirement Community,P3-U19,,,0
2024-12-21,3,Riverside Retirement Community,P3-U20,,,0
2024-12-21,3,Riverside Retirement Community,P3-U21,70,Resident70 Last70,4784
2024-12-21,3,Riverside Retirement Community,P3-U22,71,Resident71 Last71,3684
2024-12-21,3,Riverside Retirement Community,P3-U23,72,Resident72 Last72,3763
2024-12-21,3,Riverside Retirement Community,P3-U24,73,Resident73 Last73,3612
2024-12-21,3,Riverside Retirement Community,P3-U25,74,Resident74 Last74,6679
2024-12-21,3,Riverside Retirement Community,P3-U26,,,0
2024-12-21,3,Riverside Retirement Community,P3-U27,,,0
2024-12-21,3,Riverside Retirement Community,P3-U28,,,0
2024-12-21,3,Riverside Retirement Community,P3-U29,,,0
2024-12-21,3,Riverside Retirement Community,P3-U30,,,0
2024-12-21,3,Riverside Retirement Community,P3-U31,,,0
2024-12-21,3,Riverside Retirement Community,P3-U32,75,Resident75 Last75,6998
2024-12-21,3,Riverside Retirement Community,P3-U33,,,0
2024-12-21,3,Riverside Retirement Community,P3-U34,77,Resident77 Last77,4456
2024-12-21,3,Riverside Retirement Community,P3-U35,,,0
2024-12-21,3,Riverside Retirement Community,P3-U36,78,Resident78 Last78,6502
2024-12-21,3,Riverside Retirement Community,P3-U37,,,0
2024-12-21,3,Riverside Retirement Community,P3-U38,79,Resident79 Last79,7014
2024-12-21,3,Riverside Retirement Community,P3-U39,80,Resident80 Last80,4317
2024-12-21,3,Riverside Retirement Community,P3-U40,81,Resident81 Last81,5835
2024-12-21,3,Riverside Retirement Community,P3-U41,82,Resident82 Last82,3465
2024-12-21,3,Riverside Retirement Community,P3-U42,83,Resident83 Last83,4381
2024-12-21,3,Riverside Retirement Community,P3-U43,,,0
2024-12-21,3,Riverside Retirement Community,P3-U44,84,Resident84 Last84,6325
2024-12-21,3,Riverside Retirement Community,P3-U45,,,0
2024-12-21,3,Riverside Retirement Community,P3-U46,,,0
2024-12-21,3,Riverside Retirement Community,P3-U47,85,Resident85 Last85,6135
2024-12-21,3,Riverside Retirement Community,P3-U48,86,Resident86 Last86,4208
2024-12-21,3,Riverside Retirement Community,P3-U49,87,Resident87 Last87,4723
2024-12-21,3,Riverside Retirement Community,P3-U50,88,Resident88 Last88,3664
2024-12-22,1,Sunset Gardens,P1-U01,,,0
2024-12-22,1,Sunset Gardens,P1-U02,1,Resident1 Last1,4103
2024-12-22,1,Sunset Gardens,P1-U03,2,Resident2 Last2,4626
2024-12-22,1,Sunset Gardens,P1-U04,3,Resident3 Last3,3710
2024-12-22,1,Sunset Gardens,P1-U05,4,Resident4 Last4,4469
2024-12-22,1,Sunset Gardens,P1-U06,,,0
2024-12-22,1,Sunset Gardens,P1-U07,5,Resident5 Last5,6368
2024-12-22,1,Sunset Gardens,P1-U08,6,Resident6 Last6,4726
2024-12-22,1,Sunset Gardens,P1-U09,,,0
2024-12-22,1,Sunset Gardens,P1-U10,8,Resident8 Last8,5207
2024-12-22,1,Sunset Gardens,P1-U11,9,Resident9 Last9,6915
2024-12-22,1,Sunset Gardens,P1-U12,10,Resident10 Last10,3888
2024-12-22,1,Sunset Gardens,P1-U13,11,Resident11 Last11,4505
2024-12-22,1,Sunset Gardens,P1-U14,12,Resident12 Last12,6471
2024-12-22,1,Sunset Gardens,P1-U15,,,0
2024-12-22,1,Sunset Gardens,P1-U16,,,0
2024-12-22,1,Sunset Gardens,P1-U17,,,0
2024-12-22,1,Sunset Gardens,P1-U18,13,Resident13 Last13,3438
2024-12-22,1,Sunset Gardens,P1-U19,14,Resident14 Last14,5725
2024-12-22,1,Sunset Gardens,P1-U20,,,0
2024-12-22,1,Sunset Gardens,P1-U21,15,Resident15 Last15,7434
2024-12-22,1,Sunset Gardens,P1-U22,,,0
2024-12-22,1,Sunset Gardens,P1-U23,,,0
2024-12-22,1,Sunset Gardens,P1-U24,,,0
2024-12-22,1,Sunset Gardens,P1-U25,,,0
2024-12-22,1,Sunset Gardens,P1-U26,16,Resident16 Last16,6062
2024-12-22,1,Sunset Gardens,P1-U27,,,0
2024-12-22,1,Sunset Gardens,P1-U28,17,Resident17 Last17,4390
2024-12-22,1,Sunset Gardens,P1-U29,18,Resident18 Last18,3165
2024-12-22,1,Sunset Gardens,P1-U30,,,0
2024-12-22,1,Sunset Gardens,P1-U31,19,Resident19 Last19,3698
2024-12-22,1,Sunset Gardens,P1-U32,,,0
2024-12-22,1,Sunset Gardens,P1-U33,20,Resident20 Last20,4589
2024-12-22,1,Sunset Gardens,P1-U34,,,0
2024-12-22,1,Sunset Gardens,P1-U35,21,Resident21 Last21,6548
2024-12-22,1,Sunset Gardens,P1-U36,22,Resident22 Last22,5722
2024-12-22,1,Sunset Gardens,P1-U37,23,Resident23 Last23,6826
2024-12-22,1,Sunset Gardens,P1-U38,24,Resident24 Last24,5319
2024-12-22,1,Sunset Gardens,P1-U39,,,0
2024-12-22,1,Sunset Gardens,P1-U40,25,Resident25 Last25,3203
2024-12-22,1,Sunset Gardens,P1-U41,,,0
2024-12-22,1,Sunset Gardens,P1-U42,,,0
2024-12-22,1,Sunset Gardens,P1-U43,,,0
2024-12-22,1,Sunset Gardens,P1-U44,26,Resident26 Last26,4150
2024-12-22,1,Sunset Gardens,P1-U45,27,Resident27 Last27,3659
2024-12-22,1,Sunset Gardens,P1-U46,28,Resident28 Last28,4656
2024-12-22,1,Sunset Gardens,P1-U47,,,0
2024-12-22,1,Sunset Gardens,P1-U48,92,Resident92 Last92,7230
2024-12-22,1,Sunset Gardens,P1-U49,29,Resident29 Last29,4138
2024-12-22,1,Sunset Gardens,P1-U50,30,Resident30 Last30,6031
2024-12-22,2,Meadowbrook Senior Living,P2-U01,,,0
2024-12-22,2,Meadowbrook Senior Living,P2-U02,31,Resident31 Last31,3643
2024-12-22,2,Meadowbrook Senior Living,P2-U03,,,0
2024-12-22,2,Meadowbrook Senior Living,P2-U04,,,0
2024-12-22,2,Meadowbrook Senior Living,P2-U05,32,Resident32 Last32,5524
2024-12-22,2,Meadowbrook Senior Living,P2-U06,,,0
2024-12-22,2,Meadowbrook Senior Living,P2-U07,,,0
2024-12-22,2,Meadowbrook Senior Living,P2-U08,33,Resident33 Last33,7164
2024-12-22,2,Meadowbrook Senior Living,P2-U09,34,Resident34 Last34,6565
2024-12-22,2,Meadowbrook Senior Living,P2-U10,,,0
2024-12-22,2,Meadowbrook Senior Living,P2-U11,,,0
2024-12-22,2,Meadowbrook Senior Living,P2-U12,35,Resident35 Last35,5476
2024-12-22,2,Meadowbrook Senior Living,P2-U13,36,Resident36 Last36,4795
2024-12-22,2,Meadowbrook Senior Living,P2-U14,37,Resident37 Last37,6972
2024-12-22,2,Meadowbrook Senior Living,P2-U15,,,0
2024-12-22,2,Meadowbrook Senior Living,P2-U16,38,Resident38 Last38,6144
2024-12-22,2,Meadowbrook Senior Living,P2-U17,39,Resident39 Last39,3646
2024-12-22,2,Meadowbrook Senior Living,P2-U18,40,Resident40 Last40,6397
2024-12-22,2,Meadowbrook Senior Living,P2-U19,,,0
2024-12-22,2,Meadowbrook Senior Living,P2-U20,41,Resident41 Last41,3058
2024-12-22,2,Meadowbrook Senior Living,P2-U21,42,Resident42 Last42,4782
2024-12-22,2,Meadowbrook Senior Living,P2-U22,43,Resident43 Last43,5894
2024-12-22,2,Meadowbrook Senior Living,P2-U23,,,0
2024-12-22,2,Meadowbrook Senior Living,P2-U24,44,Resident44 Last44,7471
2024-12-22,2,Meadowbrook Senior Living,P2-U25,45,Resident45 Last45,5210
2024-12-22,2,Meadowbrook Senior Living,P2-U26,,,0
2024-12-22,2,Meadowbrook Senior Living,P2-U27,,,0
2024-12-22,2,Meadowbrook Senior Living,P2-U28,,,0
2024-12-22,2,Meadowbrook Senior Living,P2-U29,,,0
2024-12-22,2,Meadowbrook Senior Living,P2-U30,,,0
2024-12-22,2,Meadowbrook Senior Living,P2-U31,,,0
2024-12-22,2,Meadowbrook Senior Living,P2-U32,,,0
2024-12-22,2,Meadowbrook Senior Living,P2-U33,46,Resident46 Last46,4824
2024-12-22,2,Meadowbrook Senior Living,P2-U34,,,0
2024-12-22,2,Meadowbrook Senior Living,P2-U35,,,0
2024-12-22,2,Meadowbrook Senior Living,P2-U36,,,0
2024-12-22,2,Meadowbrook Senior Living,P2-U37,47,Resident47 Last47,5894
2024-12-22,2,Meadowbrook Senior Living,P2-U38,48,Resident48 Last48,3847
2024-12-22,2,Meadowbrook Senior Living,P2-U39,49,Resident49 Last49,3512
2024-12-22,2,Meadowbrook Senior Living,P2-U40,50,Resident50 Last50,5383
2024-12-22,2,Meadowbrook Senior Living,P2-U41,,,0
2024-12-22,2,Meadowbrook Senior Living,P2-U42,51,Resident51 Last51,6956
2024-12-22,2,Meadowbrook Senior Living,P2-U43,52,Resident52 Last52,4271
2024-12-22,2,Meadowbrook Senior Living,P2-U44,53,Resident53 Last53,6044
2024-12-22,2,Meadowbrook Senior Living,P2-U45,,,0
2024-12-22,2,Meadowbrook Senior Living,P2-U46,54,Resident54 Last54,4954
2024-12-22,2,Meadowbrook Senior Living,P2-U47,55,Resident55 Last55,7311
2024-12-22,2,Meadowbrook Senior Living,P2-U48,56,Resident56 Last56,3751
2024-12-22,2,Meadowbrook Senior Living,P2-U49,57,Resident57 Last57,3429
2024-12-22,2,Meadowbrook Senior Living,P2-U50,,,0
2024-12-22,3,Riverside Retirement Community,P3-U01,58,Resident58 Last58,6334
2024-12-22,3,Riverside Retirement Community,P3-U02,,,0
2024-12-22,3,Riverside Retirement Community,P3-U03,,,0
2024-12-22,3,Riverside Retirement Community,P3-U04,,,0
2024-12-22,3,Riverside Retirement Community,P3-U05,,,0
2024-12-22,3,Riverside Retirement Community,P3-U06,60,Resident60 Last60,4602
2024-12-22,3,Riverside Retirement Community,P3-U07,61,Resident61 Last61,3142
2024-12-22,3,Riverside Retirement Community,P3-U08,62,Resident62 Last62,5599
2024-12-22,3,Riverside Retirement Community,P3-U09,63,Resident63 Last63,4741
2024-12-22,3,Riverside Retirement Community,P3-U10,,,0
2024-12-22,3,Riverside Retirement Community,P3-U11,,,0
2024-12-22,3,Riverside Retirement Community,P3-U12,,,0
2024-12-22,3,Riverside Retirement Community,P3-U13,,,0
2024-12-22,3,Riverside Retirement Community,P3-U14,64,Resident64 Last64,4016
2024-12-22,3,Riverside Retirement Community,P3-U15,65,Resident65 Last65,5094
2024-12-22,3,Riverside Retirement Community,P3-U16,66,Resident66 Last66,7369
2024-12-22,3,Riverside Retirement Community,P3-U17,67,Resident67 Last67,5257
2024-12-22,3,Riverside Retirement Community,P3-U18,,,0
2024-12-22,3,Riverside Retirement Community,P3-U19,,,0
2024-12-22,3,Riverside Retirement Community,P3-U20,,,0
2024-12-22,3,Riverside Retirement Community,P3-U21,70,Resident70 Last70,4784
2024-12-22,3,Riverside Retirement Community,P3-U22,71,Resident71 Last71,3684
2024-12-22,3,Riverside Retirement Community,P3-U23,72,Resident72 Last72,3763
2024-12-22,3,Riverside Retirement Community,P3-U24,73,Resident73 Last73,3612
2024-12-22,3,Riverside Retirement Community,P3-U25,74,Resident74 Last74,6679
2024-12-22,3,Riverside Retirement Community,P3-U26,,,0
2024-12-22,3,Riverside Retirement Community,P3-U27,,,0
2024-12-22,3,Riverside Retirement Community,P3-U28,,,0
2024-12-22,3,Riverside Retirement Community,P3-U29,,,0
2024-12-22,3,Riverside Retirement Community,P3-U30,,,0
2024-12-22,3,Riverside Retirement Community,P3-U31,,,0
2024-12-22,3,Riverside Retirement Community,P3-U32,75,Resident75 Last75,6998
2024-12-22,3,Riverside Retirement Community,P3-U33,,,0
2024-12-22,3,Riverside Retirement Community,P3-U34,77,Resident77 Last77,4456
2024-12-22,3,Riverside Retirement Community,P3-U35,,,0
2024-12-22,3,Riverside Retirement Community,P3-U36,78,Resident78 Last78,6502
2024-12-22,3,Riverside Retirement Community,P3-U37,,,0
2024-12-22,3,Riverside Retirement Community,P3-U38,79,Resident79 Last79,7014
2024-12-22,3,Riverside Retirement Community,P3-U39,80,Resident80 Last80,4317
2024-12-22,3,Riverside Retirement Community,P3-U40,81,Resident81 Last81,5835
2024-12-22,3,Riverside Retirement Community,P3-U41,82,Resident82 Last82,3465
2024-12-22,3,Riverside Retirement Community,P3-U42,83,Resident83 Last83,4381
2024-12-22,3,Riverside Retirement Community,P3-U43,,,0
2024-12-22,3,Riverside Retirement Community,P3-U44,84,Resident84 Last84,6325
2024-12-22,3,Riverside Retirement Community,P3-U45,,,0
2024-12-22,3,Riverside Retirement Community,P3-U46,,,0
2024-12-22,3,Riverside Retirement Community,P3-U47,85,Resident85 Last85,6135
2024-12-22,3,Riverside Retirement Community,P3-U48,86,Resident86 Last86,4208
2024-12-22,3,Riverside Retirement Community,P3-U49,87,Resident87 Last87,4723
2024-12-22,3,Riverside Retirement Community,P3-U50,88,Resident88 Last88,3664
2024-12-23,1,Sunset Gardens,P1-U01,,,0
2024-12-23,1,Sunset Gardens,P1-U02,1,Resident1 Last1,4103
2024-12-23,1,Sunset Gardens,P1-U03,2,Resident2 Last2,4626
2024-12-23,1,Sunset Gardens,P1-U04,3,Resident3 Last3,3710
2024-12-23,1,Sunset Gardens,P1-U05,4,Resident4 Last4,4469
2024-12-23,1,Sunset Gardens,P1-U06,,,0
2024-12-23,1,Sunset Gardens,P1-U07,5,Resident5 Last5,6368
2024-12-23,1,Sunset Gardens,P1-U08,6,Resident6 Last6,4726
2024-12-23,1,Sunset Gardens,P1-U09,,,0
2024-12-23,1,Sunset Gardens,P1-U10,8,Resident8 Last8,5207
2024-12-23,1,Sunset Gardens,P1-U11,9,Resident9 Last9,6915
2024-12-23,1,Sunset Gardens,P1-U12,10,Resident10 Last10,3888
2024-12-23,1,Sunset Gardens,P1-U13,11,Resident11 Last11,4505
2024-12-23,1,Sunset Gardens,P1-U14,12,Resident12 Last12,6471
2024-12-23,1,Sunset Gardens,P1-U15,,,0
2024-12-23,1,Sunset Gardens,P1-U16,,,0
2024-12-23,1,Sunset Gardens,P1-U17,,,0
2024-12-23,1,Sunset Gardens,P1-U18,13,Resident13 Last13,3438
2024-12-23,1,Sunset Gardens,P1-U19,14,Resident14 Last14,5725
2024-12-23,1,Sunset Gardens,P1-U20,,,0
2024-12-23,1,Sunset Gardens,P1-U21,15,Resident15 Last15,7434
2024-12-23,1,Sunset Gardens,P1-U22,,,0
2024-12-23,1,Sunset Gardens,P1-U23,,,0
2024-12-23,1,Sunset Gardens,P1-U24,,,0
2024-12-23,1,Sunset Gardens,P1-U25,,,0
2024-12-23,1,Sunset Gardens,P1-U26,16,Resident16 Last16,6062
2024-12-23,1,Sunset Gardens,P1-U27,,,0
2024-12-23,1,Sunset Gardens,P1-U28,17,Resident17 Last17,4390
2024-12-23,1,Sunset Gardens,P1-U29,18,Resident18 Last18,3165
2024-12-23,1,Sunset Gardens,P1-U30,91,Resident91 Last91,6743
2024-12-23,1,Sunset Gardens,P1-U31,19,Resident19 Last19,3698
2024-12-23,1,Sunset Gardens,P1-U32,,,0
2024-12-23,1,Sunset Gardens,P1-U33,20,Resident20 Last20,4589
2024-12-23,1,Sunset Gardens,P1-U34,,,0
2024-12-23,1,Sunset Gardens,P1-U35,21,Resident21 Last21,6548
2024-12-23,1,Sunset Gardens,P1-U36,22,Resident22 Last22,5722
2024-12-23,1,Sunset Gardens,P1-U37,23,Resident23 Last23,6826
2024-12-23,1,Sunset Gardens,P1-U38,24,Resident24 Last24,5319
2024-12-23,1,Sunset Gardens,P1-U39,,,0
2024-12-23,1,Sunset Gardens,P1-U40,25,Resident25 Last25,3203
2024-12-23,1,Sunset Gardens,P1-U41,,,0
2024-12-23,1,Sunset Gardens,P1-U42,,,0
2024-12-23,1,Sunset Gardens,P1-U43,,,0
2024-12-23,1,Sunset Gardens,P1-U44,26,Resident26 Last26,4150
2024-12-23,1,Sunset Gardens,P1-U45,27,Resident27 Last27,3659
2024-12-23,1,Sunset Gardens,P1-U46,28,Resident28 Last28,4656
2024-12-23,1,Sunset Gardens,P1-U47,,,0
2024-12-23,1,Sunset Gardens,P1-U48,92,Resident92 Last92,7230
2024-12-23,1,Sunset Gardens,P1-U49,29,Resident29 Last29,4138
2024-12-23,1,Sunset Gardens,P1-U50,30,Resident30 Last30,6031
2024-12-23,2,Meadowbrook Senior Living,P2-U01,,,0
2024-12-23,2,Meadowbrook Senior Living,P2-U02,31,Resident31 Last31,3643
2024-12-23,2,Meadowbrook Senior Living,P2-U03,,,0
2024-12-23,2,Meadowbrook Senior Living,P2-U04,,,0
2024-12-23,2,Meadowbrook Senior Living,P2-U05,32,Resident32 Last32,5524
2024-12-23,2,Meadowbrook Senior Living,P2-U06,,,0
2024-12-23,2,Meadowbrook Senior Living,P2-U07,,,0
2024-12-23,2,Meadowbrook Senior Living,P2-U08,33,Resident33 Last33,7164
2024-12-23,2,Meadowbrook Senior Living,P2-U09,34,Resident34 Last34,6565
2024-12-23,2,Meadowbrook Senior Living,P2-U10,,,0
2024-12-23,2,Meadowbrook Senior Living,P2-U11,,,0
2024-12-23,2,Meadowbrook Senior Living,P2-U12,35,Resident35 Last35,5476
2024-12-23,2,Meadowbrook Senior Living,P2-U13,36,Resident36 Last36,4795
2024-12-23,2,Meadowbrook Senior Living,P2-U14,37,Resident37 Last37,6972
2024-12-23,2,Meadowbrook Senior Living,P2-U15,,,0
2024-12-23,2,Meadowbrook Senior Living,P2-U16,38,Resident38 Last38,6144
2024-12-23,2,Meadowbrook Senior Living,P2-U17,39,Resident39 Last39,3646
2024-12-23,2,Meadowbrook Senior Living,P2-U18,40,Resident40 Last40,6397
2024-12-23,2,Meadowbrook Senior Living,P2-U19,,,0
2024-12-23,2,Meadowbrook Senior Living,P2-U20,41,Resident41 Last41,3058
2024-12-23,2,Meadowbrook Senior Living,P2-U21,42,Resident42 Last42,4782
2024-12-23,2,Meadowbrook Senior Living,P2-U22,43,Resident43 Last43,5894
2024-12-23,2,Meadowbrook Senior Living,P2-U23,,,0
2024-12-23,2,Meadowbrook Senior Living,P2-U24,44,Resident44 Last44,7471
2024-12-23,2,Meadowbrook Senior Living,P2-U25,45,Resident45 Last45,5210
2024-12-23,2,Meadowbrook Senior Living,P2-U26,,,0
2024-12-23,2,Meadowbrook Senior Living,P2-U27,,,0
2024-12-23,2,Meadowbrook Senior Living,P2-U28,,,0
2024-12-23,2,Meadowbrook Senior Living,P2-U29,,,0
2024-12-23,2,Meadowbrook Senior Living,P2-U30,,,0
2024-12-23,2,Meadowbrook Senior Living,P2-U31,,,0
2024-12-23,2,Meadowbrook Senior Living,P2-U32,,,0
2024-12-23,2,Meadowbrook Senior Living,P2-U33,46,Resident46 Last46,4824
2024-12-23,2,Meadowbrook Senior Living,P2-U34,,,0
2024-12-23,2,Meadowbrook Senior Living,P2-U35,,,0
2024-12-23,2,Meadowbrook Senior Living,P2-U36,,,0
2024-12-23,2,Meadowbrook Senior Living,P2-U37,47,Resident47 Last47,5894
2024-12-23,2,Meadowbrook Senior Living,P2-U38,48,Resident48 Last48,3847
2024-12-23,2,Meadowbrook Senior Living,P2-U39,49,Resident49 Last49,3512
2024-12-23,2,Meadowbrook Senior Living,P2-U40,50,Resident50 Last50,5383
2024-12-23,2,Meadowbrook Senior Living,P2-U41,,,0
2024-12-23,2,Meadowbrook Senior Living,P2-U42,51,Resident51 Last51,6956
2024-12-23,2,Meadowbrook Senior Living,P2-U43,52,Resident52 Last52,4271
2024-12-23,2,Meadowbrook Senior Living,P2-U44,53,Resident53 Last53,6044
2024-12-23,2,Meadowbrook Senior Living,P2-U45,,,0
2024-12-23,2,Meadowbrook Senior Living,P2-U46,54,Resident54 Last54,4954
2024-12-23,2,Meadowbrook Senior Living,P2-U47,55,Resident55 Last55,7311
2024-12-23,2,Meadowbrook Senior Living,P2-U48,56,Resident56 Last56,3751
2024-12-23,2,Meadowbrook Senior Living,P2-U49,57,Resident57 Last57,3429
2024-12-23,2,Meadowbrook Senior Living,P2-U50,,,0
2024-12-23,3,Riverside Retirement Community,P3-U01,58,Resident58 Last58,6334
2024-12-23,3,Riverside Retirement Community,P3-U02,,,0
2024-12-23,3,Riverside Retirement Community,P3-U03,,,0
2024-12-23,3,Riverside Retirement Community,P3-U04,,,0
2024-12-23,3,Riverside Retirement Community,P3-U05,,,0
2024-12-23,3,Riverside Retirement Community,P3-U06,60,Resident60 Last60,4602
2024-12-23,3,Riverside Retirement Community,P3-U07,61,Resident61 Last61,3142
2024-12-23,3,Riverside Retirement Community,P3-U08,62,Resident62 Last62,5599
2024-12-23,3,Riverside Retirement Community,P3-U09,63,Resident63 Last63,4741
2024-12-23,3,Riverside Retirement Community,P3-U10,,,0
2024-12-23,3,Riverside Retirement Community,P3-U11,,,0
2024-12-23,3,Riverside Retirement Community,P3-U12,,,0
2024-12-23,3,Riverside Retirement Community,P3-U13,,,0
2024-12-23,3,Riverside Retirement Community,P3-U14,64,Resident64 Last64,4016
2024-12-23,3,Riverside Retirement Community,P3-U15,65,Resident65 Last65,5094
2024-12-23,3,Riverside Retirement Community,P3-U16,66,Resident66 Last66,7369
2024-12-23,3,Riverside Retirement Community,P3-U17,67,Resident67 Last67,5257
2024-12-23,3,Riverside Retirement Community,P3-U18,,,0
2024-12-23,3,Riverside Retirement Community,P3-U19,,,0
2024-12-23,3,Riverside Retirement Community,P3-U20,,,0
2024-12-23,3,Riverside Retirement Community,P3-U21,70,Resident70 Last70,4784
2024-12-23,3,Riverside Retirement Community,P3-U22,71,Resident71 Last71,3684
2024-12-23,3,Riverside Retirement Community,P3-U23,72,Resident72 Last72,3763
2024-12-23,3,Riverside Retirement Community,P3-U24,73,Resident73 Last73,3612
2024-12-23,3,Riverside Retirement Community,P3-U25,74,Resident74 Last74,6679
2024-12-23,3,Riverside Retirement Community,P3-U26,,,0
2024-12-23,3,Riverside Retirement Community,P3-U27,,,0
2024-12-23,3,Riverside Retirement Community,P3-U28,,,0
2024-12-23,3,Riverside Retirement Community,P3-U29,,,0
2024-12-23,3,Riverside Retirement Community,P3-U30,,,0
2024-12-23,3,Riverside Retirement Community,P3-U31,,,0
2024-12-23,3,Riverside Retirement Community,P3-U32,75,Resident75 Last75,6998
2024-12-23,3,Riverside Retirement Community,P3-U33,,,0
2024-12-23,3,Riverside Retirement Community,P3-U34,77,Resident77 Last77,4456
2024-12-23,3,Riverside Retirement Community,P3-U35,,,0
2024-12-23,3,Riverside Retirement Community,P3-U36,78,Resident78 Last78,6502
2024-12-23,3,Riverside Retirement Community,P3-U37,,,0
2024-12-23,3,Riverside Retirement Community,P3-U38,79,Resident79 Last79,7014
2024-12-23,3,Riverside Retirement Community,P3-U39,80,Resident80 Last80,4317
2024-12-23,3,Riverside Retirement Community,P3-U40,81,Resident81 Last81,5835
2024-12-23,3,Riverside Retirement Community,P3-U41,82,Resident82 Last82,3465
2024-12-23,3,Riverside Retirement Community,P3-U42,83,Resident83 Last83,4381
2024-12-23,3,Riverside Retirement Community,P3-U43,,,0
2024-12-23,3,Riverside Retirement Community,P3-U44,84,Resident84 Last84,6325
2024-12-23,3,Riverside Retirement Community,P3-U45,,,0
2024-12-23,3,Riverside Retirement Community,P3-U46,,,0
2024-12-23,3,Riverside Retirement Community,P3-U47,85,Resident85 Last85,6135
2024-12-23,3,Riverside Retirement Community,P3-U48,86,Resident86 Last86,4208
2024-12-23,3,Riverside Retirement Community,P3-U49,87,Resident87 Last87,4723
2024-12-23,3,Riverside Retirement Community,P3-U50,88,Resident88 Last88,3664
2024-12-24,1,Sunset Gardens,P1-U01,,,0
2024-12-24,1,Sunset Gardens,P1-U02,1,Resident1 Last1,4103
2024-12-24,1,Sunset Gardens,P1-U03,2,Resident2 Last2,4626
2024-12-24,1,Sunset Gardens,P1-U04,3,Resident3 Last3,3710
2024-12-24,1,Sunset Gardens,P1-U05,4,Resident4 Last4,4469
2024-12-24,1,Sunset Gardens,P1-U06,,,0
2024-12-24,1,Sunset Gardens,P1-U07,5,Resident5 Last5,6368
2024-12-24,1,Sunset Gardens,P1-U08,6,Resident6 Last6,4726
2024-12-24,1,Sunset Gardens,P1-U09,,,0
2024-12-24,1,Sunset Gardens,P1-U10,8,Resident8 Last8,5207
2024-12-24,1,Sunset Gardens,P1-U11,9,Resident9 Last9,6915
2024-12-24,1,Sunset Gardens,P1-U12,10,Resident10 Last10,3888
2024-12-24,1,Sunset Gardens,P1-U13,11,Resident11 Last11,4505
2024-12-24,1,Sunset Gardens,P1-U14,12,Resident12 Last12,6471
2024-12-24,1,Sunset Gardens,P1-U15,,,0
2024-12-24,1,Sunset Gardens,P1-U16,,,0
2024-12-24,1,Sunset Gardens,P1-U17,,,0
2024-12-24,1,Sunset Gardens,P1-U18,13,Resident13 Last13,3438
2024-12-24,1,Sunset Gardens,P1-U19,14,Resident14 Last14,5725
2024-12-24,1,Sunset Gardens,P1-U20,,,0
2024-12-24,1,Sunset Gardens,P1-U21,15,Resident15 Last15,7434
2024-12-24,1,Sunset Gardens,P1-U22,,,0
2024-12-24,1,Sunset Gardens,P1-U23,,,0
2024-12-24,1,Sunset Gardens,P1-U24,,,0
2024-12-24,1,Sunset Gardens,P1-U25,,,0
2024-12-24,1,Sunset Gardens,P1-U26,16,Resident16 Last16,6062
2024-12-24,1,Sunset Gardens,P1-U27,,,0
2024-12-24,1,Sunset Gardens,P1-U28,17,Resident17 Last17,4390
2024-12-24,1,Sunset Gardens,P1-U29,18,Resident18 Last18,3165
2024-12-24,1,Sunset Gardens,P1-U30,91,Resident91 Last91,6743
2024-12-24,1,Sunset Gardens,P1-U31,19,Resident19 Last19,3698
2024-12-24,1,Sunset Gardens,P1-U32,,,0
2024-12-24,1,Sunset Gardens,P1-U33,20,Resident20 Last20,4589
2024-12-24,1,Sunset Gardens,P1-U34,,,0
2024-12-24,1,Sunset Gardens,P1-U35,21,Resident21 Last21,6548
2024-12-24,1,Sunset Gardens,P1-U36,22,Resident22 Last22,5722
2024-12-24,1,Sunset Gardens,P1-U37,23,Resident23 Last23,6826
2024-12-24,1,Sunset Gardens,P1-U38,24,Resident24 Last24,5319
2024-12-24,1,Sunset Gardens,P1-U39,,,0
2024-12-24,1,Sunset Gardens,P1-U40,25,Resident25 Last25,3203
2024-12-24,1,Sunset Gardens,P1-U41,,,0
2024-12-24,1,Sunset Gardens,P1-U42,,,0
2024-12-24,1,Sunset Gardens,P1-U43,,,0
2024-12-24,1,Sunset Gardens,P1-U44,26,Resident26 Last26,4150
2024-12-24,1,Sunset Gardens,P1-U45,27,Resident27 Last27,3659
2024-12-24,1,Sunset Gardens,P1-U46,28,Resident28 Last28,4656
2024-12-24,1,Sunset Gardens,P1-U47,,,0
2024-12-24,1,Sunset Gardens,P1-U48,92,Resident92 Last92,7230
2024-12-24,1,Sunset Gardens,P1-U49,29,Resident29 Last29,4138
2024-12-24,1,Sunset Gardens,P1-U50,30,Resident30 Last30,6031
2024-12-24,2,Meadowbrook Senior Living,P2-U01,,,0
2024-12-24,2,Meadowbrook Senior Living,P2-U02,31,Resident31 Last31,3643
2024-12-24,2,Meadowbrook Senior Living,P2-U03,,,0
2024-12-24,2,Meadowbrook Senior Living,P2-U04,,,0
2024-12-24,2,Meadowbrook Senior Living,P2-U05,32,Resident32 Last32,5524
2024-12-24,2,Meadowbrook Senior Living,P2-U06,,,0
2024-12-24,2,Meadowbrook Senior Living,P2-U07,,,0
2024-12-24,2,Meadowbrook Senior Living,P2-U08,33,Resident33 Last33,7164
2024-12-24,2,Meadowbrook Senior Living,P2-U09,34,Resident34 Last34,6565
2024-12-24,2,Meadowbrook Senior Living,P2-U10,,,0
2024-12-24,2,Meadowbrook Senior Living,P2-U11,,,0
2024-12-24,2,Meadowbrook Senior Living,P2-U12,35,Resident35 Last35,5476
2024-12-24,2,Meadowbrook Senior Living,P2-U13,36,Resident36 Last36,4795
2024-12-24,2,Meadowbrook Senior Living,P2-U14,37,Resident37 Last37,6972
2024-12-24,2,Meadowbrook Senior Living,P2-U15,,,0
2024-12-24,2,Meadowbrook Senior Living,P2-U16,38,Resident38 Last38,6144
2024-12-24,2,Meadowbrook Senior Living,P2-U17,39,Resident39 Last39,3646
2024-12-24,2,Meadowbrook Senior Living,P2-U18,40,Resident40 Last40,6397
2024-12-24,2,Meadowbrook Senior Living,P2-U19,,,0
2024-12-24,2,Meadowbrook Senior Living,P2-U20,41,Resident41 Last41,3058
2024-12-24,2,Meadowbrook Senior Living,P2-U21,42,Resident42 Last42,4782
2024-12-24,2,Meadowbrook Senior Living,P2-U22,43,Resident43 Last43,5894
2024-12-24,2,Meadowbrook Senior Living,P2-U23,,,0
2024-12-24,2,Meadowbrook Senior Living,P2-U24,44,Resident44 Last44,7471
2024-12-24,2,Meadowbrook Senior Living,P2-U25,45,Resident45 Last45,5210
2024-12-24,2,Meadowbrook Senior Living,P2-U26,,,0
2024-12-24,2,Meadowbrook Senior Living,P2-U27,,,0
2024-12-24,2,Meadowbrook Senior Living,P2-U28,,,0
2024-12-24,2,Meadowbrook Senior Living,P2-U29,,,0
2024-12-24,2,Meadowbrook Senior Living,P2-U30,,,0
2024-12-24,2,Meadowbrook Senior Living,P2-U31,,,0
2024-12-24,2,Meadowbrook Senior Living,P2-U32,,,0
2024-12-24,2,Meadowbrook Senior Living,P2-U33,46,Resident46 Last46,4824
2024-12-24,2,Meadowbrook Senior Living,P2-U34,,,0
2024-12-24,2,Meadowbrook Senior Living,P2-U35,,,0
2024-12-24,2,Meadowbrook Senior Living,P2-U36,,,0
2024-12-24,2,Meadowbrook Senior Living,P2-U37,47,Resident47 Last47,5894
2024-12-24,2,Meadowbrook Senior Living,P2-U38,48,Resident48 Last48,3847
2024-12-24,2,Meadowbrook Senior Living,P2-U39,49,Resident49 Last49,3512
2024-12-24,2,Meadowbrook Senior Living,P2-U40,50,Resident50 Last50,5383
2024-12-24,2,Meadowbrook Senior Living,P2-U41,,,0
2024-12-24,2,Meadowbrook Senior Living,P2-U42,51,Resident51 Last51,6956
2024-12-24,2,Meadowbrook Senior Living,P2-U43,52,Resident52 Last52,4271
2024-12-24,2,Meadowbrook Senior Living,P2-U44,53,Resident53 Last53,6044
2024-12-24,2,Meadowbrook Senior Living,P2-U45,,,0
2024-12-24,2,Meadowbrook Senior Living,P2-U46,54,Resident54 Last54,4954
2024-12-24,2,Meadowbrook Senior Living,P2-U47,55,Resident55 Last55,7311
2024-12-24,2,Meadowbrook Senior Living,P2-U48,56,Resident56 Last56,3751
2024-12-24,2,Meadowbrook Senior Living,P2-U49,57,Resident57 Last57,3429
2024-12-24,2,Meadowbrook Senior Living,P2-U50,,,0
2024-12-24,3,Riverside Retirement Community,P3-U01,58,Resident58 Last58,6334
2024-12-24,3,Riverside Retirement Community,P3-U02,,,0
2024-12-24,3,Riverside Retirement Community,P3-U03,,,0
2024-12-24,3,Riverside Retirement Community,P3-U04,,,0
2024-12-24,3,Riverside Retirement Community,P3-U05,,,0
2024-12-24,3,Riverside Retirement Community,P3-U06,60,Resident60 Last60,4602
2024-12-24,3,Riverside Retirement Community,P3-U07,61,Resident61 Last61,3142
2024-12-24,3,Riverside Retirement Community,P3-U08,62,Resident62 Last62,5599
2024-12-24,3,Riverside Retirement Community,P3-U09,63,Resident63 Last63,4741
2024-12-24,3,Riverside Retirement Community,P3-U10,,,0
2024-12-24,3,Riverside Retirement Community,P3-U11,,,0
2024-12-24,3,Riverside Retirement Community,P3-U12,,,0
2024-12-24,3,Riverside Retirement Community,P3-U13,,,0
2024-12-24,3,Riverside Retirement Community,P3-U14,64,Resident64 Last64,4016
2024-12-24,3,Riverside Retirement Community,P3-U15,65,Resident65 Last65,5094
2024-12-24,3,Riverside Retirement Community,P3-U16,66,Resident66 Last66,7369
2024-12-24,3,Riverside Retirement Community,P3-U17,67,Resident67 Last67,5257
2024-12-24,3,Riverside Retirement Community,P3-U18,,,0
2024-12-24,3,Riverside Retirement Community,P3-U19,,,0
2024-12-24,3,Riverside Retirement Community,P3-U20,,,0
2024-12-24,3,Riverside Retirement Community,P3-U21,70,Resident70 Last70,4784
2024-12-24,3,Riverside Retirement Community,P3-U22,71,Resident71 Last71,3684
2024-12-24,3,Riverside Retirement Community,P3-U23,72,Resident72 Last72,3763
2024-12-24,3,Riverside Retirement Community,P3-U24,73,Resident73 Last73,3612
2024-12-24,3,Riverside Retirement Community,P3-U25,74,Resident74 Last74,6679
2024-12-24,3,Riverside Retirement Community,P3-U26,,,0
2024-12-24,3,Riverside Retirement Community,P3-U27,,,0
2024-12-24,3,Riverside Retirement Community,P3-U28,,,0
2024-12-24,3,Riverside Retirement Community,P3-U29,,,0
2024-12-24,3,Riverside Retirement Community,P3-U30,,,0
2024-12-24,3,Riverside Retirement Community,P3-U31,,,0
2024-12-24,3,Riverside Retirement Community,P3-U32,75,Resident75 Last75,6998
2024-12-24,3,Riverside Retirement Community,P3-U33,,,0
2024-12-24,3,Riverside Retirement Community,P3-U34,77,Resident77 Last77,4456
2024-12-24,3,Riverside Retirement Community,P3-U35,,,0
2024-12-24,3,Riverside Retirement Community,P3-U36,78,Resident78 Last78,6502
2024-12-24,3,Riverside Retirement Community,P3-U37,,,0
2024-12-24,3,Riverside Retirement Community,P3-U38,79,Resident79 Last79,7014
2024-12-24,3,Riverside Retirement Community,P3-U39,80,Resident80 Last80,4317
2024-12-24,3,Riverside Retirement Community,P3-U40,81,Resident81 Last81,5835
2024-12-24,3,Riverside Retirement Community,P3-U41,82,Resident82 Last82,3465
2024-12-24,3,Riverside Retirement Community,P3-U42,83,Resident83 Last83,4381
2024-12-24,3,Riverside Retirement Community,P3-U43,,,0
2024-12-24,3,Riverside Retirement Community,P3-U44,84,Resident84 Last84,6325
2024-12-24,3,Riverside Retirement Community,P3-U45,,,0
2024-12-24,3,Riverside Retirement Community,P3-U46,,,0
2024-12-24,3,Riverside Retirement Community,P3-U47,85,Resident85 Last85,6135
2024-12-24,3,Riverside Retirement Community,P3-U48,86,Resident86 Last86,4208
2024-12-24,3,Riverside Retirement Community,P3-U49,87,Resident87 Last87,4723
2024-12-24,3,Riverside Retirement Community,P3-U50,88,Resident88 Last88,3664
2024-12-25,1,Sunset Gardens,P1-U01,,,0
2024-12-25,1,Sunset Gardens,P1-U02,1,Resident1 Last1,4103
2024-12-25,1,Sunset Gardens,P1-U03,2,Resident2 Last2,4626
2024-12-25,1,Sunset Gardens,P1-U04,3,Resident3 Last3,3710
2024-12-25,1,Sunset Gardens,P1-U05,4,Resident4 Last4,4469
2024-12-25,1,Sunset Gardens,P1-U06,,,0
2024-12-25,1,Sunset Gardens,P1-U07,5,Resident5 Last5,6368
2024-12-25,1,Sunset Gardens,P1-U08,6,Resident6 Last6,4726
2024-12-25,1,Sunset Gardens,P1-U09,,,0
2024-12-25,1,Sunset Gardens,P1-U10,8,Resident8 Last8,5207
2024-12-25,1,Sunset Gardens,P1-U11,9,Resident9 Last9,6915
2024-12-25,1,Sunset Gardens,P1-U12,10,Resident10 Last10,3888
2024-12-25,1,Sunset Gardens,P1-U13,11,Resident11 Last11,4505
2024-12-25,1,Sunset Gardens,P1-U14,12,Resident12 Last12,6471
2024-12-25,1,Sunset Gardens,P1-U15,,,0
2024-12-25,1,Sunset Gardens,P1-U16,,,0
2024-12-25,1,Sunset Gardens,P1-U17,,,0
2024-12-25,1,Sunset Gardens,P1-U18,13,Resident13 Last13,3438
2024-12-25,1,Sunset Gardens,P1-U19,14,Resident14 Last14,5725
2024-12-25,1,Sunset Gardens,P1-U20,,,0
2024-12-25,1,Sunset Gardens,P1-U21,15,Resident15 Last15,7434
2024-12-25,1,Sunset Gardens,P1-U22,,,0
2024-12-25,1,Sunset Gardens,P1-U23,,,0
2024-12-25,1,Sunset Gardens,P1-U24,,,0
2024-12-25,1,Sunset Gardens,P1-U25,,,0
2024-12-25,1,Sunset Gardens,P1-U26,16,Resident16 Last16,6062
2024-12-25,1,Sunset Gardens,P1-U27,,,0
2024-12-25,1,Sunset Gardens,P1-U28,17,Resident17 Last17,4390
2024-12-25,1,Sunset Gardens,P1-U29,18,Resident18 Last18,3165
2024-12-25,1,Sunset Gardens,P1-U30,91,Resident91 Last91,6743
2024-12-25,1,Sunset Gardens,P1-U31,19,Resident19 Last19,3698
2024-12-25,1,Sunset Gardens,P1-U32,,,0
2024-12-25,1,Sunset Gardens,P1-U33,20,Resident20 Last20,4589
2024-12-25,1,Sunset Gardens,P1-U34,,,0
2024-12-25,1,Sunset Gardens,P1-U35,21,Resident21 Last21,6548
2024-12-25,1,Sunset Gardens,P1-U36,22,Resident22 Last22,5722
2024-12-25,1,Sunset Gardens,P1-U37,23,Resident23 Last23,6826
2024-12-25,1,Sunset Gardens,P1-U38,24,Resident24 Last24,5319
2024-12-25,1,Sunset Gardens,P1-U39,,,0
2024-12-25,1,Sunset Gardens,P1-U40,25,Resident25 Last25,3203
2024-12-25,1,Sunset Gardens,P1-U41,,,0
2024-12-25,1,Sunset Gardens,P1-U42,,,0
2024-12-25,1,Sunset Gardens,P1-U43,,,0
2024-12-25,1,Sunset Gardens,P1-U44,26,Resident26 Last26,4150
2024-12-25,1,Sunset Gardens,P1-U45,27,Resident27 Last27,3659
2024-12-25,1,Sunset Gardens,P1-U46,28,Resident28 Last28,4656
2024-12-25,1,Sunset Gardens,P1-U47,,,0
2024-12-25,1,Sunset Gardens,P1-U48,92,Resident92 Last92,7230
2024-12-25,1,Sunset Gardens,P1-U49,29,Resident29 Last29,4138
2024-12-25,1,Sunset Gardens,P1-U50,30,Resident30 Last30,6031
2024-12-25,2,Meadowbrook Senior Living,P2-U01,,,0
2024-12-25,2,Meadowbrook Senior Living,P2-U02,31,Resident31 Last31,3643
2024-12-25,2,Meadowbrook Senior Living,P2-U03,,,0
2024-12-25,2,Meadowbrook Senior Living,P2-U04,,,0
2024-12-25,2,Meadowbrook Senior Living,P2-U05,32,Resident32 Last32,5524
2024-12-25,2,Meadowbrook Senior Living,P2-U06,,,0
2024-12-25,2,Meadowbrook Senior Living,P2-U07,,,0
2024-12-25,2,Meadowbrook Senior Living,P2-U08,33,Resident33 Last33,7164
2024-12-25,2,Meadowbrook Senior Living,P2-U09,34,Resident34 Last34,6565
2024-12-25,2,Meadowbrook Senior Living,P2-U10,,,0
2024-12-25,2,Meadowbrook Senior Living,P2-U11,,,0
2024-12-25,2,Meadowbrook Senior Living,P2-U12,35,Resident35 Last35,5476
2024-12-25,2,Meadowbrook Senior Living,P2-U13,36,Resident36 Last36,4795
2024-12-25,2,Meadowbrook Senior Living,P2-U14,37,Resident37 Last37,6972
2024-12-25,2,Meadowbrook Senior Living,P2-U15,,,0
2024-12-25,2,Meadowbrook Senior Living,P2-U16,38,Resident38 Last38,6144
2024-12-25,2,Meadowbrook Senior Living,P2-U17,39,Resident39 Last39,3646
2024-12-25,2,Meadowbrook Senior Living,P2-U18,40,Resident40 Last40,6397
2024-12-25,2,Meadowbrook Senior Living,P2-U19,,,0
2024-12-25,2,Meadowbrook Senior Living,P2-U20,41,Resident41 Last41,3058
2024-12-25,2,Meadowbrook Senior Living,P2-U21,42,Resident42 Last42,4782
2024-12-25,2,Meadowbrook Senior Living,P2-U22,43,Resident43 Last43,5894
2024-12-25,2,Meadowbrook Senior Living,P2-U23,,,0
2024-12-25,2,Meadowbrook Senior Living,P2-U24,44,Resident44 Last44,7471
2024-12-25,2,Meadowbrook Senior Living,P2-U25,45,Resident45 Last45,5210
2024-12-25,2,Meadowbrook Senior Living,P2-U26,,,0
2024-12-25,2,Meadowbrook Senior Living,P2-U27,,,0
2024-12-25,2,Meadowbrook Senior Living,P2-U28,,,0
2024-12-25,2,Meadowbrook Senior Living,P2-U29,,,0
2024-12-25,2,Meadowbrook Senior Living,P2-U30,,,0
2024-12-25,2,Meadowbrook Senior Living,P2-U31,,,0
2024-12-25,2,Meadowbrook Senior Living,P2-U32,,,0
2024-12-25,2,Meadowbrook Senior Living,P2-U33,46,Resident46 Last46,4824
2024-12-25,2,Meadowbrook Senior Living,P2-U34,,,0
2024-12-25,2,Meadowbrook Senior Living,P2-U35,,,0
2024-12-25,2,Meadowbrook Senior Living,P2-U36,,,0
2024-12-25,2,Meadowbrook Senior Living,P2-U37,47,Resident47 Last47,5894
2024-12-25,2,Meadowbrook Senior Living,P2-U38,48,Resident48 Last48,3847
2024-12-25,2,Meadowbrook Senior Living,P2-U39,49,Resident49 Last49,3512
2024-12-25,2,Meadowbrook Senior Living,P2-U40,50,Resident50 Last50,5383
2024-12-25,2,Meadowbrook Senior Living,P2-U41,,,0
2024-12-25,2,Meadowbrook Senior Living,P2-U42,51,Resident51 Last51,6956
2024-12-25,2,Meadowbrook Senior Living,P2-U43,52,Resident52 Last52,4271
2024-12-25,2,Meadowbrook Senior Living,P2-U44,53,Resident53 Last53,6044
2024-12-25,2,Meadowbrook Senior Living,P2-U45,,,0
2024-12-25,2,Meadowbrook Senior Living,P2-U46,54,Resident54 Last54,4954
2024-12-25,2,Meadowbrook Senior Living,P2-U47,55,Resident55 Last55,7311
2024-12-25,2,Meadowbrook Senior Living,P2-U48,56,Resident56 Last56,3751
2024-12-25,2,Meadowbrook Senior Living,P2-U49,57,Resident57 Last57,3429
2024-12-25,2,Meadowbrook Senior Living,P2-U50,,,0
2024-12-25,3,Riverside Retirement Community,P3-U01,58,Resident58 Last58,6334
2024-12-25,3,Riverside Retirement Community,P3-U02,,,0
2024-12-25,3,Riverside Retirement Community,P3-U03,,,0
2024-12-25,3,Riverside Retirement Community,P3-U04,,,0
2024-12-25,3,Riverside Retirement Community,P3-U05,,,0
2024-12-25,3,Riverside Retirement Community,P3-U06,60,Resident60 Last60,4602
2024-12-25,3,Riverside Retirement Community,P3-U07,61,Resident61 Last61,3142
2024-12-25,3,Riverside Retirement Community,P3-U08,62,Resident62 Last62,5599
2024-12-25,3,Riverside Retirement Community,P3-U09,63,Resident63 Last63,4741
2024-12-25,3,Riverside Retirement Community,P3-U10,,,0
2024-12-25,3,Riverside Retirement Community,P3-U11,,,0
2024-12-25,3,Riverside Retirement Community,P3-U12,,,0
2024-12-25,3,Riverside Retirement Community,P3-U13,,,0
2024-12-25,3,Riverside Retirement Community,P3-U14,64,Resident64 Last64,4016
2024-12-25,3,Riverside Retirement Community,P3-U15,65,Resident65 Last65,5094
2024-12-25,3,Riverside Retirement Community,P3-U16,66,Resident66 Last66,7369
2024-12-25,3,Riverside Retirement Community,P3-U17,67,Resident67 Last67,5257
2024-12-25,3,Riverside Retirement Community,P3-U18,,,0
2024-12-25,3,Riverside Retirement Community,P3-U19,,,0
2024-12-25,3,Riverside Retirement Community,P3-U20,,,0
2024-12-25,3,Riverside Retirement Community,P3-U21,70,Resident70 Last70,4784
2024-12-25,3,Riverside Retirement Community,P3-U22,71,Resident71 Last71,3684
2024-12-25,3,Riverside Retirement Community,P3-U23,72,Resident72 Last72,3763
2024-12-25,3,Riverside Retirement Community,P3-U24,73,Resident73 Last73,3612
2024-12-25,3,Riverside Retirement Community,P3-U25,74,Resident74 Last74,6679
2024-12-25,3,Riverside Retirement Community,P3-U26,,,0
2024-12-25,3,Riverside Retirement Community,P3-U27,,,0
2024-12-25,3,Riverside Retirement Community,P3-U28,,,0
2024-12-25,3,Riverside Retirement Community,P3-U29,,,0
2024-12-25,3,Riverside Retirement Community,P3-U30,,,0
2024-12-25,3,Riverside Retirement Community,P3-U31,,,0
2024-12-25,3,Riverside Retirement Community,P3-U32,75,Resident75 Last75,6998
2024-12-25,3,Riverside Retirement Community,P3-U33,,,0
2024-12-25,3,Riverside Retirement Community,P3-U34,77,Resident77 Last77,4456
2024-12-25,3,Riverside Retirement Community,P3-U35,,,0
2024-12-25,3,Riverside Retirement Community,P3-U36,78,Resident78 Last78,6502
2024-12-25,3,Riverside Retirement Community,P3-U37,,,0
2024-12-25,3,Riverside Retirement Community,P3-U38,79,Resident79 Last79,7014
2024-12-25,3,Riverside Retirement Community,P3-U39,80,Resident80 Last80,4317
2024-12-25,3,Riverside Retirement Community,P3-U40,81,Resident81 Last81,5835
2024-12-25,3,Riverside Retirement Community,P3-U41,82,Resident82 Last82,3465
2024-12-25,3,Riverside Retirement Community,P3-U42,83,Resident83 Last83,4381
2024-12-25,3,Riverside Retirement Community,P3-U43,,,0
2024-12-25,3,Riverside Retirement Community,P3-U44,84,Resident84 Last84,6325
2024-12-25,3,Riverside Retirement Community,P3-U45,,,0
2024-12-25,3,Riverside Retirement Community,P3-U46,,,0
2024-12-25,3,Riverside Retirement Community,P3-U47,85,Resident85 Last85,6135
2024-12-25,3,Riverside Retirement Community,P3-U48,86,Resident86 Last86,4208
2024-12-25,3,Riverside Retirement Community,P3-U49,87,Resident87 Last87,4723
2024-12-25,3,Riverside Retirement Community,P3-U50,88,Resident88 Last88,3664
2024-12-26,1,Sunset Gardens,P1-U01,,,0
2024-12-26,1,Sunset Gardens,P1-U02,1,Resident1 Last1,4103
2024-12-26,1,Sunset Gardens,P1-U03,2,Resident2 Last2,4626
2024-12-26,1,Sunset Gardens,P1-U04,3,Resident3 Last3,3710
2024-12-26,1,Sunset Gardens,P1-U05,4,Resident4 Last4,4469
2024-12-26,1,Sunset Gardens,P1-U06,,,0
2024-12-26,1,Sunset Gardens,P1-U07,5,Resident5 Last5,6368
2024-12-26,1,Sunset Gardens,P1-U08,6,Resident6 Last6,4726
2024-12-26,1,Sunset Gardens,P1-U09,,,0
2024-12-26,1,Sunset Gardens,P1-U10,8,Resident8 Last8,5207
2024-12-26,1,Sunset Gardens,P1-U11,9,Resident9 Last9,6915
2024-12-26,1,Sunset Gardens,P1-U12,10,Resident10 Last10,3888
2024-12-26,1,Sunset Gardens,P1-U13,11,Resident11 Last11,4505
2024-12-26,1,Sunset Gardens,P1-U14,12,Resident12 Last12,6471
2024-12-26,1,Sunset Gardens,P1-U15,,,0
2024-12-26,1,Sunset Gardens,P1-U16,,,0
2024-12-26,1,Sunset Gardens,P1-U17,,,0
2024-12-26,1,Sunset Gardens,P1-U18,13,Resident13 Last13,3438
2024-12-26,1,Sunset Gardens,P1-U19,14,Resident14 Last14,5725
2024-12-26,1,Sunset Gardens,P1-U20,,,0
2024-12-26,1,Sunset Gardens,P1-U21,15,Resident15 Last15,7434
2024-12-26,1,Sunset Gardens,P1-U22,,,0
2024-12-26,1,Sunset Gardens,P1-U23,,,0
2024-12-26,1,Sunset Gardens,P1-U24,,,0
2024-12-26,1,Sunset Gardens,P1-U25,,,0
2024-12-26,1,Sunset Gardens,P1-U26,16,Resident16 Last16,6062
2024-12-26,1,Sunset Gardens,P1-U27,,,0
2024-12-26,1,Sunset Gardens,P1-U28,17,Resident17 Last17,4390
2024-12-26,1,Sunset Gardens,P1-U29,18,Resident18 Last18,3165
2024-12-26,1,Sunset Gardens,P1-U30,91,Resident91 Last91,6743
2024-12-26,1,Sunset Gardens,P1-U31,19,Resident19 Last19,3698
2024-12-26,1,Sunset Gardens,P1-U32,,,0
2024-12-26,1,Sunset Gardens,P1-U33,,,0
2024-12-26,1,Sunset Gardens,P1-U34,,,0
2024-12-26,1,Sunset Gardens,P1-U35,,,0
2024-12-26,1,Sunset Gardens,P1-U36,22,Resident22 Last22,5722
2024-12-26,1,Sunset Gardens,P1-U37,23,Resident23 Last23,6826
2024-12-26,1,Sunset Gardens,P1-U38,24,Resident24 Last24,5319
2024-12-26,1,Sunset Gardens,P1-U39,,,0
2024-12-26,1,Sunset Gardens,P1-U40,25,Resident25 Last25,3203
2024-12-26,1,Sunset Gardens,P1-U41,,,0
2024-12-26,1,Sunset Gardens,P1-U42,,,0
2024-12-26,1,Sunset Gardens,P1-U43,,,0
2024-12-26,1,Sunset Gardens,P1-U44,26,Resident26 Last26,4150
2024-12-26,1,Sunset Gardens,P1-U45,27,Resident27 Last27,3659
2024-12-26,1,Sunset Gardens,P1-U46,28,Resident28 Last28,4656
2024-12-26,1,Sunset Gardens,P1-U47,,,0
2024-12-26,1,Sunset Gardens,P1-U48,92,Resident92 Last92,7230
2024-12-26,1,Sunset Gardens,P1-U49,29,Resident29 Last29,4138
2024-12-26,1,Sunset Gardens,P1-U50,30,Resident30 Last30,6031
2024-12-26,2,Meadowbrook Senior Living,P2-U01,,,0
2024-12-26,2,Meadowbrook Senior Living,P2-U02,31,Resident31 Last31,3643
2024-12-26,2,Meadowbrook Senior Living,P2-U03,,,0
2024-12-26,2,Meadowbrook Senior Living,P2-U04,,,0
2024-12-26,2,Meadowbrook Senior Living,P2-U05,32,Resident32 Last32,5524
2024-12-26,2,Meadowbrook Senior Living,P2-U06,,,0
2024-12-26,2,Meadowbrook Senior Living,P2-U07,,,0
2024-12-26,2,Meadowbrook Senior Living,P2-U08,33,Resident33 Last33,7164
2024-12-26,2,Meadowbrook Senior Living,P2-U09,34,Resident34 Last34,6565
2024-12-26,2,Meadowbrook Senior Living,P2-U10,,,0
2024-12-26,2,Meadowbrook Senior Living,P2-U11,,,0
2024-12-26,2,Meadowbrook Senior Living,P2-U12,35,Resident35 Last35,5476
2024-12-26,2,Meadowbrook Senior Living,P2-U13,36,Resident36 Last36,4795
2024-12-26,2,Meadowbrook Senior Living,P2-U14,37,Resident37 Last37,6972
2024-12-26,2,Meadowbrook Senior Living,P2-U15,,,0
2024-12-26,2,Meadowbrook Senior Living,P2-U16,38,Resident38 Last38,6144
2024-12-26,2,Meadowbrook Senior Living,P2-U17,39,Resident39 Last39,3646
2024-12-26,2,Meadowbrook Senior Living,P2-U18,40,Resident40 Last40,6397
2024-12-26,2,Meadowbrook Senior Living,P2-U19,,,0
2024-12-26,2,Meadowbrook Senior Living,P2-U20,41,Resident41 Last41,3058
2024-12-26,2,Meadowbrook Senior Living,P2-U21,42,Resident42 Last42,4782
2024-12-26,2,Meadowbrook Senior Living,P2-U22,43,Resident43 Last43,5894
2024-12-26,2,Meadowbrook Senior Living,P2-U23,,,0
2024-12-26,2,Meadowbrook Senior Living,P2-U24,44,Resident44 Last44,7471
2024-12-26,2,Meadowbrook Senior Living,P2-U25,45,Resident45 Last45,5210
2024-12-26,2,Meadowbrook Senior Living,P2-U26,,,0
2024-12-26,2,Meadowbrook Senior Living,P2-U27,,,0
2024-12-26,2,Meadowbrook Senior Living,P2-U28,,,0
2024-12-26,2,Meadowbrook Senior Living,P2-U29,,,0
2024-12-26,2,Meadowbrook Senior Living,P2-U30,,,0
2024-12-26,2,Meadowbrook Senior Living,P2-U31,,,0
2024-12-26,2,Meadowbrook Senior Living,P2-U32,,,0
2024-12-26,2,Meadowbrook Senior Living,P2-U33,46,Resident46 Last46,4824
2024-12-26,2,Meadowbrook Senior Living,P2-U34,,,0
2024-12-26,2,Meadowbrook Senior Living,P2-U35,,,0
2024-12-26,2,Meadowbrook Senior Living,P2-U36,,,0
2024-12-26,2,Meadowbrook Senior Living,P2-U37,47,Resident47 Last47,5894
2024-12-26,2,Meadowbrook Senior Living,P2-U38,48,Resident48 Last48,3847
2024-12-26,2,Meadowbrook Senior Living,P2-U39,49,Resident49 Last49,3512
2024-12-26,2,Meadowbrook Senior Living,P2-U40,50,Resident50 Last50,5383
2024-12-26,2,Meadowbrook Senior Living,P2-U41,,,0
2024-12-26,2,Meadowbrook Senior Living,P2-U42,51,Resident51 Last51,6956
2024-12-26,2,Meadowbrook Senior Living,P2-U43,52,Resident52 Last52,4271
2024-12-26,2,Meadowbrook Senior Living,P2-U44,53,Resident53 Last53,6044
2024-12-26,2,Meadowbrook Senior Living,P2-U45,,,0
2024-12-26,2,Meadowbrook Senior Living,P2-U46,54,Resident54 Last54,4954
2024-12-26,2,Meadowbrook Senior Living,P2-U47,55,Resident55 Last55,7311
2024-12-26,2,Meadowbrook Senior Living,P2-U48,56,Resident56 Last56,3751
2024-12-26,2,Meadowbrook Senior Living,P2-U49,57,Resident57 Last57,3429
2024-12-26,2,Meadowbrook Senior Living,P2-U50,,,0
2024-12-26,3,Riverside Retirement Community,P3-U01,58,Resident58 Last58,6334
2024-12-26,3,Riverside Retirement Community,P3-U02,,,0
2024-12-26,3,Riverside Retirement Community,P3-U03,,,0
2024-12-26,3,Riverside Retirement Community,P3-U04,,,0
2024-12-26,3,Riverside Retirement Community,P3-U05,,,0
2024-12-26,3,Riverside Retirement Community,P3-U06,60,Resident60 Last60,4602
2024-12-26,3,Riverside Retirement Community,P3-U07,61,Resident61 Last61,3142
2024-12-26,3,Riverside Retirement Community,P3-U08,62,Resident62 Last62,5599
2024-12-26,3,Riverside Retirement Community,P3-U09,63,Resident63 Last63,4741
2024-12-26,3,Riverside Retirement Community,P3-U10,,,0
2024-12-26,3,Riverside Retirement Community,P3-U11,,,0
2024-12-26,3,Riverside Retirement Community,P3-U12,,,0
2024-12-26,3,Riverside Retirement Community,P3-U13,,,0
2024-12-26,3,Riverside Retirement Community,P3-U14,64,Resident64 Last64,4016
2024-12-26,3,Riverside Retirement Community,P3-U15,65,Resident65 Last65,5094
2024-12-26,3,Riverside Retirement Community,P3-U16,66,Resident66 Last66,7369
2024-12-26,3,Riverside Retirement Community,P3-U17,67,Resident67 Last67,5257
2024-12-26,3,Riverside Retirement Community,P3-U18,,,0
2024-12-26,3,Riverside Retirement Community,P3-U19,,,0
2024-12-26,3,Riverside Retirement Community,P3-U20,,,0
2024-12-26,3,Riverside Retirement Community,P3-U21,70,Resident70 Last70,4784
2024-12-26,3,Riverside Retirement Community,P3-U22,71,Resident71 Last71,3684
2024-12-26,3,Riverside Retirement Community,P3-U23,72,Resident72 Last72,3763
2024-12-26,3,Riverside Retirement Community,P3-U24,73,Resident73 Last73,3612
2024-12-26,3,Riverside Retirement Community,P3-U25,74,Resident74 Last74,6679
2024-12-26,3,Riverside Retirement Community,P3-U26,,,0
2024-12-26,3,Riverside Retirement Community,P3-U27,,,0
2024-12-26,3,Riverside Retirement Community,P3-U28,,,0
2024-12-26,3,Riverside Retirement Community,P3-U29,,,0
2024-12-26,3,Riverside Retirement Community,P3-U30,,,0
2024-12-26,3,Riverside Retirement Community,P3-U31,,,0
2024-12-26,3,Riverside Retirement Community,P3-U32,75,Resident75 Last75,6998
2024-12-26,3,Riverside Retirement Community,P3-U33,,,0
2024-12-26,3,Riverside Retirement Community,P3-U34,77,Resident77 Last77,4456
2024-12-26,3,Riverside Retirement Community,P3-U35,,,0
2024-12-26,3,Riverside Retirement Community,P3-U36,78,Resident78 Last78,6502
2024-12-26,3,Riverside Retirement Community,P3-U37,,,0
2024-12-26,3,Riverside Retirement Community,P3-U38,79,Resident79 Last79,7014
2024-12-26,3,Riverside Retirement Community,P3-U39,80,Resident80 Last80,4317
2024-12-26,3,Riverside Retirement Community,P3-U40,81,Resident81 Last81,5835
2024-12-26,3,Riverside Retirement Community,P3-U41,82,Resident82 Last82,3465
2024-12-26,3,Riverside Retirement Community,P3-U42,83,Resident83 Last83,4381
2024-12-26,3,Riverside Retirement Community,P3-U43,,,0
2024-12-26,3,Riverside Retirement Community,P3-U44,84,Resident84 Last84,6325
2024-12-26,3,Riverside Retirement Community,P3-U45,,,0
2024-12-26,3,Riverside Retirement Community,P3-U46,,,0
2024-12-26,3,Riverside Retirement Community,P3-U47,85,Resident85 Last85,6135
2024-12-26,3,Riverside Retirement Community,P3-U48,86,Resident86 Last86,4208
2024-12-26,3,Riverside Retirement Community,P3-U49,87,Resident87 Last87,4723
2024-12-26,3,Riverside Retirement Community,P3-U50,88,Resident88 Last88,3664
2024-12-27,1,Sunset Gardens,P1-U01,,,0
2024-12-27,1,Sunset Gardens,P1-U02,1,Resident1 Last1,4103
2024-12-27,1,Sunset Gardens,P1-U03,2,Resident2 Last2,4626
2024-12-27,1,Sunset Gardens,P1-U04,3,Resident3 Last3,3710
2024-12-27,1,Sunset Gardens,P1-U05,4,Resident4 Last4,4469
2024-12-27,1,Sunset Gardens,P1-U06,,,0
2024-12-27,1,Sunset Gardens,P1-U07,5,Resident5 Last5,6368
2024-12-27,1,Sunset Gardens,P1-U08,6,Resident6 Last6,4726
2024-12-27,1,Sunset Gardens,P1-U09,,,0
2024-12-27,1,Sunset Gardens,P1-U10,8,Resident8 Last8,5207
2024-12-27,1,Sunset Gardens,P1-U11,9,Resident9 Last9,6915
2024-12-27,1,Sunset Gardens,P1-U12,10,Resident10 Last10,3888
2024-12-27,1,Sunset Gardens,P1-U13,11,Resident11 Last11,4505
2024-12-27,1,Sunset Gardens,P1-U14,12,Resident12 Last12,6471
2024-12-27,1,Sunset Gardens,P1-U15,,,0
2024-12-27,1,Sunset Gardens,P1-U16,,,0
2024-12-27,1,Sunset Gardens,P1-U17,,,0
2024-12-27,1,Sunset Gardens,P1-U18,13,Resident13 Last13,3438
2024-12-27,1,Sunset Gardens,P1-U19,14,Resident14 Last14,5725
2024-12-27,1,Sunset Gardens,P1-U20,,,0
2024-12-27,1,Sunset Gardens,P1-U21,15,Resident15 Last15,7434
2024-12-27,1,Sunset Gardens,P1-U22,,,0
2024-12-27,1,Sunset Gardens,P1-U23,,,0
2024-12-27,1,Sunset Gardens,P1-U24,,,0
2024-12-27,1,Sunset Gardens,P1-U25,,,0
2024-12-27,1,Sunset Gardens,P1-U26,16,Resident16 Last16,6062
2024-12-27,1,Sunset Gardens,P1-U27,,,0
2024-12-27,1,Sunset Gardens,P1-U28,17,Resident17 Last17,4390
2024-12-27,1,Sunset Gardens,P1-U29,18,Resident18 Last18,3165
2024-12-27,1,Sunset Gardens,P1-U30,91,Resident91 Last91,6743
2024-12-27,1,Sunset Gardens,P1-U31,19,Resident19 Last19,3698
2024-12-27,1,Sunset Gardens,P1-U32,,,0
2024-12-27,1,Sunset Gardens,P1-U33,,,0
2024-12-27,1,Sunset Gardens,P1-U34,,,0
2024-12-27,1,Sunset Gardens,P1-U35,,,0
2024-12-27,1,Sunset Gardens,P1-U36,22,Resident22 Last22,5722
2024-12-27,1,Sunset Gardens,P1-U37,23,Resident23 Last23,6826
2024-12-27,1,Sunset Gardens,P1-U38,24,Resident24 Last24,5319
2024-12-27,1,Sunset Gardens,P1-U39,,,0
2024-12-27,1,Sunset Gardens,P1-U40,25,Resident25 Last25,3203
2024-12-27,1,Sunset Gardens,P1-U41,,,0
2024-12-27,1,Sunset Gardens,P1-U42,,,0
2024-12-27,1,Sunset Gardens,P1-U43,,,0
2024-12-27,1,Sunset Gardens,P1-U44,26,Resident26 Last26,4150
2024-12-27,1,Sunset Gardens,P1-U45,27,Resident27 Last27,3659
2024-12-27,1,Sunset Gardens,P1-U46,28,Resident28 Last28,4656
2024-12-27,1,Sunset Gardens,P1-U47,,,0
2024-12-27,1,Sunset Gardens,P1-U48,92,Resident92 Last92,7230
2024-12-27,1,Sunset Gardens,P1-U49,29,Resident29 Last29,4138
2024-12-27,1,Sunset Gardens,P1-U50,30,Resident30 Last30,6031
2024-12-27,2,Meadowbrook Senior Living,P2-U01,,,0
2024-12-27,2,Meadowbrook Senior Living,P2-U02,31,Resident31 Last31,3643
2024-12-27,2,Meadowbrook Senior Living,P2-U03,,,0
2024-12-27,2,Meadowbrook Senior Living,P2-U04,,,0
2024-12-27,2,Meadowbrook Senior Living,P2-U05,32,Resident32 Last32,5524
2024-12-27,2,Meadowbrook Senior Living,P2-U06,,,0
2024-12-27,2,Meadowbrook Senior Living,P2-U07,98,Resident98 Last98,5808
2024-12-27,2,Meadowbrook Senior Living,P2-U08,33,Resident33 Last33,7164
2024-12-27,2,Meadowbrook Senior Living,P2-U09,34,Resident34 Last34,6565
2024-12-27,2,Meadowbrook Senior Living,P2-U10,,,0
2024-12-27,2,Meadowbrook Senior Living,P2-U11,,,0
2024-12-27,2,Meadowbrook Senior Living,P2-U12,35,Resident35 Last35,5476
2024-12-27,2,Meadowbrook Senior Living,P2-U13,36,Resident36 Last36,4795
2024-12-27,2,Meadowbrook Senior Living,P2-U14,37,Resident37 Last37,6972
2024-12-27,2,Meadowbrook Senior Living,P2-U15,,,0
2024-12-27,2,Meadowbrook Senior Living,P2-U16,38,Resident38 Last38,6144
2024-12-27,2,Meadowbrook Senior Living,P2-U17,39,Resident39 Last39,3646
2024-12-27,2,Meadowbrook Senior Living,P2-U18,40,Resident40 Last40,6397
2024-12-27,2,Meadowbrook Senior Living,P2-U19,,,0
2024-12-27,2,Meadowbrook Senior Living,P2-U20,41,Resident41 Last41,3058
2024-12-27,2,Meadowbrook Senior Living,P2-U21,42,Resident42 Last42,4782
2024-12-27,2,Meadowbrook Senior Living,P2-U22,43,Resident43 Last43,5894
2024-12-27,2,Meadowbrook Senior Living,P2-U23,,,0
2024-12-27,2,Meadowbrook Senior Living,P2-U24,44,Resident44 Last44,7471
2024-12-27,2,Meadowbrook Senior Living,P2-U25,45,Resident45 Last45,5210
2024-12-27,2,Meadowbrook Senior Living,P2-U26,,,0
2024-12-27,2,Meadowbrook Senior Living,P2-U27,,,0
2024-12-27,2,Meadowbrook Senior Living,P2-U28,,,0
2024-12-27,2,Meadowbrook Senior Living,P2-U29,,,0
2024-12-27,2,Meadowbrook Senior Living,P2-U30,,,0
2024-12-27,2,Meadowbrook Senior Living,P2-U31,,,0
2024-12-27,2,Meadowbrook Senior Living,P2-U32,,,0
2024-12-27,2,Meadowbrook Senior Living,P2-U33,46,Resident46 Last46,4824
2024-12-27,2,Meadowbrook Senior Living,P2-U34,,,0
2024-12-27,2,Meadowbrook Senior Living,P2-U35,,,0
2024-12-27,2,Meadowbrook Senior Living,P2-U36,,,0
2024-12-27,2,Meadowbrook Senior Living,P2-U37,47,Resident47 Last47,5894
2024-12-27,2,Meadowbrook Senior Living,P2-U38,48,Resident48 Last48,3847
2024-12-27,2,Meadowbrook Senior Living,P2-U39,49,Resident49 Last49,3512
2024-12-27,2,Meadowbrook Senior Living,P2-U40,50,Resident50 Last50,5383
2024-12-27,2,Meadowbrook Senior Living,P2-U41,,,0
2024-12-27,2,Meadowbrook Senior Living,P2-U42,51,Resident51 Last51,6956
2024-12-27,2,Meadowbrook Senior Living,P2-U43,52,Resident52 Last52,4271
2024-12-27,2,Meadowbrook Senior Living,P2-U44,53,Resident53 Last53,6044
2024-12-27,2,Meadowbrook Senior Living,P2-U45,,,0
2024-12-27,2,Meadowbrook Senior Living,P2-U46,54,Resident54 Last54,4954
2024-12-27,2,Meadowbrook Senior Living,P2-U47,55,Resident55 Last55,7311
2024-12-27,2,Meadowbrook Senior Living,P2-U48,56,Resident56 Last56,3751
2024-12-27,2,Meadowbrook Senior Living,P2-U49,57,Resident57 Last57,3429
2024-12-27,2,Meadowbrook Senior Living,P2-U50,,,0
2024-12-27,3,Riverside Retirement Community,P3-U01,58,Resident58 Last58,6334
2024-12-27,3,Riverside Retirement Community,P3-U02,,,0
2024-12-27,3,Riverside Retirement Community,P3-U03,,,0
2024-12-27,3,Riverside Retirement Community,P3-U04,,,0
2024-12-27,3,Riverside Retirement Community,P3-U05,,,0
2024-12-27,3,Riverside Retirement Community,P3-U06,60,Resident60 Last60,4602
2024-12-27,3,Riverside Retirement Community,P3-U07,61,Resident61 Last61,3142
2024-12-27,3,Riverside Retirement Community,P3-U08,62,Resident62 Last62,5599
2024-12-27,3,Riverside Retirement Community,P3-U09,63,Resident63 Last63,4741
2024-12-27,3,Riverside Retirement Community,P3-U10,,,0
2024-12-27,3,Riverside Retirement Community,P3-U11,,,0
2024-12-27,3,Riverside Retirement Community,P3-U12,,,0
2024-12-27,3,Riverside Retirement Community,P3-U13,,,0
2024-12-27,3,Riverside Retirement Community,P3-U14,64,Resident64 Last64,4016
2024-12-27,3,Riverside Retirement Community,P3-U15,65,Resident65 Last65,5094
2024-12-27,3,Riverside Retirement Community,P3-U16,66,Resident66 Last66,7369
2024-12-27,3,Riverside Retirement Community,P3-U17,67,Resident67 Last67,5257
2024-12-27,3,Riverside Retirement Community,P3-U18,,,0
2024-12-27,3,Riverside Retirement Community,P3-U19,,,0
2024-12-27,3,Riverside Retirement Community,P3-U20,,,0
2024-12-27,3,Riverside Retirement Community,P3-U21,70,Resident70 Last70,4784
2024-12-27,3,Riverside Retirement Community,P3-U22,71,Resident71 Last71,3684
2024-12-27,3,Riverside Retirement Community,P3-U23,72,Resident72 Last72,3763
2024-12-27,3,Riverside Retirement Community,P3-U24,73,Resident73 Last73,3612
2024-12-27,3,Riverside Retirement Community,P3-U25,74,Resident74 Last74,6679
2024-12-27,3,Riverside Retirement Community,P3-U26,,,0
2024-12-27,3,Riverside Retirement Community,P3-U27,,,0
2024-12-27,3,Riverside Retirement Community,P3-U28,,,0
2024-12-27,3,Riverside Retirement Community,P3-U29,,,0
2024-12-27,3,Riverside Retirement Community,P3-U30,,,0
2024-12-27,3,Riverside Retirement Community,P3-U31,,,0
2024-12-27,3,Riverside Retirement Community,P3-U32,75,Resident75 Last75,6998
2024-12-27,3,Riverside Retirement Community,P3-U33,,,0
2024-12-27,3,Riverside Retirement Community,P3-U34,77,Resident77 Last77,4456
2024-12-27,3,Riverside Retirement Community,P3-U35,,,0
2024-12-27,3,Riverside Retirement Community,P3-U36,78,Resident78 Last78,6502
2024-12-27,3,Riverside Retirement Community,P3-U37,,,0
2024-12-27,3,Riverside Retirement Community,P3-U38,79,Resident79 Last79,7014
2024-12-27,3,Riverside Retirement Community,P3-U39,80,Resident80 Last80,4317
2024-12-27,3,Riverside Retirement Community,P3-U40,81,Resident81 Last81,5835
2024-12-27,3,Riverside Retirement Community,P3-U41,82,Resident82 Last82,3465
2024-12-27,3,Riverside Retirement Community,P3-U42,83,Resident83 Last83,4381
2024-12-27,3,Riverside Retirement Community,P3-U43,,,0
2024-12-27,3,Riverside Retirement Community,P3-U44,84,Resident84 Last84,6325
2024-12-27,3,Riverside Retirement Community,P3-U45,,,0
2024-12-27,3,Riverside Retirement Community,P3-U46,,,0
2024-12-27,3,Riverside Retirement Community,P3-U47,85,Resident85 Last85,6135
2024-12-27,3,Riverside Retirement Community,P3-U48,86,Resident86 Last86,4208
2024-12-27,3,Riverside Retirement Community,P3-U49,87,Resident87 Last87,4723
2024-12-27,3,Riverside Retirement Community,P3-U50,88,Resident88 Last88,3664
2024-12-28,1,Sunset Gardens,P1-U01,,,0
2024-12-28,1,Sunset Gardens,P1-U02,1,Resident1 Last1,4103
2024-12-28,1,Sunset Gardens,P1-U03,2,Resident2 Last2,4626
2024-12-28,1,Sunset Gardens,P1-U04,3,Resident3 Last3,3710
2024-12-28,1,Sunset Gardens,P1-U05,4,Resident4 Last4,4469
2024-12-28,1,Sunset Gardens,P1-U06,,,0
2024-12-28,1,Sunset Gardens,P1-U07,5,Resident5 Last5,6368
2024-12-28,1,Sunset Gardens,P1-U08,6,Resident6 Last6,4726
2024-12-28,1,Sunset Gardens,P1-U09,,,0
2024-12-28,1,Sunset Gardens,P1-U10,8,Resident8 Last8,5207
2024-12-28,1,Sunset Gardens,P1-U11,9,Resident9 Last9,6915
2024-12-28,1,Sunset Gardens,P1-U12,10,Resident10 Last10,3888
2024-12-28,1,Sunset Gardens,P1-U13,11,Resident11 Last11,4505
2024-12-28,1,Sunset Gardens,P1-U14,12,Resident12 Last12,6471
2024-12-28,1,Sunset Gardens,P1-U15,,,0
2024-12-28,1,Sunset Gardens,P1-U16,,,0
2024-12-28,1,Sunset Gardens,P1-U17,,,0
2024-12-28,1,Sunset Gardens,P1-U18,13,Resident13 Last13,3438
2024-12-28,1,Sunset Gardens,P1-U19,14,Resident14 Last14,5725
2024-12-28,1,Sunset Gardens,P1-U20,,,0
2024-12-28,1,Sunset Gardens,P1-U21,15,Resident15 Last15,7434
2024-12-28,1,Sunset Gardens,P1-U22,,,0
2024-12-28,1,Sunset Gardens,P1-U23,,,0
2024-12-28,1,Sunset Gardens,P1-U24,,,0
2024-12-28,1,Sunset Gardens,P1-U25,,,0
2024-12-28,1,Sunset Gardens,P1-U26,16,Resident16 Last16,6062
2024-12-28,1,Sunset Gardens,P1-U27,,,0
2024-12-28,1,Sunset Gardens,P1-U28,17,Resident17 Last17,4390
2024-12-28,1,Sunset Gardens,P1-U29,18,Resident18 Last18,3165
2024-12-28,1,Sunset Gardens,P1-U30,91,Resident91 Last91,6743
2024-12-28,1,Sunset Gardens,P1-U31,19,Resident19 Last19,3698
2024-12-28,1,Sunset Gardens,P1-U32,,,0
2024-12-28,1,Sunset Gardens,P1-U33,,,0
2024-12-28,1,Sunset Gardens,P1-U34,,,0
2024-12-28,1,Sunset Gardens,P1-U35,,,0
2024-12-28,1,Sunset Gardens,P1-U36,22,Resident22 Last22,5722
2024-12-28,1,Sunset Gardens,P1-U37,23,Resident23 Last23,6826
2024-12-28,1,Sunset Gardens,P1-U38,24,Resident24 Last24,5319
2024-12-28,1,Sunset Gardens,P1-U39,,,0
2024-12-28,1,Sunset Gardens,P1-U40,25,Resident25 Last25,3203
2024-12-28,1,Sunset Gardens,P1-U41,,,0
2024-12-28,1,Sunset Gardens,P1-U42,,,0
2024-12-28,1,Sunset Gardens,P1-U43,,,0
2024-12-28,1,Sunset Gardens,P1-U44,26,Resident26 Last26,4150
2024-12-28,1,Sunset Gardens,P1-U45,27,Resident27 Last27,3659
2024-12-28,1,Sunset Gardens,P1-U46,28,Resident28 Last28,4656
2024-12-28,1,Sunset Gardens,P1-U47,,,0
2024-12-28,1,Sunset Gardens,P1-U48,92,Resident92 Last92,7230
2024-12-28,1,Sunset Gardens,P1-U49,29,Resident29 Last29,4138
2024-12-28,1,Sunset Gardens,P1-U50,30,Resident30 Last30,6031
2024-12-28,2,Meadowbrook Senior Living,P2-U01,99,Resident99 Last99,6317
2024-12-28,2,Meadowbrook Senior Living,P2-U02,31,Resident31 Last31,3643
2024-12-28,2,Meadowbrook Senior Living,P2-U03,,,0
2024-12-28,2,Meadowbrook Senior Living,P2-U04,,,0
2024-12-28,2,Meadowbrook Senior Living,P2-U05,32,Resident32 Last32,5524
2024-12-28,2,Meadowbrook Senior Living,P2-U06,,,0
2024-12-28,2,Meadowbrook Senior Living,P2-U07,98,Resident98 Last98,5808
2024-12-28,2,Meadowbrook Senior Living,P2-U08,33,Resident33 Last33,7164
2024-12-28,2,Meadowbrook Senior Living,P2-U09,34,Resident34 Last34,6565
2024-12-28,2,Meadowbrook Senior Living,P2-U10,,,0
2024-12-28,2,Meadowbrook Senior Living,P2-U11,,,0
2024-12-28,2,Meadowbrook Senior Living,P2-U12,35,Resident35 Last35,5476
2024-12-28,2,Meadowbrook Senior Living,P2-U13,36,Resident36 Last36,4795
2024-12-28,2,Meadowbrook Senior Living,P2-U14,37,Resident37 Last37,6972
2024-12-28,2,Meadowbrook Senior Living,P2-U15,,,0
2024-12-28,2,Meadowbrook Senior Living,P2-U16,38,Resident38 Last38,6144
2024-12-28,2,Meadowbrook Senior Living,P2-U17,39,Resident39 Last39,3646
2024-12-28,2,Meadowbrook Senior Living,P2-U18,40,Resident40 Last40,6397
2024-12-28,2,Meadowbrook Senior Living,P2-U19,,,0
2024-12-28,2,Meadowbrook Senior Living,P2-U20,41,Resident41 Last41,3058
2024-12-28,2,Meadowbrook Senior Living,P2-U21,42,Resident42 Last42,4782
2024-12-28,2,Meadowbrook Senior Living,P2-U22,43,Resident43 Last43,5894
2024-12-28,2,Meadowbrook Senior Living,P2-U23,,,0
2024-12-28,2,Meadowbrook Senior Living,P2-U24,44,Resident44 Last44,7471
2024-12-28,2,Meadowbrook Senior Living,P2-U25,45,Resident45 Last45,5210
2024-12-28,2,Meadowbrook Senior Living,P2-U26,,,0
2024-12-28,2,Meadowbrook Senior Living,P2-U27,,,0
2024-12-28,2,Meadowbrook Senior Living,P2-U28,,,0
2024-12-28,2,Meadowbrook Senior Living,P2-U29,,,0
2024-12-28,2,Meadowbrook Senior Living,P2-U30,,,0
2024-12-28,2,Meadowbrook Senior Living,P2-U31,,,0
2024-12-28,2,Meadowbrook Senior Living,P2-U32,,,0
2024-12-28,2,Meadowbrook Senior Living,P2-U33,46,Resident46 Last46,4824
2024-12-28,2,Meadowbrook Senior Living,P2-U34,,,0
2024-12-28,2,Meadowbrook Senior Living,P2-U35,,,0
2024-12-28,2,Meadowbrook Senior Living,P2-U36,,,0
2024-12-28,2,Meadowbrook Senior Living,P2-U37,47,Resident47 Last47,5894
2024-12-28,2,Meadowbrook Senior Living,P2-U38,48,Resident48 Last48,3847
2024-12-28,2,Meadowbrook Senior Living,P2-U39,49,Resident49 Last49,3512
2024-12-28,2,Meadowbrook Senior Living,P2-U40,50,Resident50 Last50,5383
2024-12-28,2,Meadowbrook Senior Living,P2-U41,,,0
2024-12-28,2,Meadowbrook Senior Living,P2-U42,51,Resident51 Last51,6956
2024-12-28,2,Meadowbrook Senior Living,P2-U43,52,Resident52 Last52,4271
2024-12-28,2,Meadowbrook Senior Living,P2-U44,53,Resident53 Last53,6044
2024-12-28,2,Meadowbrook Senior Living,P2-U45,,,0
2024-12-28,2,Meadowbrook Senior Living,P2-U46,54,Resident54 Last54,4954
2024-12-28,2,Meadowbrook Senior Living,P2-U47,55,Resident55 Last55,7311
2024-12-28,2,Meadowbrook Senior Living,P2-U48,56,Resident56 Last56,3751
2024-12-28,2,Meadowbrook Senior Living,P2-U49,57,Resident57 Last57,3429
2024-12-28,2,Meadowbrook Senior Living,P2-U50,,,0
2024-12-28,3,Riverside Retirement Community,P3-U01,58,Resident58 Last58,6334
2024-12-28,3,Riverside Retirement Community,P3-U02,,,0
2024-12-28,3,Riverside Retirement Community,P3-U03,,,0
2024-12-28,3,Riverside Retirement Community,P3-U04,,,0
2024-12-28,3,Riverside Retirement Community,P3-U05,,,0
2024-12-28,3,Riverside Retirement Community,P3-U06,60,Resident60 Last60,4602
2024-12-28,3,Riverside Retirement Community,P3-U07,61,Resident61 Last61,3142
2024-12-28,3,Riverside Retirement Community,P3-U08,62,Resident62 Last62,5599
2024-12-28,3,Riverside Retirement Community,P3-U09,63,Resident63 Last63,4741
2024-12-28,3,Riverside Retirement Community,P3-U10,,,0
2024-12-28,3,Riverside Retirement Community,P3-U11,,,0
2024-12-28,3,Riverside Retirement Community,P3-U12,,,0
2024-12-28,3,Riverside Retirement Community,P3-U13,,,0
2024-12-28,3,Riverside Retirement Community,P3-U14,64,Resident64 Last64,4016
2024-12-28,3,Riverside Retirement Community,P3-U15,65,Resident65 Last65,5094
2024-12-28,3,Riverside Retirement Community,P3-U16,66,Resident66 Last66,7369
2024-12-28,3,Riverside Retirement Community,P3-U17,67,Resident67 Last67,5257
2024-12-28,3,Riverside Retirement Community,P3-U18,,,0
2024-12-28,3,Riverside Retirement Community,P3-U19,,,0
2024-12-28,3,Riverside Retirement Community,P3-U20,,,0
2024-12-28,3,Riverside Retirement Community,P3-U21,70,Resident70 Last70,4784
2024-12-28,3,Riverside Retirement Community,P3-U22,71,Resident71 Last71,3684
2024-12-28,3,Riverside Retirement Community,P3-U23,72,Resident72 Last72,3763
2024-12-28,3,Riverside Retirement Community,P3-U24,73,Resident73 Last73,3612
2024-12-28,3,Riverside Retirement Community,P3-U25,74,Resident74 Last74,6679
2024-12-28,3,Riverside Retirement Community,P3-U26,,,0
2024-12-28,3,Riverside Retirement Community,P3-U27,,,0
2024-12-28,3,Riverside Retirement Community,P3-U28,,,0
2024-12-28,3,Riverside Retirement Community,P3-U29,,,0
2024-12-28,3,Riverside Retirement Community,P3-U30,,,0
2024-12-28,3,Riverside Retirement Community,P3-U31,,,0
2024-12-28,3,Riverside Retirement Community,P3-U32,75,Resident75 Last75,6998
2024-12-28,3,Riverside Retirement Community,P3-U33,,,0
2024-12-28,3,Riverside Retirement Community,P3-U34,77,Resident77 Last77,4456
2024-12-28,3,Riverside Retirement Community,P3-U35,,,0
2024-12-28,3,Riverside Retirement Community,P3-U36,78,Resident78 Last78,6502
2024-12-28,3,Riverside Retirement Community,P3-U37,,,0
2024-12-28,3,Riverside Retirement Community,P3-U38,79,Resident79 Last79,7014
2024-12-28,3,Riverside Retirement Community,P3-U39,80,Resident80 Last80,4317
2024-12-28,3,Riverside Retirement Community,P3-U40,81,Resident81 Last81,5835
2024-12-28,3,Riverside Retirement Community,P3-U41,82,Resident82 Last82,3465
2024-12-28,3,Riverside Retirement Community,P3-U42,83,Resident83 Last83,4381
2024-12-28,3,Riverside Retirement Community,P3-U43,,,0
2024-12-28,3,Riverside Retirement Community,P3-U44,84,Resident84 Last84,6325
2024-12-28,3,Riverside Retirement Community,P3-U45,,,0
2024-12-28,3,Riverside Retirement Community,P3-U46,,,0
2024-12-28,3,Riverside Retirement Community,P3-U47,85,Resident85 Last85,6135
2024-12-28,3,Riverside Retirement Community,P3-U48,86,Resident86 Last86,4208
2024-12-28,3,Riverside Retirement Community,P3-U49,87,Resident87 Last87,4723
2024-12-28,3,Riverside Retirement Community,P3-U50,88,Resident88 Last88,3664
2024-12-29,1,Sunset Gardens,P1-U01,,,0
2024-12-29,1,Sunset Gardens,P1-U02,1,Resident1 Last1,4103
2024-12-29,1,Sunset Gardens,P1-U03,2,Resident2 Last2,4626
2024-12-29,1,Sunset Gardens,P1-U04,3,Resident3 Last3,3710
2024-12-29,1,Sunset Gardens,P1-U05,4,Resident4 Last4,4469
2024-12-29,1,Sunset Gardens,P1-U06,,,0
2024-12-29,1,Sunset Gardens,P1-U07,5,Resident5 Last5,6368
2024-12-29,1,Sunset Gardens,P1-U08,6,Resident6 Last6,4726
2024-12-29,1,Sunset Gardens,P1-U09,,,0
2024-12-29,1,Sunset Gardens,P1-U10,8,Resident8 Last8,5207
2024-12-29,1,Sunset Gardens,P1-U11,9,Resident9 Last9,6915
2024-12-29,1,Sunset Gardens,P1-U12,10,Resident10 Last10,3888
2024-12-29,1,Sunset Gardens,P1-U13,11,Resident11 Last11,4505
2024-12-29,1,Sunset Gardens,P1-U14,12,Resident12 Last12,6471
2024-12-29,1,Sunset Gardens,P1-U15,,,0
2024-12-29,1,Sunset Gardens,P1-U16,,,0
2024-12-29,1,Sunset Gardens,P1-U17,,,0
2024-12-29,1,Sunset Gardens,P1-U18,13,Resident13 Last13,3438
2024-12-29,1,Sunset Gardens,P1-U19,14,Resident14 Last14,5725
2024-12-29,1,Sunset Gardens,P1-U20,,,0
2024-12-29,1,Sunset Gardens,P1-U21,15,Resident15 Last15,7434
2024-12-29,1,Sunset Gardens,P1-U22,,,0
2024-12-29,1,Sunset Gardens,P1-U23,,,0
2024-12-29,1,Sunset Gardens,P1-U24,,,0
2024-12-29,1,Sunset Gardens,P1-U25,,,0
2024-12-29,1,Sunset Gardens,P1-U26,16,Resident16 Last16,6062
2024-12-29,1,Sunset Gardens,P1-U27,,,0
2024-12-29,1,Sunset Gardens,P1-U28,17,Resident17 Last17,4390
2024-12-29,1,Sunset Gardens,P1-U29,18,Resident18 Last18,3165
2024-12-29,1,Sunset Gardens,P1-U30,91,Resident91 Last91,6743
2024-12-29,1,Sunset Gardens,P1-U31,19,Resident19 Last19,3698
2024-12-29,1,Sunset Gardens,P1-U32,,,0
2024-12-29,1,Sunset Gardens,P1-U33,,,0
2024-12-29,1,Sunset Gardens,P1-U34,,,0
2024-12-29,1,Sunset Gardens,P1-U35,,,0
2024-12-29,1,Sunset Gardens,P1-U36,22,Resident22 Last22,5722
2024-12-29,1,Sunset Gardens,P1-U37,23,Resident23 Last23,6826
2024-12-29,1,Sunset Gardens,P1-U38,24,Resident24 Last24,5319
2024-12-29,1,Sunset Gardens,P1-U39,,,0
2024-12-29,1,Sunset Gardens,P1-U40,25,Resident25 Last25,3203
2024-12-29,1,Sunset Gardens,P1-U41,,,0
2024-12-29,1,Sunset Gardens,P1-U42,,,0
2024-12-29,1,Sunset Gardens,P1-U43,,,0
2024-12-29,1,Sunset Gardens,P1-U44,26,Resident26 Last26,4150
2024-12-29,1,Sunset Gardens,P1-U45,27,Resident27 Last27,3659
2024-12-29,1,Sunset Gardens,P1-U46,28,Resident28 Last28,4656
2024-12-29,1,Sunset Gardens,P1-U47,,,0
2024-12-29,1,Sunset Gardens,P1-U48,92,Resident92 Last92,7230
2024-12-29,1,Sunset Gardens,P1-U49,29,Resident29 Last29,4138
2024-12-29,1,Sunset Gardens,P1-U50,30,Resident30 Last30,6031
2024-12-29,2,Meadowbrook Senior Living,P2-U01,99,Resident99 Last99,6317
2024-12-29,2,Meadowbrook Senior Living,P2-U02,31,Resident31 Last31,3643
2024-12-29,2,Meadowbrook Senior Living,P2-U03,,,0
2024-12-29,2,Meadowbrook Senior Living,P2-U04,,,0
2024-12-29,2,Meadowbrook Senior Living,P2-U05,32,Resident32 Last32,5524
2024-12-29,2,Meadowbrook Senior Living,P2-U06,,,0
2024-12-29,2,Meadowbrook Senior Living,P2-U07,98,Resident98 Last98,5808
2024-12-29,2,Meadowbrook Senior Living,P2-U08,33,Resident33 Last33,7164
2024-12-29,2,Meadowbrook Senior Living,P2-U09,34,Resident34 Last34,6565
2024-12-29,2,Meadowbrook Senior Living,P2-U10,,,0
2024-12-29,2,Meadowbrook Senior Living,P2-U11,,,0
2024-12-29,2,Meadowbrook Senior Living,P2-U12,35,Resident35 Last35,5476
2024-12-29,2,Meadowbrook Senior Living,P2-U13,36,Resident36 Last36,4795
2024-12-29,2,Meadowbrook Senior Living,P2-U14,37,Resident37 Last37,6972
2024-12-29,2,Meadowbrook Senior Living,P2-U15,,,0
2024-12-29,2,Meadowbrook Senior Living,P2-U16,38,Resident38 Last38,6144
2024-12-29,2,Meadowbrook Senior Living,P2-U17,39,Resident39 Last39,3646
2024-12-29,2,Meadowbrook Senior Living,P2-U18,40,Resident40 Last40,6397
2024-12-29,2,Meadowbrook Senior Living,P2-U19,,,0
2024-12-29,2,Meadowbrook Senior Living,P2-U20,41,Resident41 Last41,3058
2024-12-29,2,Meadowbrook Senior Living,P2-U21,42,Resident42 Last42,4782
2024-12-29,2,Meadowbrook Senior Living,P2-U22,43,Resident43 Last43,5894
2024-12-29,2,Meadowbrook Senior Living,P2-U23,,,0
2024-12-29,2,Meadowbrook Senior Living,P2-U24,44,Resident44 Last44,7471
2024-12-29,2,Meadowbrook Senior Living,P2-U25,,,0
2024-12-29,2,Meadowbrook Senior Living,P2-U26,,,0
2024-12-29,2,Meadowbrook Senior Living,P2-U27,,,0
2024-12-29,2,Meadowbrook Senior Living,P2-U28,,,0
2024-12-29,2,Meadowbrook Senior Living,P2-U29,,,0
2024-12-29,2,Meadowbrook Senior Living,P2-U30,,,0
2024-12-29,2,Meadowbrook Senior Living,P2-U31,,,0
2024-12-29,2,Meadowbrook Senior Living,P2-U32,,,0
2024-12-29,2,Meadowbrook Senior Living,P2-U33,46,Resident46 Last46,4824
2024-12-29,2,Meadowbrook Senior Living,P2-U34,,,0
2024-12-29,2,Meadowbrook Senior Living,P2-U35,,,0
2024-12-29,2,Meadowbrook Senior Living,P2-U36,,,0
2024-12-29,2,Meadowbrook Senior Living,P2-U37,47,Resident47 Last47,5894
2024-12-29,2,Meadowbrook Senior Living,P2-U38,48,Resident48 Last48,3847
2024-12-29,2,Meadowbrook Senior Living,P2-U39,49,Resident49 Last49,3512
2024-12-29,2,Meadowbrook Senior Living,P2-U40,50,Resident50 Last50,5383
2024-12-29,2,Meadowbrook Senior Living,P2-U41,,,0
2024-12-29,2,Meadowbrook Senior Living,P2-U42,51,Resident51 Last51,6956
2024-12-29,2,Meadowbrook Senior Living,P2-U43,52,Resident52 Last52,4271
2024-12-29,2,Meadowbrook Senior Living,P2-U44,53,Resident53 Last53,6044
2024-12-29,2,Meadowbrook Senior Living,P2-U45,,,0
2024-12-29,2,Meadowbrook Senior Living,P2-U46,54,Resident54 Last54,4954
2024-12-29,2,Meadowbrook Senior Living,P2-U47,55,Resident55 Last55,7311
2024-12-29,2,Meadowbrook Senior Living,P2-U48,56,Resident56 Last56,3751
2024-12-29,2,Meadowbrook Senior Living,P2-U49,57,Resident57 Last57,3429
2024-12-29,2,Meadowbrook Senior Living,P2-U50,,,0
2024-12-29,3,Riverside Retirement Community,P3-U01,58,Resident58 Last58,6334
2024-12-29,3,Riverside Retirement Community,P3-U02,,,0
2024-12-29,3,Riverside Retirement Community,P3-U03,,,0
2024-12-29,3,Riverside Retirement Community,P3-U04,,,0
2024-12-29,3,Riverside Retirement Community,P3-U05,,,0
2024-12-29,3,Riverside Retirement Community,P3-U06,60,Resident60 Last60,4602
2024-12-29,3,Riverside Retirement Community,P3-U07,61,Resident61 Last61,3142
2024-12-29,3,Riverside Retirement Community,P3-U08,62,Resident62 Last62,5599
2024-12-29,3,Riverside Retirement Community,P3-U09,63,Resident63 Last63,4741
2024-12-29,3,Riverside Retirement Community,P3-U10,,,0
2024-12-29,3,Riverside Retirement Community,P3-U11,,,0
2024-12-29,3,Riverside Retirement Community,P3-U12,,,0
2024-12-29,3,Riverside Retirement Community,P3-U13,,,0
2024-12-29,3,Riverside Retirement Community,P3-U14,64,Resident64 Last64,4016
2024-12-29,3,Riverside Retirement Community,P3-U15,65,Resident65 Last65,5094
2024-12-29,3,Riverside Retirement Community,P3-U16,66,Resident66 Last66,7369
2024-12-29,3,Riverside Retirement Community,P3-U17,67,Resident67 Last67,5257
2024-12-29,3,Riverside Retirement Community,P3-U18,,,0
2024-12-29,3,Riverside Retirement Community,P3-U19,,,0
2024-12-29,3,Riverside Retirement Community,P3-U20,,,0
2024-12-29,3,Riverside Retirement Community,P3-U21,,,0
2024-12-29,3,Riverside Retirement Community,P3-U22,71,Resident71 Last71,3684
2024-12-29,3,Riverside Retirement Community,P3-U23,72,Resident72 Last72,3763
2024-12-29,3,Riverside Retirement Community,P3-U24,73,Resident73 Last73,3612
2024-12-29,3,Riverside Retirement Community,P3-U25,74,Resident74 Last74,6679
2024-12-29,3,Riverside Retirement Community,P3-U26,,,0
2024-12-29,3,Riverside Retirement Community,P3-U27,,,0
2024-12-29,3,Riverside Retirement Community,P3-U28,,,0
2024-12-29,3,Riverside Retirement Community,P3-U29,,,0
2024-12-29,3,Riverside Retirement Community,P3-U30,,,0
2024-12-29,3,Riverside Retirement Community,P3-U31,,,0
2024-12-29,3,Riverside Retirement Community,P3-U32,75,Resident75 Last75,6998
2024-12-29,3,Riverside Retirement Community,P3-U33,,,0
2024-12-29,3,Riverside Retirement Community,P3-U34,77,Resident77 Last77,4456
2024-12-29,3,Riverside Retirement Community,P3-U35,,,0
2024-12-29,3,Riverside Retirement Community,P3-U36,78,Resident78 Last78,6502
2024-12-29,3,Riverside Retirement Community,P3-U37,,,0
2024-12-29,3,Riverside Retirement Community,P3-U38,79,Resident79 Last79,7014
2024-12-29,3,Riverside Retirement Community,P3-U39,80,Resident80 Last80,4317
2024-12-29,3,Riverside Retirement Community,P3-U40,81,Resident81 Last81,5835
2024-12-29,3,Riverside Retirement Community,P3-U41,82,Resident82 Last82,3465
2024-12-29,3,Riverside Retirement Community,P3-U42,83,Resident83 Last83,4381
2024-12-29,3,Riverside Retirement Community,P3-U43,,,0
2024-12-29,3,Riverside Retirement Community,P3-U44,84,Resident84 Last84,6325
2024-12-29,3,Riverside Retirement Community,P3-U45,,,0
2024-12-29,3,Riverside Retirement Community,P3-U46,,,0
2024-12-29,3,Riverside Retirement Community,P3-U47,85,Resident85 Last85,6135
2024-12-29,3,Riverside Retirement Community,P3-U48,86,Resident86 Last86,4208
2024-12-29,3,Riverside Retirement Community,P3-U49,87,Resident87 Last87,4723
2024-12-29,3,Riverside Retirement Community,P3-U50,88,Resident88 Last88,3664
2024-12-30,1,Sunset Gardens,P1-U01,,,0
2024-12-30,1,Sunset Gardens,P1-U02,1,Resident1 Last1,4103
2024-12-30,1,Sunset Gardens,P1-U03,2,Resident2 Last2,4626
2024-12-30,1,Sunset Gardens,P1-U04,3,Resident3 Last3,3710
2024-12-30,1,Sunset Gardens,P1-U05,4,Resident4 Last4,4469
2024-12-30,1,Sunset Gardens,P1-U06,,,0
2024-12-30,1,Sunset Gardens,P1-U07,5,Resident5 Last5,6368
2024-12-30,1,Sunset Gardens,P1-U08,6,Resident6 Last6,4726
2024-12-30,1,Sunset Gardens,P1-U09,,,0
2024-12-30,1,Sunset Gardens,P1-U10,8,Resident8 Last8,5207
2024-12-30,1,Sunset Gardens,P1-U11,9,Resident9 Last9,6915
2024-12-30,1,Sunset Gardens,P1-U12,10,Resident10 Last10,3888
2024-12-30,1,Sunset Gardens,P1-U13,11,Resident11 Last11,4505
2024-12-30,1,Sunset Gardens,P1-U14,12,Resident12 Last12,6471
2024-12-30,1,Sunset Gardens,P1-U15,,,0
2024-12-30,1,Sunset Gardens,P1-U16,,,0
2024-12-30,1,Sunset Gardens,P1-U17,,,0
2024-12-30,1,Sunset Gardens,P1-U18,13,Resident13 Last13,3438
2024-12-30,1,Sunset Gardens,P1-U19,14,Resident14 Last14,5725
2024-12-30,1,Sunset Gardens,P1-U20,,,0
2024-12-30,1,Sunset Gardens,P1-U21,15,Resident15 Last15,7434
2024-12-30,1,Sunset Gardens,P1-U22,,,0
2024-12-30,1,Sunset Gardens,P1-U23,,,0
2024-12-30,1,Sunset Gardens,P1-U24,,,0
2024-12-30,1,Sunset Gardens,P1-U25,,,0
2024-12-30,1,Sunset Gardens,P1-U26,16,Resident16 Last16,6062
2024-12-30,1,Sunset Gardens,P1-U27,,,0
2024-12-30,1,Sunset Gardens,P1-U28,17,Resident17 Last17,4390
2024-12-30,1,Sunset Gardens,P1-U29,18,Resident18 Last18,3165
2024-12-30,1,Sunset Gardens,P1-U30,91,Resident91 Last91,6743
2024-12-30,1,Sunset Gardens,P1-U31,19,Resident19 Last19,3698
2024-12-30,1,Sunset Gardens,P1-U32,,,0
2024-12-30,1,Sunset Gardens,P1-U33,,,0
2024-12-30,1,Sunset Gardens,P1-U34,,,0
2024-12-30,1,Sunset Gardens,P1-U35,,,0
2024-12-30,1,Sunset Gardens,P1-U36,22,Resident22 Last22,5722
2024-12-30,1,Sunset Gardens,P1-U37,23,Resident23 Last23,6826
2024-12-30,1,Sunset Gardens,P1-U38,24,Resident24 Last24,5319
2024-12-30,1,Sunset Gardens,P1-U39,,,0
2024-12-30,1,Sunset Gardens,P1-U40,25,Resident25 Last25,3203
2024-12-30,1,Sunset Gardens,P1-U41,,,0
2024-12-30,1,Sunset Gardens,P1-U42,,,0
2024-12-30,1,Sunset Gardens,P1-U43,,,0
2024-12-30,1,Sunset Gardens,P1-U44,26,Resident26 Last26,4150
2024-12-30,1,Sunset Gardens,P1-U45,27,Resident27 Last27,3659
2024-12-30,1,Sunset Gardens,P1-U46,28,Resident28 Last28,4656
2024-12-30,1,Sunset Gardens,P1-U47,,,0
2024-12-30,1,Sunset Gardens,P1-U48,92,Resident92 Last92,7230
2024-12-30,1,Sunset Gardens,P1-U49,29,Resident29 Last29,4138
2024-12-30,1,Sunset Gardens,P1-U50,30,Resident30 Last30,6031
2024-12-30,2,Meadowbrook Senior Living,P2-U01,99,Resident99 Last99,6317
2024-12-30,2,Meadowbrook Senior Living,P2-U02,31,Resident31 Last31,3643
2024-12-30,2,Meadowbrook Senior Living,P2-U03,,,0
2024-12-30,2,Meadowbrook Senior Living,P2-U04,,,0
2024-12-30,2,Meadowbrook Senior Living,P2-U05,32,Resident32 Last32,5524
2024-12-30,2,Meadowbrook Senior Living,P2-U06,,,0
2024-12-30,2,Meadowbrook Senior Living,P2-U07,98,Resident98 Last98,5808
2024-12-30,2,Meadowbrook Senior Living,P2-U08,33,Resident33 Last33,7164
2024-12-30,2,Meadowbrook Senior Living,P2-U09,34,Resident34 Last34,6565
2024-12-30,2,Meadowbrook Senior Living,P2-U10,,,0
2024-12-30,2,Meadowbrook Senior Living,P2-U11,,,0
2024-12-30,2,Meadowbrook Senior Living,P2-U12,35,Resident35 Last35,5476
2024-12-30,2,Meadowbrook Senior Living,P2-U13,36,Resident36 Last36,4795
2024-12-30,2,Meadowbrook Senior Living,P2-U14,37,Resident37 Last37,6972
2024-12-30,2,Meadowbrook Senior Living,P2-U15,,,0
2024-12-30,2,Meadowbrook Senior Living,P2-U16,38,Resident38 Last38,6144
2024-12-30,2,Meadowbrook Senior Living,P2-U17,39,Resident39 Last39,3646
2024-12-30,2,Meadowbrook Senior Living,P2-U18,40,Resident40 Last40,6397
2024-12-30,2,Meadowbrook Senior Living,P2-U19,,,0
2024-12-30,2,Meadowbrook Senior Living,P2-U20,41,Resident41 Last41,3058
2024-12-30,2,Meadowbrook Senior Living,P2-U21,42,Resident42 Last42,4782
2024-12-30,2,Meadowbrook Senior Living,P2-U22,43,Resident43 Last43,5894
2024-12-30,2,Meadowbrook Senior Living,P2-U23,,,0
2024-12-30,2,Meadowbrook Senior Living,P2-U24,44,Resident44 Last44,7471
2024-12-30,2,Meadowbrook Senior Living,P2-U25,,,0
2024-12-30,2,Meadowbrook Senior Living,P2-U26,,,0
2024-12-30,2,Meadowbrook Senior Living,P2-U27,,,0
2024-12-30,2,Meadowbrook Senior Living,P2-U28,,,0
2024-12-30,2,Meadowbrook Senior Living,P2-U29,,,0
2024-12-30,2,Meadowbrook Senior Living,P2-U30,,,0
2024-12-30,2,Meadowbrook Senior Living,P2-U31,,,0
2024-12-30,2,Meadowbrook Senior Living,P2-U32,,,0
2024-12-30,2,Meadowbrook Senior Living,P2-U33,46,Resident46 Last46,4824
2024-12-30,2,Meadowbrook Senior Living,P2-U34,,,0
2024-12-30,2,Meadowbrook Senior Living,P2-U35,,,0
2024-12-30,2,Meadowbrook Senior Living,P2-U36,,,0
2024-12-30,2,Meadowbrook Senior Living,P2-U37,47,Resident47 Last47,5894
2024-12-30,2,Meadowbrook Senior Living,P2-U38,48,Resident48 Last48,3847
2024-12-30,2,Meadowbrook Senior Living,P2-U39,49,Resident49 Last49,3512
2024-12-30,2,Meadowbrook Senior Living,P2-U40,50,Resident50 Last50,5383
2024-12-30,2,Meadowbrook Senior Living,P2-U41,,,0
2024-12-30,2,Meadowbrook Senior Living,P2-U42,51,Resident51 Last51,6956
2024-12-30,2,Meadowbrook Senior Living,P2-U43,52,Resident52 Last52,4271
2024-12-30,2,Meadowbrook Senior Living,P2-U44,53,Resident53 Last53,6044
2024-12-30,2,Meadowbrook Senior Living,P2-U45,,,0
2024-12-30,2,Meadowbrook Senior Living,P2-U46,54,Resident54 Last54,4954
2024-12-30,2,Meadowbrook Senior Living,P2-U47,55,Resident55 Last55,7311
2024-12-30,2,Meadowbrook Senior Living,P2-U48,56,Resident56 Last56,3751
2024-12-30,2,Meadowbrook Senior Living,P2-U49,57,Resident57 Last57,3429
2024-12-30,2,Meadowbrook Senior Living,P2-U50,,,0
2024-12-30,3,Riverside Retirement Community,P3-U01,58,Resident58 Last58,6334
2024-12-30,3,Riverside Retirement Community,P3-U02,,,0
2024-12-30,3,Riverside Retirement Community,P3-U03,,,0
2024-12-30,3,Riverside Retirement Community,P3-U04,,,0
2024-12-30,3,Riverside Retirement Community,P3-U05,,,0
2024-12-30,3,Riverside Retirement Community,P3-U06,60,Resident60 Last60,4602
2024-12-30,3,Riverside Retirement Community,P3-U07,61,Resident61 Last61,3142
2024-12-30,3,Riverside Retirement Community,P3-U08,62,Resident62 Last62,5599
2024-12-30,3,Riverside Retirement Community,P3-U09,63,Resident63 Last63,4741
2024-12-30,3,Riverside Retirement Community,P3-U10,,,0
2024-12-30,3,Riverside Retirement Community,P3-U11,96,Resident96 Last96,3484
2024-12-30,3,Riverside Retirement Community,P3-U12,,,0
2024-12-30,3,Riverside Retirement Community,P3-U13,,,0
2024-12-30,3,Riverside Retirement Community,P3-U14,64,Resident64 Last64,4016
2024-12-30,3,Riverside Retirement Community,P3-U15,65,Resident65 Last65,5094
2024-12-30,3,Riverside Retirement Community,P3-U16,66,Resident66 Last66,7369
2024-12-30,3,Riverside Retirement Community,P3-U17,67,Resident67 Last67,5257
2024-12-30,3,Riverside Retirement Community,P3-U18,,,0
2024-12-30,3,Riverside Retirement Community,P3-U19,,,0
2024-12-30,3,Riverside Retirement Community,P3-U20,,,0
2024-12-30,3,Riverside Retirement Community,P3-U21,,,0
2024-12-30,3,Riverside Retirement Community,P3-U22,71,Resident71 Last71,3684
2024-12-30,3,Riverside Retirement Community,P3-U23,72,Resident72 Last72,3763
2024-12-30,3,Riverside Retirement Community,P3-U24,73,Resident73 Last73,3612
2024-12-30,3,Riverside Retirement Community,P3-U25,74,Resident74 Last74,6679
2024-12-30,3,Riverside Retirement Community,P3-U26,,,0
2024-12-30,3,Riverside Retirement Community,P3-U27,,,0
2024-12-30,3,Riverside Retirement Community,P3-U28,,,0
2024-12-30,3,Riverside Retirement Community,P3-U29,,,0
2024-12-30,3,Riverside Retirement Community,P3-U30,,,0
2024-12-30,3,Riverside Retirement Community,P3-U31,,,0
2024-12-30,3,Riverside Retirement Community,P3-U32,75,Resident75 Last75,6998
2024-12-30,3,Riverside Retirement Community,P3-U33,,,0
2024-12-30,3,Riverside Retirement Community,P3-U34,77,Resident77 Last77,4456
2024-12-30,3,Riverside Retirement Community,P3-U35,,,0
2024-12-30,3,Riverside Retirement Community,P3-U36,78,Resident78 Last78,6502
2024-12-30,3,Riverside Retirement Community,P3-U37,,,0
2024-12-30,3,Riverside Retirement Community,P3-U38,79,Resident79 Last79,7014
2024-12-30,3,Riverside Retirement Community,P3-U39,80,Resident80 Last80,4317
2024-12-30,3,Riverside Retirement Community,P3-U40,81,Resident81 Last81,5835
2024-12-30,3,Riverside Retirement Community,P3-U41,82,Resident82 Last82,3465
2024-12-30,3,Riverside Retirement Community,P3-U42,83,Resident83 Last83,4381
2024-12-30,3,Riverside Retirement Community,P3-U43,,,0
2024-12-30,3,Riverside Retirement Community,P3-U44,84,Resident84 Last84,6325
2024-12-30,3,Riverside Retirement Community,P3-U45,,,0
2024-12-30,3,Riverside Retirement Community,P3-U46,,,0
2024-12-30,3,Riverside Retirement Community,P3-U47,85,Resident85 Last85,6135
2024-12-30,3,Riverside Retirement Community,P3-U48,86,Resident86 Last86,4208
2024-12-30,3,Riverside Retirement Community,P3-U49,87,Resident87 Last87,4723
2024-12-30,3,Riverside Retirement Community,P3-U50,88,Resident88 Last88,3664
2024-12-31,1,Sunset Gardens,P1-U01,,,0
2024-12-31,1,Sunset Gardens,P1-U02,1,Resident1 Last1,4103
2024-12-31,1,Sunset Gardens,P1-U03,2,Resident2 Last2,4626
2024-12-31,1,Sunset Gardens,P1-U04,3,Resident3 Last3,3710
2024-12-31,1,Sunset Gardens,P1-U05,4,Resident4 Last4,4469
2024-12-31,1,Sunset Gardens,P1-U06,,,0
2024-12-31,1,Sunset Gardens,P1-U07,5,Resident5 Last5,6368
2024-12-31,1,Sunset Gardens,P1-U08,6,Resident6 Last6,4726
2024-12-31,1,Sunset Gardens,P1-U09,,,0
2024-12-31,1,Sunset Gardens,P1-U10,8,Resident8 Last8,5207
2024-12-31,1,Sunset Gardens,P1-U11,9,Resident9 Last9,6915
2024-12-31,1,Sunset Gardens,P1-U12,10,Resident10 Last10,3888
2024-12-31,1,Sunset Gardens,P1-U13,11,Resident11 Last11,4505
2024-12-31,1,Sunset Gardens,P1-U14,12,Resident12 Last12,6471
2024-12-31,1,Sunset Gardens,P1-U15,,,0
2024-12-31,1,Sunset Gardens,P1-U16,,,0
2024-12-31,1,Sunset Gardens,P1-U17,,,0
2024-12-31,1,Sunset Gardens,P1-U18,13,Resident13 Last13,3438
2024-12-31,1,Sunset Gardens,P1-U19,14,Resident14 Last14,5725
2024-12-31,1,Sunset Gardens,P1-U20,,,0
2024-12-31,1,Sunset Gardens,P1-U21,15,Resident15 Last15,7434
2024-12-31,1,Sunset Gardens,P1-U22,,,0
2024-12-31,1,Sunset Gardens,P1-U23,,,0
2024-12-31,1,Sunset Gardens,P1-U24,,,0
2024-12-31,1,Sunset Gardens,P1-U25,,,0
2024-12-31,1,Sunset Gardens,P1-U26,16,Resident16 Last16,6062
2024-12-31,1,Sunset Gardens,P1-U27,,,0
2024-12-31,1,Sunset Gardens,P1-U28,17,Resident17 Last17,4390
2024-12-31,1,Sunset Gardens,P1-U29,18,Resident18 Last18,3165
2024-12-31,1,Sunset Gardens,P1-U30,91,Resident91 Last91,6743
2024-12-31,1,Sunset Gardens,P1-U31,19,Resident19 Last19,3698
2024-12-31,1,Sunset Gardens,P1-U32,,,0
2024-12-31,1,Sunset Gardens,P1-U33,,,0
2024-12-31,1,Sunset Gardens,P1-U34,,,0
2024-12-31,1,Sunset Gardens,P1-U35,,,0
2024-12-31,1,Sunset Gardens,P1-U36,22,Resident22 Last22,5722
2024-12-31,1,Sunset Gardens,P1-U37,23,Resident23 Last23,6826
2024-12-31,1,Sunset Gardens,P1-U38,24,Resident24 Last24,5319
2024-12-31,1,Sunset Gardens,P1-U39,,,0
2024-12-31,1,Sunset Gardens,P1-U40,25,Resident25 Last25,3203
2024-12-31,1,Sunset Gardens,P1-U41,,,0
2024-12-31,1,Sunset Gardens,P1-U42,,,0
2024-12-31,1,Sunset Gardens,P1-U43,,,0
2024-12-31,1,Sunset Gardens,P1-U44,26,Resident26 Last26,4150
2024-12-31,1,Sunset Gardens,P1-U45,27,Resident27 Last27,3659
2024-12-31,1,Sunset Gardens,P1-U46,28,Resident28 Last28,4656
2024-12-31,1,Sunset Gardens,P1-U47,,,0
2024-12-31,1,Sunset Gardens,P1-U48,92,Resident92 Last92,7230
2024-12-31,1,Sunset Gardens,P1-U49,29,Resident29 Last29,4138
2024-12-31,1,Sunset Gardens,P1-U50,30,Resident30 Last30,6031
2024-12-31,2,Meadowbrook Senior Living,P2-U01,99,Resident99 Last99,6317
2024-12-31,2,Meadowbrook Senior Living,P2-U02,31,Resident31 Last31,3643
2024-12-31,2,Meadowbrook Senior Living,P2-U03,,,0
2024-12-31,2,Meadowbrook Senior Living,P2-U04,,,0
2024-12-31,2,Meadowbrook Senior Living,P2-U05,32,Resident32 Last32,5524
2024-12-31,2,Meadowbrook Senior Living,P2-U06,,,0
2024-12-31,2,Meadowbrook Senior Living,P2-U07,98,Resident98 Last98,5808
2024-12-31,2,Meadowbrook Senior Living,P2-U08,33,Resident33 Last33,7164
2024-12-31,2,Meadowbrook Senior Living,P2-U09,34,Resident34 Last34,6565
2024-12-31,2,Meadowbrook Senior Living,P2-U10,,,0
2024-12-31,2,Meadowbrook Senior Living,P2-U11,,,0
2024-12-31,2,Meadowbrook Senior Living,P2-U12,35,Resident35 Last35,5476
2024-12-31,2,Meadowbrook Senior Living,P2-U13,36,Resident36 Last36,4795
2024-12-31,2,Meadowbrook Senior Living,P2-U14,37,Resident37 Last37,6972
2024-12-31,2,Meadowbrook Senior Living,P2-U15,,,0
2024-12-31,2,Meadowbrook Senior Living,P2-U16,38,Resident38 Last38,6144
2024-12-31,2,Meadowbrook Senior Living,P2-U17,39,Resident39 Last39,3646
2024-12-31,2,Meadowbrook Senior Living,P2-U18,40,Resident40 Last40,6397
2024-12-31,2,Meadowbrook Senior Living,P2-U19,,,0
2024-12-31,2,Meadowbrook Senior Living,P2-U20,41,Resident41 Last41,3058
2024-12-31,2,Meadowbrook Senior Living,P2-U21,42,Resident42 Last42,4782
2024-12-31,2,Meadowbrook Senior Living,P2-U22,43,Resident43 Last43,5894
2024-12-31,2,Meadowbrook Senior Living,P2-U23,,,0
2024-12-31,2,Meadowbrook Senior Living,P2-U24,44,Resident44 Last44,7471
2024-12-31,2,Meadowbrook Senior Living,P2-U25,,,0
2024-12-31,2,Meadowbrook Senior Living,P2-U26,,,0
2024-12-31,2,Meadowbrook Senior Living,P2-U27,,,0
2024-12-31,2,Meadowbrook Senior Living,P2-U28,,,0
2024-12-31,2,Meadowbrook Senior Living,P2-U29,,,0
2024-12-31,2,Meadowbrook Senior Living,P2-U30,,,0
2024-12-31,2,Meadowbrook Senior Living,P2-U31,,,0
2024-12-31,2,Meadowbrook Senior Living,P2-U32,,,0
2024-12-31,2,Meadowbrook Senior Living,P2-U33,46,Resident46 Last46,4824
2024-12-31,2,Meadowbrook Senior Living,P2-U34,,,0
2024-12-31,2,Meadowbrook Senior Living,P2-U35,,,0
2024-12-31,2,Meadowbrook Senior Living,P2-U36,,,0
2024-12-31,2,Meadowbrook Senior Living,P2-U37,47,Resident47 Last47,5894
2024-12-31,2,Meadowbrook Senior Living,P2-U38,48,Resident48 Last48,3847
2024-12-31,2,Meadowbrook Senior Living,P2-U39,49,Resident49 Last49,3512
2024-12-31,2,Meadowbrook Senior Living,P2-U40,50,Resident50 Last50,5383
2024-12-31,2,Meadowbrook Senior Living,P2-U41,,,0
2024-12-31,2,Meadowbrook Senior Living,P2-U42,51,Resident51 Last51,6956
2024-12-31,2,Meadowbrook Senior Living,P2-U43,52,Resident52 Last52,4271
2024-12-31,2,Meadowbrook Senior Living,P2-U44,53,Resident53 Last53,6044
2024-12-31,2,Meadowbrook Senior Living,P2-U45,,,0
2024-12-31,2,Meadowbrook Senior Living,P2-U46,54,Resident54 Last54,4954
2024-12-31,2,Meadowbrook Senior Living,P2-U47,55,Resident55 Last55,7311
2024-12-31,2,Meadowbrook Senior Living,P2-U48,56,Resident56 Last56,3751
2024-12-31,2,Meadowbrook Senior Living,P2-U49,57,Resident57 Last57,3429
2024-12-31,2,Meadowbrook Senior Living,P2-U50,,,0
2024-12-31,3,Riverside Retirement Community,P3-U01,58,Resident58 Last58,6334
2024-12-31,3,Riverside Retirement Community,P3-U02,,,0
2024-12-31,3,Riverside Retirement Community,P3-U03,,,0
2024-12-31,3,Riverside Retirement Community,P3-U04,,,0
2024-12-31,3,Riverside Retirement Community,P3-U05,,,0
2024-12-31,3,Riverside Retirement Community,P3-U06,60,Resident60 Last60,4602
2024-12-31,3,Riverside Retirement Community,P3-U07,61,Resident61 Last61,3142
2024-12-31,3,Riverside Retirement Community,P3-U08,62,Resident62 Last62,5599
2024-12-31,3,Riverside Retirement Community,P3-U09,63,Resident63 Last63,4741
2024-12-31,3,Riverside Retirement Community,P3-U10,,,0
2024-12-31,3,Riverside Retirement Community,P3-U11,96,Resident96 Last96,3484
2024-12-31,3,Riverside Retirement Community,P3-U12,,,0
2024-12-31,3,Riverside Retirement Community,P3-U13,,,0
2024-12-31,3,Riverside Retirement Community,P3-U14,64,Resident64 Last64,4016
2024-12-31,3,Riverside Retirement Community,P3-U15,65,Resident65 Last65,5094
2024-12-31,3,Riverside Retirement Community,P3-U16,66,Resident66 Last66,7369
2024-12-31,3,Riverside Retirement Community,P3-U17,67,Resident67 Last67,5257
2024-12-31,3,Riverside Retirement Community,P3-U18,,,0
2024-12-31,3,Riverside Retirement Community,P3-U19,,,0
2024-12-31,3,Riverside Retirement Community,P3-U20,,,0
2024-12-31,3,Riverside Retirement Community,P3-U21,,,0
2024-12-31,3,Riverside Retirement Community,P3-U22,71,Resident71 Last71,3684
2024-12-31,3,Riverside Retirement Community,P3-U23,72,Resident72 Last72,3763
2024-12-31,3,Riverside Retirement Community,P3-U24,73,Resident73 Last73,3612
2024-12-31,3,Riverside Retirement Community,P3-U25,74,Resident74 Last74,6679
2024-12-31,3,Riverside Retirement Community,P3-U26,,,0
2024-12-31,3,Riverside Retirement Community,P3-U27,,,0
2024-12-31,3,Riverside Retirement Community,P3-U28,,,0
2024-12-31,3,Riverside Retirement Community,P3-U29,,,0
2024-12-31,3,Riverside Retirement Community,P3-U30,,,0
2024-12-31,3,Riverside Retirement Community,P3-U31,,,0
2024-12-31,3,Riverside Retirement Community,P3-U32,75,Resident75 Last75,6998
2024-12-31,3,Riverside Retirement Community,P3-U33,,,0
2024-12-31,3,Riverside Retirement Community,P3-U34,77,Resident77 Last77,4456
2024-12-31,3,Riverside Retirement Community,P3-U35,,,0
2024-12-31,3,Riverside Retirement Community,P3-U36,78,Resident78 Last78,6502
2024-12-31,3,Riverside Retirement Community,P3-U37,,,0
2024-12-31,3,Riverside Retirement Community,P3-U38,79,Resident79 Last79,7014
2024-12-31,3,Riverside Retirement Community,P3-U39,80,Resident80 Last80,4317
2024-12-31,3,Riverside Retirement Community,P3-U40,81,Resident81 Last81,5835
2024-12-31,3,Riverside Retirement Community,P3-U41,82,Resident82 Last82,3465
2024-12-31,3,Riverside Retirement Community,P3-U42,83,Resident83 Last83,4381
2024-12-31,3,Riverside Retirement Community,P3-U43,,,0
2024-12-31,3,Riverside Retirement Community,P3-U44,84,Resident84 Last84,6325
2024-12-31,3,Riverside Retirement Community,P3-U45,,,0
2024-12-31,3,Riverside Retirement Community,P3-U46,,,0
2024-12-31,3,Riverside Retirement Community,P3-U47,85,Resident85 Last85,6135
2024-12-31,3,Riverside Retirement Community,P3-U48,86,Resident86 Last86,4208
2024-12-31,3,Riverside Retirement Community,P3-U49,87,Resident87 Last87,4723
2024-12-31,3,Riverside Retirement Community,P3-U50,88,Resident88 Last88,3664
2025-01-01,1,Sunset Gardens,P1-U01,,,0
2025-01-01,1,Sunset Gardens,P1-U02,1,Resident1 Last1,4103
2025-01-01,1,Sunset Gardens,P1-U03,2,Resident2 Last2,4626
2025-01-01,1,Sunset Gardens,P1-U04,3,Resident3 Last3,3710
2025-01-01,1,Sunset Gardens,P1-U05,4,Resident4 Last4,4469
2025-01-01,1,Sunset Gardens,P1-U06,,,0
2025-01-01,1,Sunset Gardens,P1-U07,5,Resident5 Last5,6368
2025-01-01,1,Sunset Gardens,P1-U08,6,Resident6 Last6,4726
2025-01-01,1,Sunset Gardens,P1-U09,,,0
2025-01-01,1,Sunset Gardens,P1-U10,8,Resident8 Last8,5207
2025-01-01,1,Sunset Gardens,P1-U11,9,Resident9 Last9,6915
2025-01-01,1,Sunset Gardens,P1-U12,10,Resident10 Last10,3888
2025-01-01,1,Sunset Gardens,P1-U13,11,Resident11 Last11,4505
2025-01-01,1,Sunset Gardens,P1-U14,12,Resident12 Last12,6471
2025-01-01,1,Sunset Gardens,P1-U15,,,0
2025-01-01,1,Sunset Gardens,P1-U16,,,0
2025-01-01,1,Sunset Gardens,P1-U17,,,0
2025-01-01,1,Sunset Gardens,P1-U18,13,Resident13 Last13,3438
2025-01-01,1,Sunset Gardens,P1-U19,14,Resident14 Last14,5725
2025-01-01,1,Sunset Gardens,P1-U20,,,0
2025-01-01,1,Sunset Gardens,P1-U21,15,Resident15 Last15,7434
2025-01-01,1,Sunset Gardens,P1-U22,,,0
2025-01-01,1,Sunset Gardens,P1-U23,,,0
2025-01-01,1,Sunset Gardens,P1-U24,,,0
2025-01-01,1,Sunset Gardens,P1-U25,,,0
2025-01-01,1,Sunset Gardens,P1-U26,16,Resident16 Last16,6062
2025-01-01,1,Sunset Gardens,P1-U27,,,0
2025-01-01,1,Sunset Gardens,P1-U28,17,Resident17 Last17,4390
2025-01-01,1,Sunset Gardens,P1-U29,18,Resident18 Last18,3165
2025-01-01,1,Sunset Gardens,P1-U30,91,Resident91 Last91,6743
2025-01-01,1,Sunset Gardens,P1-U31,19,Resident19 Last19,3698
2025-01-01,1,Sunset Gardens,P1-U32,,,0
2025-01-01,1,Sunset Gardens,P1-U33,,,0
2025-01-01,1,Sunset Gardens,P1-U34,,,0
2025-01-01,1,Sunset Gardens,P1-U35,,,0
2025-01-01,1,Sunset Gardens,P1-U36,22,Resident22 Last22,5722
2025-01-01,1,Sunset Gardens,P1-U37,23,Resident23 Last23,6826
2025-01-01,1,Sunset Gardens,P1-U38,24,Resident24 Last24,5319
2025-01-01,1,Sunset Gardens,P1-U39,,,0
2025-01-01,1,Sunset Gardens,P1-U40,25,Resident25 Last25,3203
2025-01-01,1,Sunset Gardens,P1-U41,,,0
2025-01-01,1,Sunset Gardens,P1-U42,,,0
2025-01-01,1,Sunset Gardens,P1-U43,,,0
2025-01-01,1,Sunset Gardens,P1-U44,26,Resident26 Last26,4150
2025-01-01,1,Sunset Gardens,P1-U45,27,Resident27 Last27,3659
2025-01-01,1,Sunset Gardens,P1-U46,28,Resident28 Last28,4656
2025-01-01,1,Sunset Gardens,P1-U47,,,0
2025-01-01,1,Sunset Gardens,P1-U48,92,Resident92 Last92,7230
2025-01-01,1,Sunset Gardens,P1-U49,29,Resident29 Last29,4138
2025-01-01,1,Sunset Gardens,P1-U50,30,Resident30 Last30,6031
2025-01-01,2,Meadowbrook Senior Living,P2-U01,99,Resident99 Last99,6317
2025-01-01,2,Meadowbrook Senior Living,P2-U02,31,Resident31 Last31,3643
2025-01-01,2,Meadowbrook Senior Living,P2-U03,,,0
2025-01-01,2,Meadowbrook Senior Living,P2-U04,,,0
2025-01-01,2,Meadowbrook Senior Living,P2-U05,32,Resident32 Last32,5524
2025-01-01,2,Meadowbrook Senior Living,P2-U06,,,0
2025-01-01,2,Meadowbrook Senior Living,P2-U07,98,Resident98 Last98,5808
2025-01-01,2,Meadowbrook Senior Living,P2-U08,33,Resident33 Last33,7164
2025-01-01,2,Meadowbrook Senior Living,P2-U09,34,Resident34 Last34,6565
2025-01-01,2,Meadowbrook Senior Living,P2-U10,,,0
2025-01-01,2,Meadowbrook Senior Living,P2-U11,,,0
2025-01-01,2,Meadowbrook Senior Living,P2-U12,35,Resident35 Last35,5476
2025-01-01,2,Meadowbrook Senior Living,P2-U13,36,Resident36 Last36,4795
2025-01-01,2,Meadowbrook Senior Living,P2-U14,37,Resident37 Last37,6972
2025-01-01,2,Meadowbrook Senior Living,P2-U15,,,0
2025-01-01,2,Meadowbrook Senior Living,P2-U16,38,Resident38 Last38,6144
2025-01-01,2,Meadowbrook Senior Living,P2-U17,39,Resident39 Last39,3646
2025-01-01,2,Meadowbrook Senior Living,P2-U18,40,Resident40 Last40,6397
2025-01-01,2,Meadowbrook Senior Living,P2-U19,,,0
2025-01-01,2,Meadowbrook Senior Living,P2-U20,41,Resident41 Last41,3058
2025-01-01,2,Meadowbrook Senior Living,P2-U21,42,Resident42 Last42,4782
2025-01-01,2,Meadowbrook Senior Living,P2-U22,43,Resident43 Last43,5894
2025-01-01,2,Meadowbrook Senior Living,P2-U23,,,0
2025-01-01,2,Meadowbrook Senior Living,P2-U24,44,Resident44 Last44,7471
2025-01-01,2,Meadowbrook Senior Living,P2-U25,,,0
2025-01-01,2,Meadowbrook Senior Living,P2-U26,,,0
2025-01-01,2,Meadowbrook Senior Living,P2-U27,,,0
2025-01-01,2,Meadowbrook Senior Living,P2-U28,,,0
2025-01-01,2,Meadowbrook Senior Living,P2-U29,,,0
2025-01-01,2,Meadowbrook Senior Living,P2-U30,,,0
2025-01-01,2,Meadowbrook Senior Living,P2-U31,,,0
2025-01-01,2,Meadowbrook Senior Living,P2-U32,,,0
2025-01-01,2,Meadowbrook Senior Living,P2-U33,46,Resident46 Last46,4824
2025-01-01,2,Meadowbrook Senior Living,P2-U34,,,0
2025-01-01,2,Meadowbrook Senior Living,P2-U35,,,0
2025-01-01,2,Meadowbrook Senior Living,P2-U36,,,0
2025-01-01,2,Meadowbrook Senior Living,P2-U37,47,Resident47 Last47,5894
2025-01-01,2,Meadowbrook Senior Living,P2-U38,48,Resident48 Last48,3847
2025-01-01,2,Meadowbrook Senior Living,P2-U39,49,Resident49 Last49,3512
2025-01-01,2,Meadowbrook Senior Living,P2-U40,50,Resident50 Last50,5383
2025-01-01,2,Meadowbrook Senior Living,P2-U41,,,0
2025-01-01,2,Meadowbrook Senior Living,P2-U42,51,Resident51 Last51,6956
2025-01-01,2,Meadowbrook Senior Living,P2-U43,52,Resident52 Last52,4271
2025-01-01,2,Meadowbrook Senior Living,P2-U44,53,Resident53 Last53,6044
2025-01-01,2,Meadowbrook Senior Living,P2-U45,,,0
2025-01-01,2,Meadowbrook Senior Living,P2-U46,54,Resident54 Last54,4954
2025-01-01,2,Meadowbrook Senior Living,P2-U47,55,Resident55 Last55,7311
2025-01-01,2,Meadowbrook Senior Living,P2-U48,56,Resident56 Last56,3751
2025-01-01,2,Meadowbrook Senior Living,P2-U49,57,Resident57 Last57,3429
2025-01-01,2,Meadowbrook Senior Living,P2-U50,,,0
2025-01-01,3,Riverside Retirement Community,P3-U01,58,Resident58 Last58,6334
2025-01-01,3,Riverside Retirement Community,P3-U02,,,0
2025-01-01,3,Riverside Retirement Community,P3-U03,,,0
2025-01-01,3,Riverside Retirement Community,P3-U04,,,0
2025-01-01,3,Riverside Retirement Community,P3-U05,,,0
2025-01-01,3,Riverside Retirement Community,P3-U06,60,Resident60 Last60,4602
2025-01-01,3,Riverside Retirement Community,P3-U07,61,Resident61 Last61,3142
2025-01-01,3,Riverside Retirement Community,P3-U08,62,Resident62 Last62,5599
2025-01-01,3,Riverside Retirement Community,P3-U09,63,Resident63 Last63,4741
2025-01-01,3,Riverside Retirement Community,P3-U10,,,0
2025-01-01,3,Riverside Retirement Community,P3-U11,96,Resident96 Last96,3484
2025-01-01,3,Riverside Retirement Community,P3-U12,,,0
2025-01-01,3,Riverside Retirement Community,P3-U13,,,0
2025-01-01,3,Riverside Retirement Community,P3-U14,64,Resident64 Last64,4016
2025-01-01,3,Riverside Retirement Community,P3-U15,65,Resident65 Last65,5094
2025-01-01,3,Riverside Retirement Community,P3-U16,66,Resident66 Last66,7369
2025-01-01,3,Riverside Retirement Community,P3-U17,67,Resident67 Last67,5257
2025-01-01,3,Riverside Retirement Community,P3-U18,,,0
2025-01-01,3,Riverside Retirement Community,P3-U19,,,0
2025-01-01,3,Riverside Retirement Community,P3-U20,,,0
2025-01-01,3,Riverside Retirement Community,P3-U21,,,0
2025-01-01,3,Riverside Retirement Community,P3-U22,71,Resident71 Last71,3684
2025-01-01,3,Riverside Retirement Community,P3-U23,72,Resident72 Last72,3763
2025-01-01,3,Riverside Retirement Community,P3-U24,73,Resident73 Last73,3612
2025-01-01,3,Riverside Retirement Community,P3-U25,74,Resident74 Last74,6679
2025-01-01,3,Riverside Retirement Community,P3-U26,,,0
2025-01-01,3,Riverside Retirement Community,P3-U27,,,0
2025-01-01,3,Riverside Retirement Community,P3-U28,,,0
2025-01-01,3,Riverside Retirement Community,P3-U29,,,0
2025-01-01,3,Riverside Retirement Community,P3-U30,,,0
2025-01-01,3,Riverside Retirement Community,P3-U31,,,0
2025-01-01,3,Riverside Retirement Community,P3-U32,75,Resident75 Last75,6998
2025-01-01,3,Riverside Retirement Community,P3-U33,,,0
2025-01-01,3,Riverside Retirement Community,P3-U34,77,Resident77 Last77,4456
2025-01-01,3,Riverside Retirement Community,P3-U35,,,0
2025-01-01,3,Riverside Retirement Community,P3-U36,78,Resident78 Last78,6502
2025-01-01,3,Riverside Retirement Community,P3-U37,,,0
2025-01-01,3,Riverside Retirement Community,P3-U38,79,Resident79 Last79,7014
2025-01-01,3,Riverside Retirement Community,P3-U39,80,Resident80 Last80,4317
2025-01-01,3,Riverside Retirement Community,P3-U40,81,Resident81 Last81,5835
2025-01-01,3,Riverside Retirement Community,P3-U41,82,Resident82 Last82,3465
2025-01-01,3,Riverside Retirement Community,P3-U42,83,Resident83 Last83,4381
2025-01-01,3,Riverside Retirement Community,P3-U43,,,0
2025-01-01,3,Riverside Retirement Community,P3-U44,84,Resident84 Last84,6325
2025-01-01,3,Riverside Retirement Community,P3-U45,,,0
2025-01-01,3,Riverside Retirement Community,P3-U46,,,0
2025-01-01,3,Riverside Retirement Community,P3-U47,85,Resident85 Last85,6135
2025-01-01,3,Riverside Retirement Community,P3-U48,86,Resident86 Last86,4208
2025-01-01,3,Riverside Retirement Community,P3-U49,87,Resident87 Last87,4723
2025-01-01,3,Riverside Retirement Community,P3-U50,88,Resident88 Last88,3664
2025-01-02,1,Sunset Gardens,P1-U01,,,0
2025-01-02,1,Sunset Gardens,P1-U02,1,Resident1 Last1,4103
2025-01-02,1,Sunset Gardens,P1-U03,2,Resident2 Last2,4626
2025-01-02,1,Sunset Gardens,P1-U04,3,Resident3 Last3,3710
2025-01-02,1,Sunset Gardens,P1-U05,4,Resident4 Last4,4469
2025-01-02,1,Sunset Gardens,P1-U06,,,0
2025-01-02,1,Sunset Gardens,P1-U07,5,Resident5 Last5,6368
2025-01-02,1,Sunset Gardens,P1-U08,6,Resident6 Last6,4726
2025-01-02,1,Sunset Gardens,P1-U09,,,0
2025-01-02,1,Sunset Gardens,P1-U10,8,Resident8 Last8,5207
2025-01-02,1,Sunset Gardens,P1-U11,9,Resident9 Last9,6915
2025-01-02,1,Sunset Gardens,P1-U12,10,Resident10 Last10,3888
2025-01-02,1,Sunset Gardens,P1-U13,11,Resident11 Last11,4505
2025-01-02,1,Sunset Gardens,P1-U14,12,Resident12 Last12,6471
2025-01-02,1,Sunset Gardens,P1-U15,,,0
2025-01-02,1,Sunset Gardens,P1-U16,,,0
2025-01-02,1,Sunset Gardens,P1-U17,,,0
2025-01-02,1,Sunset Gardens,P1-U18,13,Resident13 Last13,3438
2025-01-02,1,Sunset Gardens,P1-U19,14,Resident14 Last14,5725
2025-01-02,1,Sunset Gardens,P1-U20,,,0
2025-01-02,1,Sunset Gardens,P1-U21,15,Resident15 Last15,7434
2025-01-02,1,Sunset Gardens,P1-U22,,,0
2025-01-02,1,Sunset Gardens,P1-U23,,,0
2025-01-02,1,Sunset Gardens,P1-U24,,,0
2025-01-02,1,Sunset Gardens,P1-U25,,,0
2025-01-02,1,Sunset Gardens,P1-U26,16,Resident16 Last16,6062
2025-01-02,1,Sunset Gardens,P1-U27,,,0
2025-01-02,1,Sunset Gardens,P1-U28,17,Resident17 Last17,4390
2025-01-02,1,Sunset Gardens,P1-U29,18,Resident18 Last18,3165
2025-01-02,1,Sunset Gardens,P1-U30,91,Resident91 Last91,6743
2025-01-02,1,Sunset Gardens,P1-U31,19,Resident19 Last19,3698
2025-01-02,1,Sunset Gardens,P1-U32,,,0
2025-01-02,1,Sunset Gardens,P1-U33,,,0
2025-01-02,1,Sunset Gardens,P1-U34,97,Resident97 Last97,3693
2025-01-02,1,Sunset Gardens,P1-U35,,,0
2025-01-02,1,Sunset Gardens,P1-U36,22,Resident22 Last22,5722
2025-01-02,1,Sunset Gardens,P1-U37,23,Resident23 Last23,6826
2025-01-02,1,Sunset Gardens,P1-U38,24,Resident24 Last24,5319
2025-01-02,1,Sunset Gardens,P1-U39,,,0
2025-01-02,1,Sunset Gardens,P1-U40,25,Resident25 Last25,3203
2025-01-02,1,Sunset Gardens,P1-U41,,,0
2025-01-02,1,Sunset Gardens,P1-U42,,,0
2025-01-02,1,Sunset Gardens,P1-U43,,,0
2025-01-02,1,Sunset Gardens,P1-U44,26,Resident26 Last26,4150
2025-01-02,1,Sunset Gardens,P1-U45,27,Resident27 Last27,3659
2025-01-02,1,Sunset Gardens,P1-U46,28,Resident28 Last28,4656
2025-01-02,1,Sunset Gardens,P1-U47,,,0
2025-01-02,1,Sunset Gardens,P1-U48,92,Resident92 Last92,7230
2025-01-02,1,Sunset Gardens,P1-U49,29,Resident29 Last29,4138
2025-01-02,1,Sunset Gardens,P1-U50,30,Resident30 Last30,6031
2025-01-02,2,Meadowbrook Senior Living,P2-U01,99,Resident99 Last99,6317
2025-01-02,2,Meadowbrook Senior Living,P2-U02,31,Resident31 Last31,3643
2025-01-02,2,Meadowbrook Senior Living,P2-U03,,,0
2025-01-02,2,Meadowbrook Senior Living,P2-U04,,,0
2025-01-02,2,Meadowbrook Senior Living,P2-U05,32,Resident32 Last32,5524
2025-01-02,2,Meadowbrook Senior Living,P2-U06,,,0
2025-01-02,2,Meadowbrook Senior Living,P2-U07,98,Resident98 Last98,5808
2025-01-02,2,Meadowbrook Senior Living,P2-U08,33,Resident33 Last33,7164
2025-01-02,2,Meadowbrook Senior Living,P2-U09,34,Resident34 Last34,6565
2025-01-02,2,Meadowbrook Senior Living,P2-U10,,,0
2025-01-02,2,Meadowbrook Senior Living,P2-U11,,,0
2025-01-02,2,Meadowbrook Senior Living,P2-U12,35,Resident35 Last35,5476
2025-01-02,2,Meadowbrook Senior Living,P2-U13,36,Resident36 Last36,4795
2025-01-02,2,Meadowbrook Senior Living,P2-U14,37,Resident37 Last37,6972
2025-01-02,2,Meadowbrook Senior Living,P2-U15,,,0
2025-01-02,2,Meadowbrook Senior Living,P2-U16,38,Resident38 Last38,6144
2025-01-02,2,Meadowbrook Senior Living,P2-U17,39,Resident39 Last39,3646
2025-01-02,2,Meadowbrook Senior Living,P2-U18,40,Resident40 Last40,6397
2025-01-02,2,Meadowbrook Senior Living,P2-U19,,,0
2025-01-02,2,Meadowbrook Senior Living,P2-U20,41,Resident41 Last41,3058
2025-01-02,2,Meadowbrook Senior Living,P2-U21,42,Resident42 Last42,4782
2025-01-02,2,Meadowbrook Senior Living,P2-U22,43,Resident43 Last43,5894
2025-01-02,2,Meadowbrook Senior Living,P2-U23,,,0
2025-01-02,2,Meadowbrook Senior Living,P2-U24,44,Resident44 Last44,7471
2025-01-02,2,Meadowbrook Senior Living,P2-U25,,,0
2025-01-02,2,Meadowbrook Senior Living,P2-U26,,,0
2025-01-02,2,Meadowbrook Senior Living,P2-U27,,,0
2025-01-02,2,Meadowbrook Senior Living,P2-U28,,,0
2025-01-02,2,Meadowbrook Senior Living,P2-U29,,,0
2025-01-02,2,Meadowbrook Senior Living,P2-U30,,,0
2025-01-02,2,Meadowbrook Senior Living,P2-U31,,,0
2025-01-02,2,Meadowbrook Senior Living,P2-U32,,,0
2025-01-02,2,Meadowbrook Senior Living,P2-U33,46,Resident46 Last46,4824
2025-01-02,2,Meadowbrook Senior Living,P2-U34,,,0
2025-01-02,2,Meadowbrook Senior Living,P2-U35,,,0
2025-01-02,2,Meadowbrook Senior Living,P2-U36,,,0
2025-01-02,2,Meadowbrook Senior Living,P2-U37,47,Resident47 Last47,5894
2025-01-02,2,Meadowbrook Senior Living,P2-U38,48,Resident48 Last48,3847
2025-01-02,2,Meadowbrook Senior Living,P2-U39,49,Resident49 Last49,3512
2025-01-02,2,Meadowbrook Senior Living,P2-U40,50,Resident50 Last50,5383
2025-01-02,2,Meadowbrook Senior Living,P2-U41,,,0
2025-01-02,2,Meadowbrook Senior Living,P2-U42,51,Resident51 Last51,6956
2025-01-02,2,Meadowbrook Senior Living,P2-U43,52,Resident52 Last52,4271
2025-01-02,2,Meadowbrook Senior Living,P2-U44,53,Resident53 Last53,6044
2025-01-02,2,Meadowbrook Senior Living,P2-U45,,,0
2025-01-02,2,Meadowbrook Senior Living,P2-U46,54,Resident54 Last54,4954
2025-01-02,2,Meadowbrook Senior Living,P2-U47,55,Resident55 Last55,7311
2025-01-02,2,Meadowbrook Senior Living,P2-U48,56,Resident56 Last56,3751
2025-01-02,2,Meadowbrook Senior Living,P2-U49,57,Resident57 Last57,3429
2025-01-02,2,Meadowbrook Senior Living,P2-U50,,,0
2025-01-02,3,Riverside Retirement Community,P3-U01,58,Resident58 Last58,6334
2025-01-02,3,Riverside Retirement Community,P3-U02,,,0
2025-01-02,3,Riverside Retirement Community,P3-U03,,,0
2025-01-02,3,Riverside Retirement Community,P3-U04,,,0
2025-01-02,3,Riverside Retirement Community,P3-U05,,,0
2025-01-02,3,Riverside Retirement Community,P3-U06,60,Resident60 Last60,4602
2025-01-02,3,Riverside Retirement Community,P3-U07,61,Resident61 Last61,3142
2025-01-02,3,Riverside Retirement Community,P3-U08,62,Resident62 Last62,5599
2025-01-02,3,Riverside Retirement Community,P3-U09,63,Resident63 Last63,4741
2025-01-02,3,Riverside Retirement Community,P3-U10,,,0
2025-01-02,3,Riverside Retirement Community,P3-U11,96,Resident96 Last96,3484
2025-01-02,3,Riverside Retirement Community,P3-U12,,,0
2025-01-02,3,Riverside Retirement Community,P3-U13,,,0
2025-01-02,3,Riverside Retirement Community,P3-U14,64,Resident64 Last64,4016
2025-01-02,3,Riverside Retirement Community,P3-U15,65,Resident65 Last65,5094
2025-01-02,3,Riverside Retirement Community,P3-U16,66,Resident66 Last66,7369
2025-01-02,3,Riverside Retirement Community,P3-U17,67,Resident67 Last67,5257
2025-01-02,3,Riverside Retirement Community,P3-U18,,,0
2025-01-02,3,Riverside Retirement Community,P3-U19,,,0
2025-01-02,3,Riverside Retirement Community,P3-U20,,,0
2025-01-02,3,Riverside Retirement Community,P3-U21,,,0
2025-01-02,3,Riverside Retirement Community,P3-U22,71,Resident71 Last71,3684
2025-01-02,3,Riverside Retirement Community,P3-U23,72,Resident72 Last72,3763
2025-01-02,3,Riverside Retirement Community,P3-U24,73,Resident73 Last73,3612
2025-01-02,3,Riverside Retirement Community,P3-U25,74,Resident74 Last74,6679
2025-01-02,3,Riverside Retirement Community,P3-U26,,,0
2025-01-02,3,Riverside Retirement Community,P3-U27,,,0
2025-01-02,3,Riverside Retirement Community,P3-U28,,,0
2025-01-02,3,Riverside Retirement Community,P3-U29,,,0
2025-01-02,3,Riverside Retirement Community,P3-U30,,,0
2025-01-02,3,Riverside Retirement Community,P3-U31,,,0
2025-01-02,3,Riverside Retirement Community,P3-U32,75,Resident75 Last75,6998
2025-01-02,3,Riverside Retirement Community,P3-U33,,,0
2025-01-02,3,Riverside Retirement Community,P3-U34,77,Resident77 Last77,4456
2025-01-02,3,Riverside Retirement Community,P3-U35,,,0
2025-01-02,3,Riverside Retirement Community,P3-U36,78,Resident78 Last78,6502
2025-01-02,3,Riverside Retirement Community,P3-U37,,,0
2025-01-02,3,Riverside Retirement Community,P3-U38,79,Resident79 Last79,7014
2025-01-02,3,Riverside Retirement Community,P3-U39,80,Resident80 Last80,4317
2025-01-02,3,Riverside Retirement Community,P3-U40,81,Resident81 Last81,5835
2025-01-02,3,Riverside Retirement Community,P3-U41,82,Resident82 Last82,3465
2025-01-02,3,Riverside Retirement Community,P3-U42,83,Resident83 Last83,4381
2025-01-02,3,Riverside Retirement Community,P3-U43,,,0
2025-01-02,3,Riverside Retirement Community,P3-U44,84,Resident84 Last84,6325
2025-01-02,3,Riverside Retirement Community,P3-U45,,,0
2025-01-02,3,Riverside Retirement Community,P3-U46,,,0
2025-01-02,3,Riverside Retirement Community,P3-U47,85,Resident85 Last85,6135
2025-01-02,3,Riverside Retirement Community,P3-U48,86,Resident86 Last86,4208
2025-01-02,3,Riverside Retirement Community,P3-U49,87,Resident87 Last87,4723
2025-01-02,3,Riverside Retirement Community,P3-U50,88,Resident88 Last88,3664
2025-01-03,1,Sunset Gardens,P1-U01,,,0
2025-01-03,1,Sunset Gardens,P1-U02,1,Resident1 Last1,4103
2025-01-03,1,Sunset Gardens,P1-U03,2,Resident2 Last2,4626
2025-01-03,1,Sunset Gardens,P1-U04,3,Resident3 Last3,3710
2025-01-03,1,Sunset Gardens,P1-U05,4,Resident4 Last4,4469
2025-01-03,1,Sunset Gardens,P1-U06,,,0
2025-01-03,1,Sunset Gardens,P1-U07,5,Resident5 Last5,6368
2025-01-03,1,Sunset Gardens,P1-U08,6,Resident6 Last6,4726
2025-01-03,1,Sunset Gardens,P1-U09,,,0
2025-01-03,1,Sunset Gardens,P1-U10,8,Resident8 Last8,5207
2025-01-03,1,Sunset Gardens,P1-U11,9,Resident9 Last9,6915
2025-01-03,1,Sunset Gardens,P1-U12,,,0
2025-01-03,1,Sunset Gardens,P1-U13,11,Resident11 Last11,4505
2025-01-03,1,Sunset Gardens,P1-U14,12,Resident12 Last12,6471
2025-01-03,1,Sunset Gardens,P1-U15,,,0
2025-01-03,1,Sunset Gardens,P1-U16,,,0
2025-01-03,1,Sunset Gardens,P1-U17,,,0
2025-01-03,1,Sunset Gardens,P1-U18,13,Resident13 Last13,3438
2025-01-03,1,Sunset Gardens,P1-U19,14,Resident14 Last14,5725
2025-01-03,1,Sunset Gardens,P1-U20,,,0
2025-01-03,1,Sunset Gardens,P1-U21,15,Resident15 Last15,7434
2025-01-03,1,Sunset Gardens,P1-U22,,,0
2025-01-03,1,Sunset Gardens,P1-U23,,,0
2025-01-03,1,Sunset Gardens,P1-U24,,,0
2025-01-03,1,Sunset Gardens,P1-U25,,,0
2025-01-03,1,Sunset Gardens,P1-U26,16,Resident16 Last16,6062
2025-01-03,1,Sunset Gardens,P1-U27,,,0
2025-01-03,1,Sunset Gardens,P1-U28,17,Resident17 Last17,4390
2025-01-03,1,Sunset Gardens,P1-U29,18,Resident18 Last18,3165
2025-01-03,1,Sunset Gardens,P1-U30,91,Resident91 Last91,6743
2025-01-03,1,Sunset Gardens,P1-U31,19,Resident19 Last19,3698
2025-01-03,1,Sunset Gardens,P1-U32,,,0
2025-01-03,1,Sunset Gardens,P1-U33,,,0
2025-01-03,1,Sunset Gardens,P1-U34,97,Resident97 Last97,3693
2025-01-03,1,Sunset Gardens,P1-U35,,,0
2025-01-03,1,Sunset Gardens,P1-U36,22,Resident22 Last22,5722
2025-01-03,1,Sunset Gardens,P1-U37,23,Resident23 Last23,6826
2025-01-03,1,Sunset Gardens,P1-U38,24,Resident24 Last24,5319
2025-01-03,1,Sunset Gardens,P1-U39,,,0
2025-01-03,1,Sunset Gardens,P1-U40,25,Resident25 Last25,3203
2025-01-03,1,Sunset Gardens,P1-U41,,,0
2025-01-03,1,Sunset Gardens,P1-U42,,,0
2025-01-03,1,Sunset Gardens,P1-U43,,,0
2025-01-03,1,Sunset Gardens,P1-U44,26,Resident26 Last26,4150
2025-01-03,1,Sunset Gardens,P1-U45,27,Resident27 Last27,3659
2025-01-03,1,Sunset Gardens,P1-U46,28,Resident28 Last28,4656
2025-01-03,1,Sunset Gardens,P1-U47,,,0
2025-01-03,1,Sunset Gardens,P1-U48,92,Resident92 Last92,7230
2025-01-03,1,Sunset Gardens,P1-U49,29,Resident29 Last29,4138
2025-01-03,1,Sunset Gardens,P1-U50,30,Resident30 Last30,6031
2025-01-03,2,Meadowbrook Senior Living,P2-U01,99,Resident99 Last99,6317
2025-01-03,2,Meadowbrook Senior Living,P2-U02,31,Resident31 Last31,3643
2025-01-03,2,Meadowbrook Senior Living,P2-U03,,,0
2025-01-03,2,Meadowbrook Senior Living,P2-U04,,,0
2025-01-03,2,Meadowbrook Senior Living,P2-U05,32,Resident32 Last32,5524
2025-01-03,2,Meadowbrook Senior Living,P2-U06,,,0
2025-01-03,2,Meadowbrook Senior Living,P2-U07,98,Resident98 Last98,5808
2025-01-03,2,Meadowbrook Senior Living,P2-U08,33,Resident33 Last33,7164
2025-01-03,2,Meadowbrook Senior Living,P2-U09,34,Resident34 Last34,6565
2025-01-03,2,Meadowbrook Senior Living,P2-U10,,,0
2025-01-03,2,Meadowbrook Senior Living,P2-U11,,,0
2025-01-03,2,Meadowbrook Senior Living,P2-U12,35,Resident35 Last35,5476
2025-01-03,2,Meadowbrook Senior Living,P2-U13,36,Resident36 Last36,4795
2025-01-03,2,Meadowbrook Senior Living,P2-U14,37,Resident37 Last37,6972
2025-01-03,2,Meadowbrook Senior Living,P2-U15,,,0
2025-01-03,2,Meadowbrook Senior Living,P2-U16,38,Resident38 Last38,6144
2025-01-03,2,Meadowbrook Senior Living,P2-U17,39,Resident39 Last39,3646
2025-01-03,2,Meadowbrook Senior Living,P2-U18,40,Resident40 Last40,6397
2025-01-03,2,Meadowbrook Senior Living,P2-U19,,,0
2025-01-03,2,Meadowbrook Senior Living,P2-U20,41,Resident41 Last41,3058
2025-01-03,2,Meadowbrook Senior Living,P2-U21,42,Resident42 Last42,4782
2025-01-03,2,Meadowbrook Senior Living,P2-U22,43,Resident43 Last43,5894
2025-01-03,2,Meadowbrook Senior Living,P2-U23,,,0
2025-01-03,2,Meadowbrook Senior Living,P2-U24,44,Resident44 Last44,7471
2025-01-03,2,Meadowbrook Senior Living,P2-U25,,,0
2025-01-03,2,Meadowbrook Senior Living,P2-U26,,,0
2025-01-03,2,Meadowbrook Senior Living,P2-U27,,,0
2025-01-03,2,Meadowbrook Senior Living,P2-U28,,,0
2025-01-03,2,Meadowbrook Senior Living,P2-U29,,,0
2025-01-03,2,Meadowbrook Senior Living,P2-U30,,,0
2025-01-03,2,Meadowbrook Senior Living,P2-U31,,,0
2025-01-03,2,Meadowbrook Senior Living,P2-U32,,,0
2025-01-03,2,Meadowbrook Senior Living,P2-U33,46,Resident46 Last46,4824
2025-01-03,2,Meadowbrook Senior Living,P2-U34,,,0
2025-01-03,2,Meadowbrook Senior Living,P2-U35,,,0
2025-01-03,2,Meadowbrook Senior Living,P2-U36,,,0
2025-01-03,2,Meadowbrook Senior Living,P2-U37,47,Resident47 Last47,5894
2025-01-03,2,Meadowbrook Senior Living,P2-U38,48,Resident48 Last48,3847
2025-01-03,2,Meadowbrook Senior Living,P2-U39,49,Resident49 Last49,3512
2025-01-03,2,Meadowbrook Senior Living,P2-U40,50,Resident50 Last50,5383
2025-01-03,2,Meadowbrook Senior Living,P2-U41,,,0
2025-01-03,2,Meadowbrook Senior Living,P2-U42,51,Resident51 Last51,6956
2025-01-03,2,Meadowbrook Senior Living,P2-U43,52,Resident52 Last52,4271
2025-01-03,2,Meadowbrook Senior Living,P2-U44,53,Resident53 Last53,6044
2025-01-03,2,Meadowbrook Senior Living,P2-U45,,,0
2025-01-03,2,Meadowbrook Senior Living,P2-U46,54,Resident54 Last54,4954
2025-01-03,2,Meadowbrook Senior Living,P2-U47,55,Resident55 Last55,7311
2025-01-03,2,Meadowbrook Senior Living,P2-U48,56,Resident56 Last56,3751
2025-01-03,2,Meadowbrook Senior Living,P2-U49,57,Resident57 Last57,3429
2025-01-03,2,Meadowbrook Senior Living,P2-U50,,,0
2025-01-03,3,Riverside Retirement Community,P3-U01,58,Resident58 Last58,6334
2025-01-03,3,Riverside Retirement Community,P3-U02,,,0
2025-01-03,3,Riverside Retirement Community,P3-U03,,,0
2025-01-03,3,Riverside Retirement Community,P3-U04,,,0
2025-01-03,3,Riverside Retirement Community,P3-U05,,,0
2025-01-03,3,Riverside Retirement Community,P3-U06,60,Resident60 Last60,4602
2025-01-03,3,Riverside Retirement Community,P3-U07,61,Resident61 Last61,3142
2025-01-03,3,Riverside Retirement Community,P3-U08,62,Resident62 Last62,5599
2025-01-03,3,Riverside Retirement Community,P3-U09,63,Resident63 Last63,4741
2025-01-03,3,Riverside Retirement Community,P3-U10,,,0
2025-01-03,3,Riverside Retirement Community,P3-U11,96,Resident96 Last96,3484
2025-01-03,3,Riverside Retirement Community,P3-U12,,,0
2025-01-03,3,Riverside Retirement Community,P3-U13,,,0
2025-01-03,3,Riverside Retirement Community,P3-U14,64,Resident64 Last64,4016
2025-01-03,3,Riverside Retirement Community,P3-U15,65,Resident65 Last65,5094
2025-01-03,3,Riverside Retirement Community,P3-U16,66,Resident66 Last66,7369
2025-01-03,3,Riverside Retirement Community,P3-U17,67,Resident67 Last67,5257
2025-01-03,3,Riverside Retirement Community,P3-U18,,,0
2025-01-03,3,Riverside Retirement Community,P3-U19,,,0
2025-01-03,3,Riverside Retirement Community,P3-U20,,,0
2025-01-03,3,Riverside Retirement Community,P3-U21,,,0
2025-01-03,3,Riverside Retirement Community,P3-U22,71,Resident71 Last71,3684
2025-01-03,3,Riverside Retirement Community,P3-U23,72,Resident72 Last72,3763
2025-01-03,3,Riverside Retirement Community,P3-U24,73,Resident73 Last73,3612
2025-01-03,3,Riverside Retirement Community,P3-U25,74,Resident74 Last74,6679
2025-01-03,3,Riverside Retirement Community,P3-U26,,,0
2025-01-03,3,Riverside Retirement Community,P3-U27,,,0
2025-01-03,3,Riverside Retirement Community,P3-U28,,,0
2025-01-03,3,Riverside Retirement Community,P3-U29,,,0
2025-01-03,3,Riverside Retirement Community,P3-U30,,,0
2025-01-03,3,Riverside Retirement Community,P3-U31,,,0
2025-01-03,3,Riverside Retirement Community,P3-U32,75,Resident75 Last75,6998
2025-01-03,3,Riverside Retirement Community,P3-U33,,,0
2025-01-03,3,Riverside Retirement Community,P3-U34,77,Resident77 Last77,4456
2025-01-03,3,Riverside Retirement Community,P3-U35,,,0
2025-01-03,3,Riverside Retirement Community,P3-U36,78,Resident78 Last78,6502
2025-01-03,3,Riverside Retirement Community,P3-U37,,,0
2025-01-03,3,Riverside Retirement Community,P3-U38,79,Resident79 Last79,7014
2025-01-03,3,Riverside Retirement Community,P3-U39,80,Resident80 Last80,4317
2025-01-03,3,Riverside Retirement Community,P3-U40,81,Resident81 Last81,5835
2025-01-03,3,Riverside Retirement Community,P3-U41,82,Resident82 Last82,3465
2025-01-03,3,Riverside Retirement Community,P3-U42,83,Resident83 Last83,4381
2025-01-03,3,Riverside Retirement Community,P3-U43,,,0
2025-01-03,3,Riverside Retirement Community,P3-U44,84,Resident84 Last84,6325
2025-01-03,3,Riverside Retirement Community,P3-U45,,,0
2025-01-03,3,Riverside Retirement Community,P3-U46,,,0
2025-01-03,3,Riverside Retirement Community,P3-U47,85,Resident85 Last85,6135
2025-01-03,3,Riverside Retirement Community,P3-U48,86,Resident86 Last86,4208
2025-01-03,3,Riverside Retirement Community,P3-U49,87,Resident87 Last87,4723
2025-01-03,3,Riverside Retirement Community,P3-U50,88,Resident88 Last88,3664
2025-01-04,1,Sunset Gardens,P1-U01,,,0
2025-01-04,1,Sunset Gardens,P1-U02,1,Resident1 Last1,4103
2025-01-04,1,Sunset Gardens,P1-U03,2,Resident2 Last2,4626
2025-01-04,1,Sunset Gardens,P1-U04,3,Resident3 Last3,3710
2025-01-04,1,Sunset Gardens,P1-U05,4,Resident4 Last4,4469
2025-01-04,1,Sunset Gardens,P1-U06,,,0
2025-01-04,1,Sunset Gardens,P1-U07,5,Resident5 Last5,6368
2025-01-04,1,Sunset Gardens,P1-U08,6,Resident6 Last6,4726
2025-01-04,1,Sunset Gardens,P1-U09,,,0
2025-01-04,1,Sunset Gardens,P1-U10,8,Resident8 Last8,5207
2025-01-04,1,Sunset Gardens,P1-U11,9,Resident9 Last9,6915
2025-01-04,1,Sunset Gardens,P1-U12,,,0
2025-01-04,1,Sunset Gardens,P1-U13,11,Resident11 Last11,4505
2025-01-04,1,Sunset Gardens,P1-U14,12,Resident12 Last12,6471
2025-01-04,1,Sunset Gardens,P1-U15,,,0
2025-01-04,1,Sunset Gardens,P1-U16,,,0
2025-01-04,1,Sunset Gardens,P1-U17,,,0
2025-01-04,1,Sunset Gardens,P1-U18,13,Resident13 Last13,3438
2025-01-04,1,Sunset Gardens,P1-U19,14,Resident14 Last14,5725
2025-01-04,1,Sunset Gardens,P1-U20,,,0
2025-01-04,1,Sunset Gardens,P1-U21,15,Resident15 Last15,7434
2025-01-04,1,Sunset Gardens,P1-U22,,,0
2025-01-04,1,Sunset Gardens,P1-U23,,,0
2025-01-04,1,Sunset Gardens,P1-U24,,,0
2025-01-04,1,Sunset Gardens,P1-U25,,,0
2025-01-04,1,Sunset Gardens,P1-U26,16,Resident16 Last16,6062
2025-01-04,1,Sunset Gardens,P1-U27,,,0
2025-01-04,1,Sunset Gardens,P1-U28,17,Resident17 Last17,4390
2025-01-04,1,Sunset Gardens,P1-U29,18,Resident18 Last18,3165
2025-01-04,1,Sunset Gardens,P1-U30,91,Resident91 Last91,6743
2025-01-04,1,Sunset Gardens,P1-U31,19,Resident19 Last19,3698
2025-01-04,1,Sunset Gardens,P1-U32,,,0
2025-01-04,1,Sunset Gardens,P1-U33,,,0
2025-01-04,1,Sunset Gardens,P1-U34,97,Resident97 Last97,3693
2025-01-04,1,Sunset Gardens,P1-U35,,,0
2025-01-04,1,Sunset Gardens,P1-U36,22,Resident22 Last22,5722
2025-01-04,1,Sunset Gardens,P1-U37,23,Resident23 Last23,6826
2025-01-04,1,Sunset Gardens,P1-U38,24,Resident24 Last24,5319
2025-01-04,1,Sunset Gardens,P1-U39,,,0
2025-01-04,1,Sunset Gardens,P1-U40,25,Resident25 Last25,3203
2025-01-04,1,Sunset Gardens,P1-U41,,,0
2025-01-04,1,Sunset Gardens,P1-U42,,,0
2025-01-04,1,Sunset Gardens,P1-U43,,,0
2025-01-04,1,Sunset Gardens,P1-U44,26,Resident26 Last26,4150
2025-01-04,1,Sunset Gardens,P1-U45,27,Resident27 Last27,3659
2025-01-04,1,Sunset Gardens,P1-U46,28,Resident28 Last28,4656
2025-01-04,1,Sunset Gardens,P1-U47,,,0
2025-01-04,1,Sunset Gardens,P1-U48,92,Resident92 Last92,7230
2025-01-04,1,Sunset Gardens,P1-U49,29,Resident29 Last29,4138
2025-01-04,1,Sunset Gardens,P1-U50,30,Resident30 Last30,6031
2025-01-04,2,Meadowbrook Senior Living,P2-U01,99,Resident99 Last99,6317
2025-01-04,2,Meadowbrook Senior Living,P2-U02,31,Resident31 Last31,3643
2025-01-04,2,Meadowbrook Senior Living,P2-U03,,,0
2025-01-04,2,Meadowbrook Senior Living,P2-U04,,,0
2025-01-04,2,Meadowbrook Senior Living,P2-U05,32,Resident32 Last32,5524
2025-01-04,2,Meadowbrook Senior Living,P2-U06,,,0
2025-01-04,2,Meadowbrook Senior Living,P2-U07,98,Resident98 Last98,5808
2025-01-04,2,Meadowbrook Senior Living,P2-U08,33,Resident33 Last33,7164
2025-01-04,2,Meadowbrook Senior Living,P2-U09,34,Resident34 Last34,6565
2025-01-04,2,Meadowbrook Senior Living,P2-U10,,,0
2025-01-04,2,Meadowbrook Senior Living,P2-U11,,,0
2025-01-04,2,Meadowbrook Senior Living,P2-U12,35,Resident35 Last35,5476
2025-01-04,2,Meadowbrook Senior Living,P2-U13,36,Resident36 Last36,4795
2025-01-04,2,Meadowbrook Senior Living,P2-U14,37,Resident37 Last37,6972
2025-01-04,2,Meadowbrook Senior Living,P2-U15,,,0
2025-01-04,2,Meadowbrook Senior Living,P2-U16,38,Resident38 Last38,6144
2025-01-04,2,Meadowbrook Senior Living,P2-U17,39,Resident39 Last39,3646
2025-01-04,2,Meadowbrook Senior Living,P2-U18,40,Resident40 Last40,6397
2025-01-04,2,Meadowbrook Senior Living,P2-U19,,,0
2025-01-04,2,Meadowbrook Senior Living,P2-U20,41,Resident41 Last41,3058
2025-01-04,2,Meadowbrook Senior Living,P2-U21,42,Resident42 Last42,4782
2025-01-04,2,Meadowbrook Senior Living,P2-U22,43,Resident43 Last43,5894
2025-01-04,2,Meadowbrook Senior Living,P2-U23,,,0
2025-01-04,2,Meadowbrook Senior Living,P2-U24,44,Resident44 Last44,7471
2025-01-04,2,Meadowbrook Senior Living,P2-U25,,,0
2025-01-04,2,Meadowbrook Senior Living,P2-U26,,,0
2025-01-04,2,Meadowbrook Senior Living,P2-U27,,,0
2025-01-04,2,Meadowbrook Senior Living,P2-U28,,,0
2025-01-04,2,Meadowbrook Senior Living,P2-U29,,,0
2025-01-04,2,Meadowbrook Senior Living,P2-U30,,,0
2025-01-04,2,Meadowbrook Senior Living,P2-U31,,,0
2025-01-04,2,Meadowbrook Senior Living,P2-U32,,,0
2025-01-04,2,Meadowbrook Senior Living,P2-U33,46,Resident46 Last46,4824
2025-01-04,2,Meadowbrook Senior Living,P2-U34,,,0
2025-01-04,2,Meadowbrook Senior Living,P2-U35,,,0
2025-01-04,2,Meadowbrook Senior Living,P2-U36,,,0
2025-01-04,2,Meadowbrook Senior Living,P2-U37,47,Resident47 Last47,5894
2025-01-04,2,Meadowbrook Senior Living,P2-U38,48,Resident48 Last48,3847
2025-01-04,2,Meadowbrook Senior Living,P2-U39,49,Resident49 Last49,3512
2025-01-04,2,Meadowbrook Senior Living,P2-U40,50,Resident50 Last50,5383
2025-01-04,2,Meadowbrook Senior Living,P2-U41,,,0
2025-01-04,2,Meadowbrook Senior Living,P2-U42,51,Resident51 Last51,6956
2025-01-04,2,Meadowbrook Senior Living,P2-U43,52,Resident52 Last52,4271
2025-01-04,2,Meadowbrook Senior Living,P2-U44,53,Resident53 Last53,6044
2025-01-04,2,Meadowbrook Senior Living,P2-U45,,,0
2025-01-04,2,Meadowbrook Senior Living,P2-U46,54,Resident54 Last54,4954
2025-01-04,2,Meadowbrook Senior Living,P2-U47,55,Resident55 Last55,7311
2025-01-04,2,Meadowbrook Senior Living,P2-U48,56,Resident56 Last56,3751
2025-01-04,2,Meadowbrook Senior Living,P2-U49,57,Resident57 Last57,3429
2025-01-04,2,Meadowbrook Senior Living,P2-U50,,,0
2025-01-04,3,Riverside Retirement Community,P3-U01,58,Resident58 Last58,6334
2025-01-04,3,Riverside Retirement Community,P3-U02,,,0
2025-01-04,3,Riverside Retirement Community,P3-U03,,,0
2025-01-04,3,Riverside Retirement Community,P3-U04,,,0
2025-01-04,3,Riverside Retirement Community,P3-U05,,,0
2025-01-04,3,Riverside Retirement Community,P3-U06,60,Resident60 Last60,4602
2025-01-04,3,Riverside Retirement Community,P3-U07,61,Resident61 Last61,3142
2025-01-04,3,Riverside Retirement Community,P3-U08,62,Resident62 Last62,5599
2025-01-04,3,Riverside Retirement Community,P3-U09,63,Resident63 Last63,4741
2025-01-04,3,Riverside Retirement Community,P3-U10,,,0
2025-01-04,3,Riverside Retirement Community,P3-U11,96,Resident96 Last96,3484
2025-01-04,3,Riverside Retirement Community,P3-U12,,,0
2025-01-04,3,Riverside Retirement Community,P3-U13,,,0
2025-01-04,3,Riverside Retirement Community,P3-U14,64,Resident64 Last64,4016
2025-01-04,3,Riverside Retirement Community,P3-U15,65,Resident65 Last65,5094
2025-01-04,3,Riverside Retirement Community,P3-U16,66,Resident66 Last66,7369
2025-01-04,3,Riverside Retirement Community,P3-U17,67,Resident67 Last67,5257
2025-01-04,3,Riverside Retirement Community,P3-U18,,,0
2025-01-04,3,Riverside Retirement Community,P3-U19,,,0
2025-01-04,3,Riverside Retirement Community,P3-U20,,,0
2025-01-04,3,Riverside Retirement Community,P3-U21,,,0
2025-01-04,3,Riverside Retirement Community,P3-U22,71,Resident71 Last71,3684
2025-01-04,3,Riverside Retirement Community,P3-U23,72,Resident72 Last72,3763
2025-01-04,3,Riverside Retirement Community,P3-U24,73,Resident73 Last73,3612
2025-01-04,3,Riverside Retirement Community,P3-U25,74,Resident74 Last74,6679
2025-01-04,3,Riverside Retirement Community,P3-U26,,,0
2025-01-04,3,Riverside Retirement Community,P3-U27,,,0
2025-01-04,3,Riverside Retirement Community,P3-U28,,,0
2025-01-04,3,Riverside Retirement Community,P3-U29,,,0
2025-01-04,3,Riverside Retirement Community,P3-U30,,,0
2025-01-04,3,Riverside Retirement Community,P3-U31,,,0
2025-01-04,3,Riverside Retirement Community,P3-U32,75,Resident75 Last75,6998
2025-01-04,3,Riverside Retirement Community,P3-U33,,,0
2025-01-04,3,Riverside Retirement Community,P3-U34,77,Resident77 Last77,4456
2025-01-04,3,Riverside Retirement Community,P3-U35,,,0
2025-01-04,3,Riverside Retirement Community,P3-U36,78,Resident78 Last78,6502
2025-01-04,3,Riverside Retirement Community,P3-U37,,,0
2025-01-04,3,Riverside Retirement Community,P3-U38,79,Resident79 Last79,7014
2025-01-04,3,Riverside Retirement Community,P3-U39,80,Resident80 Last80,4317
2025-01-04,3,Riverside Retirement Community,P3-U40,81,Resident81 Last81,5835
2025-01-04,3,Riverside Retirement Community,P3-U41,82,Resident82 Last82,3465
2025-01-04,3,Riverside Retirement Community,P3-U42,83,Resident83 Last83,4381
2025-01-04,3,Riverside Retirement Community,P3-U43,,,0
2025-01-04,3,Riverside Retirement Community,P3-U44,84,Resident84 Last84,6325
2025-01-04,3,Riverside Retirement Community,P3-U45,,,0
2025-01-04,3,Riverside Retirement Community,P3-U46,,,0
2025-01-04,3,Riverside Retirement Community,P3-U47,85,Resident85 Last85,6135
2025-01-04,3,Riverside Retirement Community,P3-U48,86,Resident86 Last86,4208
2025-01-04,3,Riverside Retirement Community,P3-U49,87,Resident87 Last87,4723
2025-01-04,3,Riverside Retirement Community,P3-U50,88,Resident88 Last88,3664
2025-01-05,1,Sunset Gardens,P1-U01,,,0
2025-01-05,1,Sunset Gardens,P1-U02,1,Resident1 Last1,4103
2025-01-05,1,Sunset Gardens,P1-U03,2,Resident2 Last2,4626
2025-01-05,1,Sunset Gardens,P1-U04,3,Resident3 Last3,3710
2025-01-05,1,Sunset Gardens,P1-U05,4,Resident4 Last4,4469
2025-01-05,1,Sunset Gardens,P1-U06,,,0
2025-01-05,1,Sunset Gardens,P1-U07,5,Resident5 Last5,6368
2025-01-05,1,Sunset Gardens,P1-U08,6,Resident6 Last6,4726
2025-01-05,1,Sunset Gardens,P1-U09,,,0
2025-01-05,1,Sunset Gardens,P1-U10,8,Resident8 Last8,5207
2025-01-05,1,Sunset Gardens,P1-U11,9,Resident9 Last9,6915
2025-01-05,1,Sunset Gardens,P1-U12,,,0
2025-01-05,1,Sunset Gardens,P1-U13,11,Resident11 Last11,4505
2025-01-05,1,Sunset Gardens,P1-U14,12,Resident12 Last12,6471
2025-01-05,1,Sunset Gardens,P1-U15,,,0
2025-01-05,1,Sunset Gardens,P1-U16,,,0
2025-01-05,1,Sunset Gardens,P1-U17,,,0
2025-01-05,1,Sunset Gardens,P1-U18,13,Resident13 Last13,3438
2025-01-05,1,Sunset Gardens,P1-U19,14,Resident14 Last14,5725
2025-01-05,1,Sunset Gardens,P1-U20,,,0
2025-01-05,1,Sunset Gardens,P1-U21,15,Resident15 Last15,7434
2025-01-05,1,Sunset Gardens,P1-U22,,,0
2025-01-05,1,Sunset Gardens,P1-U23,,,0
2025-01-05,1,Sunset Gardens,P1-U24,,,0
2025-01-05,1,Sunset Gardens,P1-U25,,,0
2025-01-05,1,Sunset Gardens,P1-U26,16,Resident16 Last16,6062
2025-01-05,1,Sunset Gardens,P1-U27,,,0
2025-01-05,1,Sunset Gardens,P1-U28,17,Resident17 Last17,4390
2025-01-05,1,Sunset Gardens,P1-U29,18,Resident18 Last18,3165
2025-01-05,1,Sunset Gardens,P1-U30,91,Resident91 Last91,6743
2025-01-05,1,Sunset Gardens,P1-U31,19,Resident19 Last19,3698
2025-01-05,1,Sunset Gardens,P1-U32,,,0
2025-01-05,1,Sunset Gardens,P1-U33,,,0
2025-01-05,1,Sunset Gardens,P1-U34,97,Resident97 Last97,3693
2025-01-05,1,Sunset Gardens,P1-U35,,,0
2025-01-05,1,Sunset Gardens,P1-U36,22,Resident22 Last22,5722
2025-01-05,1,Sunset Gardens,P1-U37,23,Resident23 Last23,6826
2025-01-05,1,Sunset Gardens,P1-U38,24,Resident24 Last24,5319
2025-01-05,1,Sunset Gardens,P1-U39,,,0
2025-01-05,1,Sunset Gardens,P1-U40,25,Resident25 Last25,3203
2025-01-05,1,Sunset Gardens,P1-U41,,,0
2025-01-05,1,Sunset Gardens,P1-U42,,,0
2025-01-05,1,Sunset Gardens,P1-U43,,,0
2025-01-05,1,Sunset Gardens,P1-U44,26,Resident26 Last26,4150
2025-01-05,1,Sunset Gardens,P1-U45,27,Resident27 Last27,3659
2025-01-05,1,Sunset Gardens,P1-U46,28,Resident28 Last28,4656
2025-01-05,1,Sunset Gardens,P1-U47,,,0
2025-01-05,1,Sunset Gardens,P1-U48,92,Resident92 Last92,7230
2025-01-05,1,Sunset Gardens,P1-U49,29,Resident29 Last29,4138
2025-01-05,1,Sunset Gardens,P1-U50,30,Resident30 Last30,6031
2025-01-05,2,Meadowbrook Senior Living,P2-U01,99,Resident99 Last99,6317
2025-01-05,2,Meadowbrook Senior Living,P2-U02,31,Resident31 Last31,3643
2025-01-05,2,Meadowbrook Senior Living,P2-U03,,,0
2025-01-05,2,Meadowbrook Senior Living,P2-U04,,,0
2025-01-05,2,Meadowbrook Senior Living,P2-U05,32,Resident32 Last32,5524
2025-01-05,2,Meadowbrook Senior Living,P2-U06,,,0
2025-01-05,2,Meadowbrook Senior Living,P2-U07,98,Resident98 Last98,5808
2025-01-05,2,Meadowbrook Senior Living,P2-U08,33,Resident33 Last33,7164
2025-01-05,2,Meadowbrook Senior Living,P2-U09,34,Resident34 Last34,6565
2025-01-05,2,Meadowbrook Senior Living,P2-U10,,,0
2025-01-05,2,Meadowbrook Senior Living,P2-U11,,,0
2025-01-05,2,Meadowbrook Senior Living,P2-U12,35,Resident35 Last35,5476
2025-01-05,2,Meadowbrook Senior Living,P2-U13,36,Resident36 Last36,4795
2025-01-05,2,Meadowbrook Senior Living,P2-U14,37,Resident37 Last37,6972
2025-01-05,2,Meadowbrook Senior Living,P2-U15,,,0
2025-01-05,2,Meadowbrook Senior Living,P2-U16,38,Resident38 Last38,6144
2025-01-05,2,Meadowbrook Senior Living,P2-U17,39,Resident39 Last39,3646
2025-01-05,2,Meadowbrook Senior Living,P2-U18,40,Resident40 Last40,6397
2025-01-05,2,Meadowbrook Senior Living,P2-U19,,,0
2025-01-05,2,Meadowbrook Senior Living,P2-U20,41,Resident41 Last41,3058
2025-01-05,2,Meadowbrook Senior Living,P2-U21,42,Resident42 Last42,4782
2025-01-05,2,Meadowbrook Senior Living,P2-U22,43,Resident43 Last43,5894
2025-01-05,2,Meadowbrook Senior Living,P2-U23,,,0
2025-01-05,2,Meadowbrook Senior Living,P2-U24,44,Resident44 Last44,7471
2025-01-05,2,Meadowbrook Senior Living,P2-U25,,,0
2025-01-05,2,Meadowbrook Senior Living,P2-U26,,,0
2025-01-05,2,Meadowbrook Senior Living,P2-U27,,,0
2025-01-05,2,Meadowbrook Senior Living,P2-U28,,,0
2025-01-05,2,Meadowbrook Senior Living,P2-U29,,,0
2025-01-05,2,Meadowbrook Senior Living,P2-U30,,,0
2025-01-05,2,Meadowbrook Senior Living,P2-U31,,,0
2025-01-05,2,Meadowbrook Senior Living,P2-U32,,,0
2025-01-05,2,Meadowbrook Senior Living,P2-U33,46,Resident46 Last46,4824
2025-01-05,2,Meadowbrook Senior Living,P2-U34,,,0
2025-01-05,2,Meadowbrook Senior Living,P2-U35,,,0
2025-01-05,2,Meadowbrook Senior Living,P2-U36,,,0
2025-01-05,2,Meadowbrook Senior Living,P2-U37,47,Resident47 Last47,5894
2025-01-05,2,Meadowbrook Senior Living,P2-U38,48,Resident48 Last48,3847
2025-01-05,2,Meadowbrook Senior Living,P2-U39,49,Resident49 Last49,3512
2025-01-05,2,Meadowbrook Senior Living,P2-U40,50,Resident50 Last50,5383
2025-01-05,2,Meadowbrook Senior Living,P2-U41,,,0
2025-01-05,2,Meadowbrook Senior Living,P2-U42,51,Resident51 Last51,6956
2025-01-05,2,Meadowbrook Senior Living,P2-U43,52,Resident52 Last52,4271
2025-01-05,2,Meadowbrook Senior Living,P2-U44,53,Resident53 Last53,6044
2025-01-05,2,Meadowbrook Senior Living,P2-U45,,,0
2025-01-05,2,Meadowbrook Senior Living,P2-U46,54,Resident54 Last54,4954
2025-01-05,2,Meadowbrook Senior Living,P2-U47,55,Resident55 Last55,7311
2025-01-05,2,Meadowbrook Senior Living,P2-U48,56,Resident56 Last56,3751
2025-01-05,2,Meadowbrook Senior Living,P2-U49,57,Resident57 Last57,3429
2025-01-05,2,Meadowbrook Senior Living,P2-U50,,,0
2025-01-05,3,Riverside Retirement Community,P3-U01,58,Resident58 Last58,6334
2025-01-05,3,Riverside Retirement Community,P3-U02,,,0
2025-01-05,3,Riverside Retirement Community,P3-U03,,,0
2025-01-05,3,Riverside Retirement Community,P3-U04,,,0
2025-01-05,3,Riverside Retirement Community,P3-U05,,,0
2025-01-05,3,Riverside Retirement Community,P3-U06,60,Resident60 Last60,4602
2025-01-05,3,Riverside Retirement Community,P3-U07,61,Resident61 Last61,3142
2025-01-05,3,Riverside Retirement Community,P3-U08,62,Resident62 Last62,5599
2025-01-05,3,Riverside Retirement Community,P3-U09,63,Resident63 Last63,4741
2025-01-05,3,Riverside Retirement Community,P3-U10,,,0
2025-01-05,3,Riverside Retirement Community,P3-U11,96,Resident96 Last96,3484
2025-01-05,3,Riverside Retirement Community,P3-U12,,,0
2025-01-05,3,Riverside Retirement Community,P3-U13,,,0
2025-01-05,3,Riverside Retirement Community,P3-U14,64,Resident64 Last64,4016
2025-01-05,3,Riverside Retirement Community,P3-U15,65,Resident65 Last65,5094
2025-01-05,3,Riverside Retirement Community,P3-U16,66,Resident66 Last66,7369
2025-01-05,3,Riverside Retirement Community,P3-U17,67,Resident67 Last67,5257
2025-01-05,3,Riverside Retirement Community,P3-U18,,,0
2025-01-05,3,Riverside Retirement Community,P3-U19,,,0
2025-01-05,3,Riverside Retirement Community,P3-U20,,,0
2025-01-05,3,Riverside Retirement Community,P3-U21,,,0
2025-01-05,3,Riverside Retirement Community,P3-U22,71,Resident71 Last71,3684
2025-01-05,3,Riverside Retirement Community,P3-U23,72,Resident72 Last72,3763
2025-01-05,3,Riverside Retirement Community,P3-U24,73,Resident73 Last73,3612
2025-01-05,3,Riverside Retirement Community,P3-U25,74,Resident74 Last74,6679
2025-01-05,3,Riverside Retirement Community,P3-U26,,,0
2025-01-05,3,Riverside Retirement Community,P3-U27,,,0
2025-01-05,3,Riverside Retirement Community,P3-U28,,,0
2025-01-05,3,Riverside Retirement Community,P3-U29,,,0
2025-01-05,3,Riverside Retirement Community,P3-U30,,,0
2025-01-05,3,Riverside Retirement Community,P3-U31,,,0
2025-01-05,3,Riverside Retirement Community,P3-U32,75,Resident75 Last75,6998
2025-01-05,3,Riverside Retirement Community,P3-U33,,,0
2025-01-05,3,Riverside Retirement Community,P3-U34,77,Resident77 Last77,4456
2025-01-05,3,Riverside Retirement Community,P3-U35,,,0
2025-01-05,3,Riverside Retirement Community,P3-U36,78,Resident78 Last78,6502
2025-01-05,3,Riverside Retirement Community,P3-U37,,,0
2025-01-05,3,Riverside Retirement Community,P3-U38,79,Resident79 Last79,7014
2025-01-05,3,Riverside Retirement Community,P3-U39,80,Resident80 Last80,4317
2025-01-05,3,Riverside Retirement Community,P3-U40,81,Resident81 Last81,5835
2025-01-05,3,Riverside Retirement Community,P3-U41,82,Resident82 Last82,3465
2025-01-05,3,Riverside Retirement Community,P3-U42,83,Resident83 Last83,4381
2025-01-05,3,Riverside Retirement Community,P3-U43,,,0
2025-01-05,3,Riverside Retirement Community,P3-U44,84,Resident84 Last84,6325
2025-01-05,3,Riverside Retirement Community,P3-U45,,,0
2025-01-05,3,Riverside Retirement Community,P3-U46,,,0
2025-01-05,3,Riverside Retirement Community,P3-U47,85,Resident85 Last85,6135
2025-01-05,3,Riverside Retirement Community,P3-U48,86,Resident86 Last86,4208
2025-01-05,3,Riverside Retirement Community,P3-U49,87,Resident87 Last87,4723
2025-01-05,3,Riverside Retirement Community,P3-U50,88,Resident88 Last88,3664
2025-01-06,1,Sunset Gardens,P1-U01,,,0
2025-01-06,1,Sunset Gardens,P1-U02,1,Resident1 Last1,4103
2025-01-06,1,Sunset Gardens,P1-U03,2,Resident2 Last2,4626
2025-01-06,1,Sunset Gardens,P1-U04,3,Resident3 Last3,3710
2025-01-06,1,Sunset Gardens,P1-U05,4,Resident4 Last4,4469
2025-01-06,1,Sunset Gardens,P1-U06,,,0
2025-01-06,1,Sunset Gardens,P1-U07,5,Resident5 Last5,6368
2025-01-06,1,Sunset Gardens,P1-U08,6,Resident6 Last6,4726
2025-01-06,1,Sunset Gardens,P1-U09,,,0
2025-01-06,1,Sunset Gardens,P1-U10,8,Resident8 Last8,5207
2025-01-06,1,Sunset Gardens,P1-U11,9,Resident9 Last9,6915
2025-01-06,1,Sunset Gardens,P1-U12,,,0
2025-01-06,1,Sunset Gardens,P1-U13,11,Resident11 Last11,4505
2025-01-06,1,Sunset Gardens,P1-U14,12,Resident12 Last12,6471
2025-01-06,1,Sunset Gardens,P1-U15,,,0
2025-01-06,1,Sunset Gardens,P1-U16,,,0
2025-01-06,1,Sunset Gardens,P1-U17,,,0
2025-01-06,1,Sunset Gardens,P1-U18,13,Resident13 Last13,3438
2025-01-06,1,Sunset Gardens,P1-U19,14,Resident14 Last14,5725
2025-01-06,1,Sunset Gardens,P1-U20,,,0
2025-01-06,1,Sunset Gardens,P1-U21,15,Resident15 Last15,7434
2025-01-06,1,Sunset Gardens,P1-U22,,,0
2025-01-06,1,Sunset Gardens,P1-U23,,,0
2025-01-06,1,Sunset Gardens,P1-U24,,,0
2025-01-06,1,Sunset Gardens,P1-U25,,,0
2025-01-06,1,Sunset Gardens,P1-U26,16,Resident16 Last16,6062
2025-01-06,1,Sunset Gardens,P1-U27,,,0
2025-01-06,1,Sunset Gardens,P1-U28,17,Resident17 Last17,4390
2025-01-06,1,Sunset Gardens,P1-U29,18,Resident18 Last18,3165
2025-01-06,1,Sunset Gardens,P1-U30,91,Resident91 Last91,6743
2025-01-06,1,Sunset Gardens,P1-U31,19,Resident19 Last19,3698
2025-01-06,1,Sunset Gardens,P1-U32,,,0
2025-01-06,1,Sunset Gardens,P1-U33,,,0
2025-01-06,1,Sunset Gardens,P1-U34,97,Resident97 Last97,3693
2025-01-06,1,Sunset Gardens,P1-U35,,,0
2025-01-06,1,Sunset Gardens,P1-U36,22,Resident22 Last22,5722
2025-01-06,1,Sunset Gardens,P1-U37,23,Resident23 Last23,6826
2025-01-06,1,Sunset Gardens,P1-U38,24,Resident24 Last24,5319
2025-01-06,1,Sunset Gardens,P1-U39,,,0
2025-01-06,1,Sunset Gardens,P1-U40,25,Resident25 Last25,3203
2025-01-06,1,Sunset Gardens,P1-U41,,,0
2025-01-06,1,Sunset Gardens,P1-U42,,,0
2025-01-06,1,Sunset Gardens,P1-U43,,,0
2025-01-06,1,Sunset Gardens,P1-U44,26,Resident26 Last26,4150
2025-01-06,1,Sunset Gardens,P1-U45,27,Resident27 Last27,3659
2025-01-06,1,Sunset Gardens,P1-U46,28,Resident28 Last28,4656
2025-01-06,1,Sunset Gardens,P1-U47,,,0
2025-01-06,1,Sunset Gardens,P1-U48,92,Resident92 Last92,7230
2025-01-06,1,Sunset Gardens,P1-U49,29,Resident29 Last29,4138
2025-01-06,1,Sunset Gardens,P1-U50,30,Resident30 Last30,6031
2025-01-06,2,Meadowbrook Senior Living,P2-U01,99,Resident99 Last99,6317
2025-01-06,2,Meadowbrook Senior Living,P2-U02,31,Resident31 Last31,3643
2025-01-06,2,Meadowbrook Senior Living,P2-U03,,,0
2025-01-06,2,Meadowbrook Senior Living,P2-U04,,,0
2025-01-06,2,Meadowbrook Senior Living,P2-U05,32,Resident32 Last32,5524
2025-01-06,2,Meadowbrook Senior Living,P2-U06,,,0
2025-01-06,2,Meadowbrook Senior Living,P2-U07,98,Resident98 Last98,5808
2025-01-06,2,Meadowbrook Senior Living,P2-U08,33,Resident33 Last33,7164
2025-01-06,2,Meadowbrook Senior Living,P2-U09,34,Resident34 Last34,6565
2025-01-06,2,Meadowbrook Senior Living,P2-U10,,,0
2025-01-06,2,Meadowbrook Senior Living,P2-U11,,,0
2025-01-06,2,Meadowbrook Senior Living,P2-U12,35,Resident35 Last35,5476
2025-01-06,2,Meadowbrook Senior Living,P2-U13,36,Resident36 Last36,4795
2025-01-06,2,Meadowbrook Senior Living,P2-U14,37,Resident37 Last37,6972
2025-01-06,2,Meadowbrook Senior Living,P2-U15,,,0
2025-01-06,2,Meadowbrook Senior Living,P2-U16,38,Resident38 Last38,6144
2025-01-06,2,Meadowbrook Senior Living,P2-U17,39,Resident39 Last39,3646
2025-01-06,2,Meadowbrook Senior Living,P2-U18,40,Resident40 Last40,6397
2025-01-06,2,Meadowbrook Senior Living,P2-U19,,,0
2025-01-06,2,Meadowbrook Senior Living,P2-U20,41,Resident41 Last41,3058
2025-01-06,2,Meadowbrook Senior Living,P2-U21,42,Resident42 Last42,4782
2025-01-06,2,Meadowbrook Senior Living,P2-U22,43,Resident43 Last43,5894
2025-01-06,2,Meadowbrook Senior Living,P2-U23,,,0
2025-01-06,2,Meadowbrook Senior Living,P2-U24,44,Resident44 Last44,7471
2025-01-06,2,Meadowbrook Senior Living,P2-U25,,,0
2025-01-06,2,Meadowbrook Senior Living,P2-U26,,,0
2025-01-06,2,Meadowbrook Senior Living,P2-U27,,,0
2025-01-06,2,Meadowbrook Senior Living,P2-U28,,,0
2025-01-06,2,Meadowbrook Senior Living,P2-U29,,,0
2025-01-06,2,Meadowbrook Senior Living,P2-U30,,,0
2025-01-06,2,Meadowbrook Senior Living,P2-U31,,,0
2025-01-06,2,Meadowbrook Senior Living,P2-U32,,,0
2025-01-06,2,Meadowbrook Senior Living,P2-U33,,,0
2025-01-06,2,Meadowbrook Senior Living,P2-U34,,,0
2025-01-06,2,Meadowbrook Senior Living,P2-U35,,,0
2025-01-06,2,Meadowbrook Senior Living,P2-U36,,,0
2025-01-06,2,Meadowbrook Senior Living,P2-U37,47,Resident47 Last47,5894
2025-01-06,2,Meadowbrook Senior Living,P2-U38,48,Resident48 Last48,3847
2025-01-06,2,Meadowbrook Senior Living,P2-U39,49,Resident49 Last49,3512
2025-01-06,2,Meadowbrook Senior Living,P2-U40,50,Resident50 Last50,5383
2025-01-06,2,Meadowbrook Senior Living,P2-U41,,,0
2025-01-06,2,Meadowbrook Senior Living,P2-U42,51,Resident51 Last51,6956
2025-01-06,2,Meadowbrook Senior Living,P2-U43,52,Resident52 Last52,4271
2025-01-06,2,Meadowbrook Senior Living,P2-U44,53,Resident53 Last53,6044
2025-01-06,2,Meadowbrook Senior Living,P2-U45,,,0
2025-01-06,2,Meadowbrook Senior Living,P2-U46,54,Resident54 Last54,4954
2025-01-06,2,Meadowbrook Senior Living,P2-U47,55,Resident55 Last55,7311
2025-01-06,2,Meadowbrook Senior Living,P2-U48,56,Resident56 Last56,3751
2025-01-06,2,Meadowbrook Senior Living,P2-U49,57,Resident57 Last57,3429
2025-01-06,2,Meadowbrook Senior Living,P2-U50,,,0
2025-01-06,3,Riverside Retirement Community,P3-U01,58,Resident58 Last58,6334
2025-01-06,3,Riverside Retirement Community,P3-U02,,,0
2025-01-06,3,Riverside Retirement Community,P3-U03,,,0
2025-01-06,3,Riverside Retirement Community,P3-U04,,,0
2025-01-06,3,Riverside Retirement Community,P3-U05,,,0
2025-01-06,3,Riverside Retirement Community,P3-U06,60,Resident60 Last60,4602
2025-01-06,3,Riverside Retirement Community,P3-U07,61,Resident61 Last61,3142
2025-01-06,3,Riverside Retirement Community,P3-U08,62,Resident62 Last62,5599
2025-01-06,3,Riverside Retirement Community,P3-U09,63,Resident63 Last63,4741
2025-01-06,3,Riverside Retirement Community,P3-U10,,,0
2025-01-06,3,Riverside Retirement Community,P3-U11,96,Resident96 Last96,3484
2025-01-06,3,Riverside Retirement Community,P3-U12,,,0
2025-01-06,3,Riverside Retirement Community,P3-U13,,,0
2025-01-06,3,Riverside Retirement Community,P3-U14,64,Resident64 Last64,4016
2025-01-06,3,Riverside Retirement Community,P3-U15,65,Resident65 Last65,5094
2025-01-06,3,Riverside Retirement Community,P3-U16,66,Resident66 Last66,7369
2025-01-06,3,Riverside Retirement Community,P3-U17,67,Resident67 Last67,5257
2025-01-06,3,Riverside Retirement Community,P3-U18,,,0
2025-01-06,3,Riverside Retirement Community,P3-U19,,,0
2025-01-06,3,Riverside Retirement Community,P3-U20,,,0
2025-01-06,3,Riverside Retirement Community,P3-U21,,,0
2025-01-06,3,Riverside Retirement Community,P3-U22,71,Resident71 Last71,3684
2025-01-06,3,Riverside Retirement Community,P3-U23,72,Resident72 Last72,3763
2025-01-06,3,Riverside Retirement Community,P3-U24,73,Resident73 Last73,3612
2025-01-06,3,Riverside Retirement Community,P3-U25,74,Resident74 Last74,6679
2025-01-06,3,Riverside Retirement Community,P3-U26,,,0
2025-01-06,3,Riverside Retirement Community,P3-U27,,,0
2025-01-06,3,Riverside Retirement Community,P3-U28,,,0
2025-01-06,3,Riverside Retirement Community,P3-U29,,,0
2025-01-06,3,Riverside Retirement Community,P3-U30,,,0
2025-01-06,3,Riverside Retirement Community,P3-U31,,,0
2025-01-06,3,Riverside Retirement Community,P3-U32,75,Resident75 Last75,6998
2025-01-06,3,Riverside Retirement Community,P3-U33,,,0
2025-01-06,3,Riverside Retirement Community,P3-U34,77,Resident77 Last77,4456
2025-01-06,3,Riverside Retirement Community,P3-U35,,,0
2025-01-06,3,Riverside Retirement Community,P3-U36,78,Resident78 Last78,6502
2025-01-06,3,Riverside Retirement Community,P3-U37,,,0
2025-01-06,3,Riverside Retirement Community,P3-U38,79,Resident79 Last79,7014
2025-01-06,3,Riverside Retirement Community,P3-U39,80,Resident80 Last80,4317
2025-01-06,3,Riverside Retirement Community,P3-U40,81,Resident81 Last81,5835
2025-01-06,3,Riverside Retirement Community,P3-U41,82,Resident82 Last82,3465
2025-01-06,3,Riverside Retirement Community,P3-U42,83,Resident83 Last83,4381
2025-01-06,3,Riverside Retirement Community,P3-U43,,,0
2025-01-06,3,Riverside Retirement Community,P3-U44,84,Resident84 Last84,6325
2025-01-06,3,Riverside Retirement Community,P3-U45,,,0
2025-01-06,3,Riverside Retirement Community,P3-U46,,,0
2025-01-06,3,Riverside Retirement Community,P3-U47,85,Resident85 Last85,6135
2025-01-06,3,Riverside Retirement Community,P3-U48,86,Resident86 Last86,4208
2025-01-06,3,Riverside Retirement Community,P3-U49,87,Resident87 Last87,4723
2025-01-06,3,Riverside Retirement Community,P3-U50,88,Resident88 Last88,3664
2025-01-07,1,Sunset Gardens,P1-U01,,,0
2025-01-07,1,Sunset Gardens,P1-U02,1,Resident1 Last1,4103
2025-01-07,1,Sunset Gardens,P1-U03,2,Resident2 Last2,4626
2025-01-07,1,Sunset Gardens,P1-U04,3,Resident3 Last3,3710
2025-01-07,1,Sunset Gardens,P1-U05,4,Resident4 Last4,4469
2025-01-07,1,Sunset Gardens,P1-U06,,,0
2025-01-07,1,Sunset Gardens,P1-U07,5,Resident5 Last5,6368
2025-01-07,1,Sunset Gardens,P1-U08,6,Resident6 Last6,4726
2025-01-07,1,Sunset Gardens,P1-U09,,,0
2025-01-07,1,Sunset Gardens,P1-U10,8,Resident8 Last8,5207
2025-01-07,1,Sunset Gardens,P1-U11,9,Resident9 Last9,6915
2025-01-07,1,Sunset Gardens,P1-U12,,,0
2025-01-07,1,Sunset Gardens,P1-U13,11,Resident11 Last11,4505
2025-01-07,1,Sunset Gardens,P1-U14,12,Resident12 Last12,6471
2025-01-07,1,Sunset Gardens,P1-U15,,,0
2025-01-07,1,Sunset Gardens,P1-U16,,,0
2025-01-07,1,Sunset Gardens,P1-U17,,,0
2025-01-07,1,Sunset Gardens,P1-U18,13,Resident13 Last13,3438
2025-01-07,1,Sunset Gardens,P1-U19,14,Resident14 Last14,5725
2025-01-07,1,Sunset Gardens,P1-U20,,,0
2025-01-07,1,Sunset Gardens,P1-U21,15,Resident15 Last15,7434
2025-01-07,1,Sunset Gardens,P1-U22,,,0
2025-01-07,1,Sunset Gardens,P1-U23,,,0
2025-01-07,1,Sunset Gardens,P1-U24,,,0
2025-01-07,1,Sunset Gardens,P1-U25,,,0
2025-01-07,1,Sunset Gardens,P1-U26,16,Resident16 Last16,6062
2025-01-07,1,Sunset Gardens,P1-U27,,,0
2025-01-07,1,Sunset Gardens,P1-U28,17,Resident17 Last17,4390
2025-01-07,1,Sunset Gardens,P1-U29,18,Resident18 Last18,3165
2025-01-07,1,Sunset Gardens,P1-U30,91,Resident91 Last91,6743
2025-01-07,1,Sunset Gardens,P1-U31,19,Resident19 Last19,3698
2025-01-07,1,Sunset Gardens,P1-U32,,,0
2025-01-07,1,Sunset Gardens,P1-U33,,,0
2025-01-07,1,Sunset Gardens,P1-U34,97,Resident97 Last97,3693
2025-01-07,1,Sunset Gardens,P1-U35,,,0
2025-01-07,1,Sunset Gardens,P1-U36,22,Resident22 Last22,5722
2025-01-07,1,Sunset Gardens,P1-U37,23,Resident23 Last23,6826
2025-01-07,1,Sunset Gardens,P1-U38,24,Resident24 Last24,5319
2025-01-07,1,Sunset Gardens,P1-U39,,,0
2025-01-07,1,Sunset Gardens,P1-U40,25,Resident25 Last25,3203
2025-01-07,1,Sunset Gardens,P1-U41,,,0
2025-01-07,1,Sunset Gardens,P1-U42,,,0
2025-01-07,1,Sunset Gardens,P1-U43,,,0
2025-01-07,1,Sunset Gardens,P1-U44,26,Resident26 Last26,4150
2025-01-07,1,Sunset Gardens,P1-U45,27,Resident27 Last27,3659
2025-01-07,1,Sunset Gardens,P1-U46,28,Resident28 Last28,4656
2025-01-07,1,Sunset Gardens,P1-U47,,,0
2025-01-07,1,Sunset Gardens,P1-U48,92,Resident92 Last92,7230
2025-01-07,1,Sunset Gardens,P1-U49,29,Resident29 Last29,4138
2025-01-07,1,Sunset Gardens,P1-U50,30,Resident30 Last30,6031
2025-01-07,2,Meadowbrook Senior Living,P2-U01,99,Resident99 Last99,6317
2025-01-07,2,Meadowbrook Senior Living,P2-U02,31,Resident31 Last31,3643
2025-01-07,2,Meadowbrook Senior Living,P2-U03,,,0
2025-01-07,2,Meadowbrook Senior Living,P2-U04,,,0
2025-01-07,2,Meadowbrook Senior Living,P2-U05,32,Resident32 Last32,5524
2025-01-07,2,Meadowbrook Senior Living,P2-U06,,,0
2025-01-07,2,Meadowbrook Senior Living,P2-U07,98,Resident98 Last98,5808
2025-01-07,2,Meadowbrook Senior Living,P2-U08,33,Resident33 Last33,7164
2025-01-07,2,Meadowbrook Senior Living,P2-U09,34,Resident34 Last34,6565
2025-01-07,2,Meadowbrook Senior Living,P2-U10,,,0
2025-01-07,2,Meadowbrook Senior Living,P2-U11,,,0
2025-01-07,2,Meadowbrook Senior Living,P2-U12,35,Resident35 Last35,5476
2025-01-07,2,Meadowbrook Senior Living,P2-U13,36,Resident36 Last36,4795
2025-01-07,2,Meadowbrook Senior Living,P2-U14,37,Resident37 Last37,6972
2025-01-07,2,Meadowbrook Senior Living,P2-U15,,,0
2025-01-07,2,Meadowbrook Senior Living,P2-U16,38,Resident38 Last38,6144
2025-01-07,2,Meadowbrook Senior Living,P2-U17,39,Resident39 Last39,3646
2025-01-07,2,Meadowbrook Senior Living,P2-U18,40,Resident40 Last40,6397
2025-01-07,2,Meadowbrook Senior Living,P2-U19,,,0
2025-01-07,2,Meadowbrook Senior Living,P2-U20,41,Resident41 Last41,3058
2025-01-07,2,Meadowbrook Senior Living,P2-U21,42,Resident42 Last42,4782
2025-01-07,2,Meadowbrook Senior Living,P2-U22,43,Resident43 Last43,5894
2025-01-07,2,Meadowbrook Senior Living,P2-U23,,,0
2025-01-07,2,Meadowbrook Senior Living,P2-U24,44,Resident44 Last44,7471
2025-01-07,2,Meadowbrook Senior Living,P2-U25,,,0
2025-01-07,2,Meadowbrook Senior Living,P2-U26,,,0
2025-01-07,2,Meadowbrook Senior Living,P2-U27,,,0
2025-01-07,2,Meadowbrook Senior Living,P2-U28,,,0
2025-01-07,2,Meadowbrook Senior Living,P2-U29,,,0
2025-01-07,2,Meadowbrook Senior Living,P2-U30,,,0
2025-01-07,2,Meadowbrook Senior Living,P2-U31,,,0
2025-01-07,2,Meadowbrook Senior Living,P2-U32,,,0
2025-01-07,2,Meadowbrook Senior Living,P2-U33,,,0
2025-01-07,2,Meadowbrook Senior Living,P2-U34,,,0
2025-01-07,2,Meadowbrook Senior Living,P2-U35,,,0
2025-01-07,2,Meadowbrook Senior Living,P2-U36,,,0
2025-01-07,2,Meadowbrook Senior Living,P2-U37,47,Resident47 Last47,5894
2025-01-07,2,Meadowbrook Senior Living,P2-U38,48,Resident48 Last48,3847
2025-01-07,2,Meadowbrook Senior Living,P2-U39,49,Resident49 Last49,3512
2025-01-07,2,Meadowbrook Senior Living,P2-U40,50,Resident50 Last50,5383
2025-01-07,2,Meadowbrook Senior Living,P2-U41,,,0
2025-01-07,2,Meadowbrook Senior Living,P2-U42,51,Resident51 Last51,6956
2025-01-07,2,Meadowbrook Senior Living,P2-U43,52,Resident52 Last52,4271
2025-01-07,2,Meadowbrook Senior Living,P2-U44,53,Resident53 Last53,6044
2025-01-07,2,Meadowbrook Senior Living,P2-U45,,,0
2025-01-07,2,Meadowbrook Senior Living,P2-U46,54,Resident54 Last54,4954
2025-01-07,2,Meadowbrook Senior Living,P2-U47,55,Resident55 Last55,7311
2025-01-07,2,Meadowbrook Senior Living,P2-U48,56,Resident56 Last56,3751
2025-01-07,2,Meadowbrook Senior Living,P2-U49,57,Resident57 Last57,3429
2025-01-07,2,Meadowbrook Senior Living,P2-U50,,,0
2025-01-07,3,Riverside Retirement Community,P3-U01,58,Resident58 Last58,6334
2025-01-07,3,Riverside Retirement Community,P3-U02,,,0
2025-01-07,3,Riverside Retirement Community,P3-U03,,,0
2025-01-07,3,Riverside Retirement Community,P3-U04,,,0
2025-01-07,3,Riverside Retirement Community,P3-U05,,,0
2025-01-07,3,Riverside Retirement Community,P3-U06,60,Resident60 Last60,4602
2025-01-07,3,Riverside Retirement Community,P3-U07,61,Resident61 Last61,3142
2025-01-07,3,Riverside Retirement Community,P3-U08,62,Resident62 Last62,5599
2025-01-07,3,Riverside Retirement Community,P3-U09,63,Resident63 Last63,4741
2025-01-07,3,Riverside Retirement Community,P3-U10,,,0
2025-01-07,3,Riverside Retirement Community,P3-U11,96,Resident96 Last96,3484
2025-01-07,3,Riverside Retirement Community,P3-U12,,,0
2025-01-07,3,Riverside Retirement Community,P3-U13,,,0
2025-01-07,3,Riverside Retirement Community,P3-U14,64,Resident64 Last64,4016
2025-01-07,3,Riverside Retirement Community,P3-U15,65,Resident65 Last65,5094
2025-01-07,3,Riverside Retirement Community,P3-U16,66,Resident66 Last66,7369
2025-01-07,3,Riverside Retirement Community,P3-U17,67,Resident67 Last67,5257
2025-01-07,3,Riverside Retirement Community,P3-U18,,,0
2025-01-07,3,Riverside Retirement Community,P3-U19,,,0
2025-01-07,3,Riverside Retirement Community,P3-U20,,,0
2025-01-07,3,Riverside Retirement Community,P3-U21,,,0
2025-01-07,3,Riverside Retirement Community,P3-U22,71,Resident71 Last71,3684
2025-01-07,3,Riverside Retirement Community,P3-U23,72,Resident72 Last72,3763
2025-01-07,3,Riverside Retirement Community,P3-U24,73,Resident73 Last73,3612
2025-01-07,3,Riverside Retirement Community,P3-U25,74,Resident74 Last74,6679
2025-01-07,3,Riverside Retirement Community,P3-U26,,,0
2025-01-07,3,Riverside Retirement Community,P3-U27,,,0
2025-01-07,3,Riverside Retirement Community,P3-U28,,,0
2025-01-07,3,Riverside Retirement Community,P3-U29,,,0
2025-01-07,3,Riverside Retirement Community,P3-U30,,,0
2025-01-07,3,Riverside Retirement Community,P3-U31,,,0
2025-01-07,3,Riverside Retirement Community,P3-U32,75,Resident75 Last75,6998
2025-01-07,3,Riverside Retirement Community,P3-U33,,,0
2025-01-07,3,Riverside Retirement Community,P3-U34,77,Resident77 Last77,4456
2025-01-07,3,Riverside Retirement Community,P3-U35,,,0
2025-01-07,3,Riverside Retirement Community,P3-U36,78,Resident78 Last78,6502
2025-01-07,3,Riverside Retirement Community,P3-U37,,,0
2025-01-07,3,Riverside Retirement Community,P3-U38,79,Resident79 Last79,7014
2025-01-07,3,Riverside Retirement Community,P3-U39,80,Resident80 Last80,4317
2025-01-07,3,Riverside Retirement Community,P3-U40,81,Resident81 Last81,5835
2025-01-07,3,Riverside Retirement Community,P3-U41,82,Resident82 Last82,3465
2025-01-07,3,Riverside Retirement Community,P3-U42,83,Resident83 Last83,4381
2025-01-07,3,Riverside Retirement Community,P3-U43,,,0
2025-01-07,3,Riverside Retirement Community,P3-U44,84,Resident84 Last84,6325
2025-01-07,3,Riverside Retirement Community,P3-U45,,,0
2025-01-07,3,Riverside Retirement Community,P3-U46,,,0
2025-01-07,3,Riverside Retirement Community,P3-U47,85,Resident85 Last85,6135
2025-01-07,3,Riverside Retirement Community,P3-U48,86,Resident86 Last86,4208
2025-01-07,3,Riverside Retirement Community,P3-U49,87,Resident87 Last87,4723
2025-01-07,3,Riverside Retirement Community,P3-U50,88,Resident88 Last88,3664
2025-01-08,1,Sunset Gardens,P1-U01,,,0
2025-01-08,1,Sunset Gardens,P1-U02,1,Resident1 Last1,4103
2025-01-08,1,Sunset Gardens,P1-U03,2,Resident2 Last2,4626
2025-01-08,1,Sunset Gardens,P1-U04,3,Resident3 Last3,3710
2025-01-08,1,Sunset Gardens,P1-U05,4,Resident4 Last4,4469
2025-01-08,1,Sunset Gardens,P1-U06,,,0
2025-01-08,1,Sunset Gardens,P1-U07,5,Resident5 Last5,6368
2025-01-08,1,Sunset Gardens,P1-U08,6,Resident6 Last6,4726
2025-01-08,1,Sunset Gardens,P1-U09,,,0
2025-01-08,1,Sunset Gardens,P1-U10,8,Resident8 Last8,5207
2025-01-08,1,Sunset Gardens,P1-U11,9,Resident9 Last9,6915
2025-01-08,1,Sunset Gardens,P1-U12,,,0
2025-01-08,1,Sunset Gardens,P1-U13,11,Resident11 Last11,4505
2025-01-08,1,Sunset Gardens,P1-U14,12,Resident12 Last12,6471
2025-01-08,1,Sunset Gardens,P1-U15,,,0
2025-01-08,1,Sunset Gardens,P1-U16,,,0
2025-01-08,1,Sunset Gardens,P1-U17,,,0
2025-01-08,1,Sunset Gardens,P1-U18,13,Resident13 Last13,3438
2025-01-08,1,Sunset Gardens,P1-U19,14,Resident14 Last14,5725
2025-01-08,1,Sunset Gardens,P1-U20,,,0
2025-01-08,1,Sunset Gardens,P1-U21,15,Resident15 Last15,7434
2025-01-08,1,Sunset Gardens,P1-U22,,,0
2025-01-08,1,Sunset Gardens,P1-U23,,,0
2025-01-08,1,Sunset Gardens,P1-U24,,,0
2025-01-08,1,Sunset Gardens,P1-U25,,,0
2025-01-08,1,Sunset Gardens,P1-U26,16,Resident16 Last16,6062
2025-01-08,1,Sunset Gardens,P1-U27,,,0
2025-01-08,1,Sunset Gardens,P1-U28,17,Resident17 Last17,4390
2025-01-08,1,Sunset Gardens,P1-U29,18,Resident18 Last18,3165
2025-01-08,1,Sunset Gardens,P1-U30,91,Resident91 Last91,6743
2025-01-08,1,Sunset Gardens,P1-U31,19,Resident19 Last19,3698
2025-01-08,1,Sunset Gardens,P1-U32,,,0
2025-01-08,1,Sunset Gardens,P1-U33,,,0
2025-01-08,1,Sunset Gardens,P1-U34,97,Resident97 Last97,3693
2025-01-08,1,Sunset Gardens,P1-U35,,,0
2025-01-08,1,Sunset Gardens,P1-U36,22,Resident22 Last22,5722
2025-01-08,1,Sunset Gardens,P1-U37,23,Resident23 Last23,6826
2025-01-08,1,Sunset Gardens,P1-U38,24,Resident24 Last24,5319
2025-01-08,1,Sunset Gardens,P1-U39,,,0
2025-01-08,1,Sunset Gardens,P1-U40,25,Resident25 Last25,3203
2025-01-08,1,Sunset Gardens,P1-U41,,,0
2025-01-08,1,Sunset Gardens,P1-U42,,,0
2025-01-08,1,Sunset Gardens,P1-U43,,,0
2025-01-08,1,Sunset Gardens,P1-U44,26,Resident26 Last26,4150
2025-01-08,1,Sunset Gardens,P1-U45,27,Resident27 Last27,3659
2025-01-08,1,Sunset Gardens,P1-U46,28,Resident28 Last28,4656
2025-01-08,1,Sunset Gardens,P1-U47,,,0
2025-01-08,1,Sunset Gardens,P1-U48,92,Resident92 Last92,7230
2025-01-08,1,Sunset Gardens,P1-U49,29,Resident29 Last29,4138
2025-01-08,1,Sunset Gardens,P1-U50,30,Resident30 Last30,6031
2025-01-08,2,Meadowbrook Senior Living,P2-U01,99,Resident99 Last99,6317
2025-01-08,2,Meadowbrook Senior Living,P2-U02,31,Resident31 Last31,3643
2025-01-08,2,Meadowbrook Senior Living,P2-U03,,,0
2025-01-08,2,Meadowbrook Senior Living,P2-U04,,,0
2025-01-08,2,Meadowbrook Senior Living,P2-U05,32,Resident32 Last32,5524
2025-01-08,2,Meadowbrook Senior Living,P2-U06,,,0
2025-01-08,2,Meadowbrook Senior Living,P2-U07,98,Resident98 Last98,5808
2025-01-08,2,Meadowbrook Senior Living,P2-U08,33,Resident33 Last33,7164
2025-01-08,2,Meadowbrook Senior Living,P2-U09,34,Resident34 Last34,6565
2025-01-08,2,Meadowbrook Senior Living,P2-U10,,,0
2025-01-08,2,Meadowbrook Senior Living,P2-U11,,,0
2025-01-08,2,Meadowbrook Senior Living,P2-U12,35,Resident35 Last35,5476
2025-01-08,2,Meadowbrook Senior Living,P2-U13,36,Resident36 Last36,4795
2025-01-08,2,Meadowbrook Senior Living,P2-U14,37,Resident37 Last37,6972
2025-01-08,2,Meadowbrook Senior Living,P2-U15,,,0
2025-01-08,2,Meadowbrook Senior Living,P2-U16,38,Resident38 Last38,6144
2025-01-08,2,Meadowbrook Senior Living,P2-U17,39,Resident39 Last39,3646
2025-01-08,2,Meadowbrook Senior Living,P2-U18,40,Resident40 Last40,6397
2025-01-08,2,Meadowbrook Senior Living,P2-U19,,,0
2025-01-08,2,Meadowbrook Senior Living,P2-U20,41,Resident41 Last41,3058
2025-01-08,2,Meadowbrook Senior Living,P2-U21,42,Resident42 Last42,4782
2025-01-08,2,Meadowbrook Senior Living,P2-U22,43,Resident43 Last43,5894
2025-01-08,2,Meadowbrook Senior Living,P2-U23,,,0
2025-01-08,2,Meadowbrook Senior Living,P2-U24,44,Resident44 Last44,7471
2025-01-08,2,Meadowbrook Senior Living,P2-U25,,,0
2025-01-08,2,Meadowbrook Senior Living,P2-U26,,,0
2025-01-08,2,Meadowbrook Senior Living,P2-U27,,,0
2025-01-08,2,Meadowbrook Senior Living,P2-U28,,,0
2025-01-08,2,Meadowbrook Senior Living,P2-U29,,,0
2025-01-08,2,Meadowbrook Senior Living,P2-U30,,,0
2025-01-08,2,Meadowbrook Senior Living,P2-U31,,,0
2025-01-08,2,Meadowbrook Senior Living,P2-U32,,,0
2025-01-08,2,Meadowbrook Senior Living,P2-U33,,,0
2025-01-08,2,Meadowbrook Senior Living,P2-U34,,,0
2025-01-08,2,Meadowbrook Senior Living,P2-U35,,,0
2025-01-08,2,Meadowbrook Senior Living,P2-U36,,,0
2025-01-08,2,Meadowbrook Senior Living,P2-U37,47,Resident47 Last47,5894
2025-01-08,2,Meadowbrook Senior Living,P2-U38,48,Resident48 Last48,3847
2025-01-08,2,Meadowbrook Senior Living,P2-U39,49,Resident49 Last49,3512
2025-01-08,2,Meadowbrook Senior Living,P2-U40,50,Resident50 Last50,5383
2025-01-08,2,Meadowbrook Senior Living,P2-U41,,,0
2025-01-08,2,Meadowbrook Senior Living,P2-U42,51,Resident51 Last51,6956
2025-01-08,2,Meadowbrook Senior Living,P2-U43,,,0
2025-01-08,2,Meadowbrook Senior Living,P2-U44,53,Resident53 Last53,6044
2025-01-08,2,Meadowbrook Senior Living,P2-U45,,,0
2025-01-08,2,Meadowbrook Senior Living,P2-U46,54,Resident54 Last54,4954
2025-01-08,2,Meadowbrook Senior Living,P2-U47,55,Resident55 Last55,7311
2025-01-08,2,Meadowbrook Senior Living,P2-U48,56,Resident56 Last56,3751
2025-01-08,2,Meadowbrook Senior Living,P2-U49,57,Resident57 Last57,3429
2025-01-08,2,Meadowbrook Senior Living,P2-U50,,,0
2025-01-08,3,Riverside Retirement Community,P3-U01,58,Resident58 Last58,6334
2025-01-08,3,Riverside Retirement Community,P3-U02,,,0
2025-01-08,3,Riverside Retirement Community,P3-U03,,,0
2025-01-08,3,Riverside Retirement Community,P3-U04,,,0
2025-01-08,3,Riverside Retirement Community,P3-U05,,,0
2025-01-08,3,Riverside Retirement Community,P3-U06,60,Resident60 Last60,4602
2025-01-08,3,Riverside Retirement Community,P3-U07,61,Resident61 Last61,3142
2025-01-08,3,Riverside Retirement Community,P3-U08,62,Resident62 Last62,5599
2025-01-08,3,Riverside Retirement Community,P3-U09,63,Resident63 Last63,4741
2025-01-08,3,Riverside Retirement Community,P3-U10,,,0
2025-01-08,3,Riverside Retirement Community,P3-U11,96,Resident96 Last96,3484
2025-01-08,3,Riverside Retirement Community,P3-U12,,,0
2025-01-08,3,Riverside Retirement Community,P3-U13,,,0
2025-01-08,3,Riverside Retirement Community,P3-U14,64,Resident64 Last64,4016
2025-01-08,3,Riverside Retirement Community,P3-U15,65,Resident65 Last65,5094
2025-01-08,3,Riverside Retirement Community,P3-U16,66,Resident66 Last66,7369
2025-01-08,3,Riverside Retirement Community,P3-U17,67,Resident67 Last67,5257
2025-01-08,3,Riverside Retirement Community,P3-U18,,,0
2025-01-08,3,Riverside Retirement Community,P3-U19,,,0
2025-01-08,3,Riverside Retirement Community,P3-U20,,,0
2025-01-08,3,Riverside Retirement Community,P3-U21,,,0
2025-01-08,3,Riverside Retirement Community,P3-U22,71,Resident71 Last71,3684
2025-01-08,3,Riverside Retirement Community,P3-U23,72,Resident72 Last72,3763
2025-01-08,3,Riverside Retirement Community,P3-U24,73,Resident73 Last73,3612
2025-01-08,3,Riverside Retirement Community,P3-U25,74,Resident74 Last74,6679
2025-01-08,3,Riverside Retirement Community,P3-U26,,,0
2025-01-08,3,Riverside Retirement Community,P3-U27,,,0
2025-01-08,3,Riverside Retirement Community,P3-U28,,,0
2025-01-08,3,Riverside Retirement Community,P3-U29,,,0
2025-01-08,3,Riverside Retirement Community,P3-U30,,,0
2025-01-08,3,Riverside Retirement Community,P3-U31,,,0
2025-01-08,3,Riverside Retirement Community,P3-U32,75,Resident75 Last75,6998
2025-01-08,3,Riverside Retirement Community,P3-U33,,,0
2025-01-08,3,Riverside Retirement Community,P3-U34,77,Resident77 Last77,4456
2025-01-08,3,Riverside Retirement Community,P3-U35,,,0
2025-01-08,3,Riverside Retirement Community,P3-U36,78,Resident78 Last78,6502
2025-01-08,3,Riverside Retirement Community,P3-U37,,,0
2025-01-08,3,Riverside Retirement Community,P3-U38,79,Resident79 Last79,7014
2025-01-08,3,Riverside Retirement Community,P3-U39,80,Resident80 Last80,4317
2025-01-08,3,Riverside Retirement Community,P3-U40,81,Resident81 Last81,5835
2025-01-08,3,Riverside Retirement Community,P3-U41,82,Resident82 Last82,3465
2025-01-08,3,Riverside Retirement Community,P3-U42,83,Resident83 Last83,4381
2025-01-08,3,Riverside Retirement Community,P3-U43,,,0
2025-01-08,3,Riverside Retirement Community,P3-U44,84,Resident84 Last84,6325
2025-01-08,3,Riverside Retirement Community,P3-U45,,,0
2025-01-08,3,Riverside Retirement Community,P3-U46,,,0
2025-01-08,3,Riverside Retirement Community,P3-U47,85,Resident85 Last85,6135
2025-01-08,3,Riverside Retirement Community,P3-U48,86,Resident86 Last86,4208
2025-01-08,3,Riverside Retirement Community,P3-U49,87,Resident87 Last87,4723
2025-01-08,3,Riverside Retirement Community,P3-U50,88,Resident88 Last88,3664
2025-01-09,1,Sunset Gardens,P1-U01,,,0
2025-01-09,1,Sunset Gardens,P1-U02,1,Resident1 Last1,4103
2025-01-09,1,Sunset Gardens,P1-U03,2,Resident2 Last2,4626
2025-01-09,1,Sunset Gardens,P1-U04,3,Resident3 Last3,3710
2025-01-09,1,Sunset Gardens,P1-U05,4,Resident4 Last4,4469
2025-01-09,1,Sunset Gardens,P1-U06,,,0
2025-01-09,1,Sunset Gardens,P1-U07,5,Resident5 Last5,6368
2025-01-09,1,Sunset Gardens,P1-U08,6,Resident6 Last6,4726
2025-01-09,1,Sunset Gardens,P1-U09,,,0
2025-01-09,1,Sunset Gardens,P1-U10,8,Resident8 Last8,5207
2025-01-09,1,Sunset Gardens,P1-U11,9,Resident9 Last9,6915
2025-01-09,1,Sunset Gardens,P1-U12,,,0
2025-01-09,1,Sunset Gardens,P1-U13,11,Resident11 Last11,4505
2025-01-09,1,Sunset Gardens,P1-U14,12,Resident12 Last12,6471
2025-01-09,1,Sunset Gardens,P1-U15,,,0
2025-01-09,1,Sunset Gardens,P1-U16,,,0
2025-01-09,1,Sunset Gardens,P1-U17,,,0
2025-01-09,1,Sunset Gardens,P1-U18,13,Resident13 Last13,3438
2025-01-09,1,Sunset Gardens,P1-U19,14,Resident14 Last14,5725
2025-01-09,1,Sunset Gardens,P1-U20,,,0
2025-01-09,1,Sunset Gardens,P1-U21,15,Resident15 Last15,7434
2025-01-09,1,Sunset Gardens,P1-U22,,,0
2025-01-09,1,Sunset Gardens,P1-U23,,,0
2025-01-09,1,Sunset Gardens,P1-U24,,,0
2025-01-09,1,Sunset Gardens,P1-U25,,,0
2025-01-09,1,Sunset Gardens,P1-U26,16,Resident16 Last16,6062
2025-01-09,1,Sunset Gardens,P1-U27,,,0
2025-01-09,1,Sunset Gardens,P1-U28,17,Resident17 Last17,4390
2025-01-09,1,Sunset Gardens,P1-U29,18,Resident18 Last18,3165
2025-01-09,1,Sunset Gardens,P1-U30,91,Resident91 Last91,6743
2025-01-09,1,Sunset Gardens,P1-U31,19,Resident19 Last19,3698
2025-01-09,1,Sunset Gardens,P1-U32,,,0
2025-01-09,1,Sunset Gardens,P1-U33,,,0
2025-01-09,1,Sunset Gardens,P1-U34,97,Resident97 Last97,3693
2025-01-09,1,Sunset Gardens,P1-U35,,,0
2025-01-09,1,Sunset Gardens,P1-U36,22,Resident22 Last22,5722
2025-01-09,1,Sunset Gardens,P1-U37,23,Resident23 Last23,6826
2025-01-09,1,Sunset Gardens,P1-U38,24,Resident24 Last24,5319
2025-01-09,1,Sunset Gardens,P1-U39,,,0
2025-01-09,1,Sunset Gardens,P1-U40,25,Resident25 Last25,3203
2025-01-09,1,Sunset Gardens,P1-U41,,,0
2025-01-09,1,Sunset Gardens,P1-U42,,,0
2025-01-09,1,Sunset Gardens,P1-U43,,,0
2025-01-09,1,Sunset Gardens,P1-U44,26,Resident26 Last26,4150
2025-01-09,1,Sunset Gardens,P1-U45,27,Resident27 Last27,3659
2025-01-09,1,Sunset Gardens,P1-U46,28,Resident28 Last28,4656
2025-01-09,1,Sunset Gardens,P1-U47,,,0
2025-01-09,1,Sunset Gardens,P1-U48,92,Resident92 Last92,7230
2025-01-09,1,Sunset Gardens,P1-U49,29,Resident29 Last29,4138
2025-01-09,1,Sunset Gardens,P1-U50,30,Resident30 Last30,6031
2025-01-09,2,Meadowbrook Senior Living,P2-U01,99,Resident99 Last99,6317
2025-01-09,2,Meadowbrook Senior Living,P2-U02,31,Resident31 Last31,3643
2025-01-09,2,Meadowbrook Senior Living,P2-U03,,,0
2025-01-09,2,Meadowbrook Senior Living,P2-U04,,,0
2025-01-09,2,Meadowbrook Senior Living,P2-U05,32,Resident32 Last32,5524
2025-01-09,2,Meadowbrook Senior Living,P2-U06,,,0
2025-01-09,2,Meadowbrook Senior Living,P2-U07,98,Resident98 Last98,5808
2025-01-09,2,Meadowbrook Senior Living,P2-U08,33,Resident33 Last33,7164
2025-01-09,2,Meadowbrook Senior Living,P2-U09,34,Resident34 Last34,6565
2025-01-09,2,Meadowbrook Senior Living,P2-U10,,,0
2025-01-09,2,Meadowbrook Senior Living,P2-U11,,,0
2025-01-09,2,Meadowbrook Senior Living,P2-U12,35,Resident35 Last35,5476
2025-01-09,2,Meadowbrook Senior Living,P2-U13,36,Resident36 Last36,4795
2025-01-09,2,Meadowbrook Senior Living,P2-U14,37,Resident37 Last37,6972
2025-01-09,2,Meadowbrook Senior Living,P2-U15,,,0
2025-01-09,2,Meadowbrook Senior Living,P2-U16,38,Resident38 Last38,6144
2025-01-09,2,Meadowbrook Senior Living,P2-U17,39,Resident39 Last39,3646
2025-01-09,2,Meadowbrook Senior Living,P2-U18,40,Resident40 Last40,6397
2025-01-09,2,Meadowbrook Senior Living,P2-U19,,,0
2025-01-09,2,Meadowbrook Senior Living,P2-U20,41,Resident41 Last41,3058
2025-01-09,2,Meadowbrook Senior Living,P2-U21,42,Resident42 Last42,4782
2025-01-09,2,Meadowbrook Senior Living,P2-U22,43,Resident43 Last43,5894
2025-01-09,2,Meadowbrook Senior Living,P2-U23,,,0
2025-01-09,2,Meadowbrook Senior Living,P2-U24,44,Resident44 Last44,7471
2025-01-09,2,Meadowbrook Senior Living,P2-U25,,,0
2025-01-09,2,Meadowbrook Senior Living,P2-U26,,,0
2025-01-09,2,Meadowbrook Senior Living,P2-U27,,,0
2025-01-09,2,Meadowbrook Senior Living,P2-U28,,,0
2025-01-09,2,Meadowbrook Senior Living,P2-U29,,,0
2025-01-09,2,Meadowbrook Senior Living,P2-U30,,,0
2025-01-09,2,Meadowbrook Senior Living,P2-U31,,,0
2025-01-09,2,Meadowbrook Senior Living,P2-U32,,,0
2025-01-09,2,Meadowbrook Senior Living,P2-U33,,,0
2025-01-09,2,Meadowbrook Senior Living,P2-U34,,,0
2025-01-09,2,Meadowbrook Senior Living,P2-U35,,,0
2025-01-09,2,Meadowbrook Senior Living,P2-U36,,,0
2025-01-09,2,Meadowbrook Senior Living,P2-U37,47,Resident47 Last47,5894
2025-01-09,2,Meadowbrook Senior Living,P2-U38,48,Resident48 Last48,3847
2025-01-09,2,Meadowbrook Senior Living,P2-U39,49,Resident49 Last49,3512
2025-01-09,2,Meadowbrook Senior Living,P2-U40,50,Resident50 Last50,5383
2025-01-09,2,Meadowbrook Senior Living,P2-U41,,,0
2025-01-09,2,Meadowbrook Senior Living,P2-U42,51,Resident51 Last51,6956
2025-01-09,2,Meadowbrook Senior Living,P2-U43,,,0
2025-01-09,2,Meadowbrook Senior Living,P2-U44,53,Resident53 Last53,6044
2025-01-09,2,Meadowbrook Senior Living,P2-U45,,,0
2025-01-09,2,Meadowbrook Senior Living,P2-U46,54,Resident54 Last54,4954
2025-01-09,2,Meadowbrook Senior Living,P2-U47,55,Resident55 Last55,7311
2025-01-09,2,Meadowbrook Senior Living,P2-U48,56,Resident56 Last56,3751
2025-01-09,2,Meadowbrook Senior Living,P2-U49,57,Resident57 Last57,3429
2025-01-09,2,Meadowbrook Senior Living,P2-U50,,,0
2025-01-09,3,Riverside Retirement Community,P3-U01,58,Resident58 Last58,6334
2025-01-09,3,Riverside Retirement Community,P3-U02,,,0
2025-01-09,3,Riverside Retirement Community,P3-U03,,,0
2025-01-09,3,Riverside Retirement Community,P3-U04,,,0
2025-01-09,3,Riverside Retirement Community,P3-U05,,,0
2025-01-09,3,Riverside Retirement Community,P3-U06,60,Resident60 Last60,4602
2025-01-09,3,Riverside Retirement Community,P3-U07,61,Resident61 Last61,3142
2025-01-09,3,Riverside Retirement Community,P3-U08,62,Resident62 Last62,5599
2025-01-09,3,Riverside Retirement Community,P3-U09,63,Resident63 Last63,4741
2025-01-09,3,Riverside Retirement Community,P3-U10,,,0
2025-01-09,3,Riverside Retirement Community,P3-U11,96,Resident96 Last96,3484
2025-01-09,3,Riverside Retirement Community,P3-U12,,,0
2025-01-09,3,Riverside Retirement Community,P3-U13,,,0
2025-01-09,3,Riverside Retirement Community,P3-U14,64,Resident64 Last64,4016
2025-01-09,3,Riverside Retirement Community,P3-U15,65,Resident65 Last65,5094
2025-01-09,3,Riverside Retirement Community,P3-U16,66,Resident66 Last66,7369
2025-01-09,3,Riverside Retirement Community,P3-U17,67,Resident67 Last67,5257
2025-01-09,3,Riverside Retirement Community,P3-U18,,,0
2025-01-09,3,Riverside Retirement Community,P3-U19,,,0
2025-01-09,3,Riverside Retirement Community,P3-U20,,,0
2025-01-09,3,Riverside Retirement Community,P3-U21,,,0
2025-01-09,3,Riverside Retirement Community,P3-U22,71,Resident71 Last71,3684
2025-01-09,3,Riverside Retirement Community,P3-U23,72,Resident72 Last72,3763
2025-01-09,3,Riverside Retirement Community,P3-U24,73,Resident73 Last73,3612
2025-01-09,3,Riverside Retirement Community,P3-U25,74,Resident74 Last74,6679
2025-01-09,3,Riverside Retirement Community,P3-U26,,,0
2025-01-09,3,Riverside Retirement Community,P3-U27,,,0
2025-01-09,3,Riverside Retirement Community,P3-U28,,,0
2025-01-09,3,Riverside Retirement Community,P3-U29,,,0
2025-01-09,3,Riverside Retirement Community,P3-U30,,,0
2025-01-09,3,Riverside Retirement Community,P3-U31,,,0
2025-01-09,3,Riverside Retirement Community,P3-U32,75,Resident75 Last75,6998
2025-01-09,3,Riverside Retirement Community,P3-U33,,,0
2025-01-09,3,Riverside Retirement Community,P3-U34,77,Resident77 Last77,4456
2025-01-09,3,Riverside Retirement Community,P3-U35,,,0
2025-01-09,3,Riverside Retirement Community,P3-U36,78,Resident78 Last78,6502
2025-01-09,3,Riverside Retirement Community,P3-U37,,,0
2025-01-09,3,Riverside Retirement Community,P3-U38,79,Resident79 Last79,7014
2025-01-09,3,Riverside Retirement Community,P3-U39,80,Resident80 Last80,4317
2025-01-09,3,Riverside Retirement Community,P3-U40,81,Resident81 Last81,5835
2025-01-09,3,Riverside Retirement Community,P3-U41,82,Resident82 Last82,3465
2025-01-09,3,Riverside Retirement Community,P3-U42,83,Resident83 Last83,4381
2025-01-09,3,Riverside Retirement Community,P3-U43,,,0
2025-01-09,3,Riverside Retirement Community,P3-U44,84,Resident84 Last84,6325
2025-01-09,3,Riverside Retirement Community,P3-U45,,,0
2025-01-09,3,Riverside Retirement Community,P3-U46,,,0
2025-01-09,3,Riverside Retirement Community,P3-U47,85,Resident85 Last85,6135
2025-01-09,3,Riverside Retirement Community,P3-U48,86,Resident86 Last86,4208
2025-01-09,3,Riverside Retirement Community,P3-U49,87,Resident87 Last87,4723
2025-01-09,3,Riverside Retirement Community,P3-U50,88,Resident88 Last88,3664
2025-01-10,1,Sunset Gardens,P1-U01,,,0
2025-01-10,1,Sunset Gardens,P1-U02,1,Resident1 Last1,4103
2025-01-10,1,Sunset Gardens,P1-U03,2,Resident2 Last2,4626
2025-01-10,1,Sunset Gardens,P1-U04,3,Resident3 Last3,3710
2025-01-10,1,Sunset Gardens,P1-U05,4,Resident4 Last4,4469
2025-01-10,1,Sunset Gardens,P1-U06,,,0
2025-01-10,1,Sunset Gardens,P1-U07,5,Resident5 Last5,6368
2025-01-10,1,Sunset Gardens,P1-U08,6,Resident6 Last6,4726
2025-01-10,1,Sunset Gardens,P1-U09,,,0
2025-01-10,1,Sunset Gardens,P1-U10,8,Resident8 Last8,5207
2025-01-10,1,Sunset Gardens,P1-U11,9,Resident9 Last9,6915
2025-01-10,1,Sunset Gardens,P1-U12,,,0
2025-01-10,1,Sunset Gardens,P1-U13,11,Resident11 Last11,4505
2025-01-10,1,Sunset Gardens,P1-U14,12,Resident12 Last12,6471
2025-01-10,1,Sunset Gardens,P1-U15,,,0
2025-01-10,1,Sunset Gardens,P1-U16,,,0
2025-01-10,1,Sunset Gardens,P1-U17,,,0
2025-01-10,1,Sunset Gardens,P1-U18,13,Resident13 Last13,3438
2025-01-10,1,Sunset Gardens,P1-U19,14,Resident14 Last14,5725
2025-01-10,1,Sunset Gardens,P1-U20,,,0
2025-01-10,1,Sunset Gardens,P1-U21,15,Resident15 Last15,7434
2025-01-10,1,Sunset Gardens,P1-U22,,,0
2025-01-10,1,Sunset Gardens,P1-U23,,,0
2025-01-10,1,Sunset Gardens,P1-U24,,,0
2025-01-10,1,Sunset Gardens,P1-U25,,,0
2025-01-10,1,Sunset Gardens,P1-U26,16,Resident16 Last16,6062
2025-01-10,1,Sunset Gardens,P1-U27,,,0
2025-01-10,1,Sunset Gardens,P1-U28,17,Resident17 Last17,4390
2025-01-10,1,Sunset Gardens,P1-U29,18,Resident18 Last18,3165
2025-01-10,1,Sunset Gardens,P1-U30,91,Resident91 Last91,6743
2025-01-10,1,Sunset Gardens,P1-U31,19,Resident19 Last19,3698
2025-01-10,1,Sunset Gardens,P1-U32,,,0
2025-01-10,1,Sunset Gardens,P1-U33,,,0
2025-01-10,1,Sunset Gardens,P1-U34,97,Resident97 Last97,3693
2025-01-10,1,Sunset Gardens,P1-U35,,,0
2025-01-10,1,Sunset Gardens,P1-U36,22,Resident22 Last22,5722
2025-01-10,1,Sunset Gardens,P1-U37,23,Resident23 Last23,6826
2025-01-10,1,Sunset Gardens,P1-U38,24,Resident24 Last24,5319
2025-01-10,1,Sunset Gardens,P1-U39,,,0
2025-01-10,1,Sunset Gardens,P1-U40,25,Resident25 Last25,3203
2025-01-10,1,Sunset Gardens,P1-U41,,,0
2025-01-10,1,Sunset Gardens,P1-U42,,,0
2025-01-10,1,Sunset Gardens,P1-U43,,,0
2025-01-10,1,Sunset Gardens,P1-U44,26,Resident26 Last26,4150
2025-01-10,1,Sunset Gardens,P1-U45,27,Resident27 Last27,3659
2025-01-10,1,Sunset Gardens,P1-U46,28,Resident28 Last28,4656
2025-01-10,1,Sunset Gardens,P1-U47,,,0
2025-01-10,1,Sunset Gardens,P1-U48,92,Resident92 Last92,7230
2025-01-10,1,Sunset Gardens,P1-U49,29,Resident29 Last29,4138
2025-01-10,1,Sunset Gardens,P1-U50,30,Resident30 Last30,6031
2025-01-10,2,Meadowbrook Senior Living,P2-U01,99,Resident99 Last99,6317
2025-01-10,2,Meadowbrook Senior Living,P2-U02,31,Resident31 Last31,3643
2025-01-10,2,Meadowbrook Senior Living,P2-U03,,,0
2025-01-10,2,Meadowbrook Senior Living,P2-U04,,,0
2025-01-10,2,Meadowbrook Senior Living,P2-U05,32,Resident32 Last32,5524
2025-01-10,2,Meadowbrook Senior Living,P2-U06,,,0
2025-01-10,2,Meadowbrook Senior Living,P2-U07,98,Resident98 Last98,5808
2025-01-10,2,Meadowbrook Senior Living,P2-U08,33,Resident33 Last33,7164
2025-01-10,2,Meadowbrook Senior Living,P2-U09,34,Resident34 Last34,6565
2025-01-10,2,Meadowbrook Senior Living,P2-U10,,,0
2025-01-10,2,Meadowbrook Senior Living,P2-U11,,,0
2025-01-10,2,Meadowbrook Senior Living,P2-U12,35,Resident35 Last35,5476
2025-01-10,2,Meadowbrook Senior Living,P2-U13,36,Resident36 Last36,4795
2025-01-10,2,Meadowbrook Senior Living,P2-U14,37,Resident37 Last37,6972
2025-01-10,2,Meadowbrook Senior Living,P2-U15,,,0
2025-01-10,2,Meadowbrook Senior Living,P2-U16,38,Resident38 Last38,6144
2025-01-10,2,Meadowbrook Senior Living,P2-U17,39,Resident39 Last39,3646
2025-01-10,2,Meadowbrook Senior Living,P2-U18,40,Resident40 Last40,6397
2025-01-10,2,Meadowbrook Senior Living,P2-U19,,,0
2025-01-10,2,Meadowbrook Senior Living,P2-U20,41,Resident41 Last41,3058
2025-01-10,2,Meadowbrook Senior Living,P2-U21,42,Resident42 Last42,4782
2025-01-10,2,Meadowbrook Senior Living,P2-U22,43,Resident43 Last43,5894
2025-01-10,2,Meadowbrook Senior Living,P2-U23,,,0
2025-01-10,2,Meadowbrook Senior Living,P2-U24,44,Resident44 Last44,7471
2025-01-10,2,Meadowbrook Senior Living,P2-U25,,,0
2025-01-10,2,Meadowbrook Senior Living,P2-U26,,,0
2025-01-10,2,Meadowbrook Senior Living,P2-U27,,,0
2025-01-10,2,Meadowbrook Senior Living,P2-U28,,,0
2025-01-10,2,Meadowbrook Senior Living,P2-U29,,,0
2025-01-10,2,Meadowbrook Senior Living,P2-U30,,,0
2025-01-10,2,Meadowbrook Senior Living,P2-U31,,,0
2025-01-10,2,Meadowbrook Senior Living,P2-U32,,,0
2025-01-10,2,Meadowbrook Senior Living,P2-U33,,,0
2025-01-10,2,Meadowbrook Senior Living,P2-U34,,,0
2025-01-10,2,Meadowbrook Senior Living,P2-U35,,,0
2025-01-10,2,Meadowbrook Senior Living,P2-U36,,,0
2025-01-10,2,Meadowbrook Senior Living,P2-U37,47,Resident47 Last47,5894
2025-01-10,2,Meadowbrook Senior Living,P2-U38,48,Resident48 Last48,3847
2025-01-10,2,Meadowbrook Senior Living,P2-U39,49,Resident49 Last49,3512
2025-01-10,2,Meadowbrook Senior Living,P2-U40,50,Resident50 Last50,5383
2025-01-10,2,Meadowbrook Senior Living,P2-U41,,,0
2025-01-10,2,Meadowbrook Senior Living,P2-U42,51,Resident51 Last51,6956
2025-01-10,2,Meadowbrook Senior Living,P2-U43,,,0
2025-01-10,2,Meadowbrook Senior Living,P2-U44,53,Resident53 Last53,6044
2025-01-10,2,Meadowbrook Senior Living,P2-U45,,,0
2025-01-10,2,Meadowbrook Senior Living,P2-U46,54,Resident54 Last54,4954
2025-01-10,2,Meadowbrook Senior Living,P2-U47,55,Resident55 Last55,7311
2025-01-10,2,Meadowbrook Senior Living,P2-U48,56,Resident56 Last56,3751
2025-01-10,2,Meadowbrook Senior Living,P2-U49,57,Resident57 Last57,3429
2025-01-10,2,Meadowbrook Senior Living,P2-U50,,,0
2025-01-10,3,Riverside Retirement Community,P3-U01,58,Resident58 Last58,6334
2025-01-10,3,Riverside Retirement Community,P3-U02,,,0
2025-01-10,3,Riverside Retirement Community,P3-U03,,,0
2025-01-10,3,Riverside Retirement Community,P3-U04,,,0
2025-01-10,3,Riverside Retirement Community,P3-U05,,,0
2025-01-10,3,Riverside Retirement Community,P3-U06,60,Resident60 Last60,4602
2025-01-10,3,Riverside Retirement Community,P3-U07,61,Resident61 Last61,3142
2025-01-10,3,Riverside Retirement Community,P3-U08,62,Resident62 Last62,5599
2025-01-10,3,Riverside Retirement Community,P3-U09,63,Resident63 Last63,4741
2025-01-10,3,Riverside Retirement Community,P3-U10,,,0
2025-01-10,3,Riverside Retirement Community,P3-U11,96,Resident96 Last96,3484
2025-01-10,3,Riverside Retirement Community,P3-U12,,,0
2025-01-10,3,Riverside Retirement Community,P3-U13,,,0
2025-01-10,3,Riverside Retirement Community,P3-U14,64,Resident64 Last64,4016
2025-01-10,3,Riverside Retirement Community,P3-U15,65,Resident65 Last65,5094
2025-01-10,3,Riverside Retirement Community,P3-U16,66,Resident66 Last66,7369
2025-01-10,3,Riverside Retirement Community,P3-U17,67,Resident67 Last67,5257
2025-01-10,3,Riverside Retirement Community,P3-U18,,,0
2025-01-10,3,Riverside Retirement Community,P3-U19,,,0
2025-01-10,3,Riverside Retirement Community,P3-U20,,,0
2025-01-10,3,Riverside Retirement Community,P3-U21,,,0
2025-01-10,3,Riverside Retirement Community,P3-U22,71,Resident71 Last71,3684
2025-01-10,3,Riverside Retirement Community,P3-U23,72,Resident72 Last72,3763
2025-01-10,3,Riverside Retirement Community,P3-U24,73,Resident73 Last73,3612
2025-01-10,3,Riverside Retirement Community,P3-U25,74,Resident74 Last74,6679
2025-01-10,3,Riverside Retirement Community,P3-U26,,,0
2025-01-10,3,Riverside Retirement Community,P3-U27,,,0
2025-01-10,3,Riverside Retirement Community,P3-U28,,,0
2025-01-10,3,Riverside Retirement Community,P3-U29,,,0
2025-01-10,3,Riverside Retirement Community,P3-U30,,,0
2025-01-10,3,Riverside Retirement Community,P3-U31,,,0
2025-01-10,3,Riverside Retirement Community,P3-U32,75,Resident75 Last75,6998
2025-01-10,3,Riverside Retirement Community,P3-U33,,,0
2025-01-10,3,Riverside Retirement Community,P3-U34,77,Resident77 Last77,4456
2025-01-10,3,Riverside Retirement Community,P3-U35,,,0
2025-01-10,3,Riverside Retirement Community,P3-U36,78,Resident78 Last78,6502
2025-01-10,3,Riverside Retirement Community,P3-U37,,,0
2025-01-10,3,Riverside Retirement Community,P3-U38,79,Resident79 Last79,7014
2025-01-10,3,Riverside Retirement Community,P3-U39,80,Resident80 Last80,4317
2025-01-10,3,Riverside Retirement Community,P3-U40,81,Resident81 Last81,5835
2025-01-10,3,Riverside Retirement Community,P3-U41,82,Resident82 Last82,3465
2025-01-10,3,Riverside Retirement Community,P3-U42,83,Resident83 Last83,4381
2025-01-10,3,Riverside Retirement Community,P3-U43,,,0
2025-01-10,3,Riverside Retirement Community,P3-U44,84,Resident84 Last84,6325
2025-01-10,3,Riverside Retirement Community,P3-U45,,,0
2025-01-10,3,Riverside Retirement Community,P3-U46,,,0
2025-01-10,3,Riverside Retirement Community,P3-U47,85,Resident85 Last85,6135
2025-01-10,3,Riverside Retirement Community,P3-U48,86,Resident86 Last86,4208
2025-01-10,3,Riverside Retirement Community,P3-U49,87,Resident87 Last87,4723
2025-01-10,3,Riverside Retirement Community,P3-U50,88,Resident88 Last88,3664
2025-01-11,1,Sunset Gardens,P1-U01,,,0
2025-01-11,1,Sunset Gardens,P1-U02,1,Resident1 Last1,4103
2025-01-11,1,Sunset Gardens,P1-U03,2,Resident2 Last2,4626
2025-01-11,1,Sunset Gardens,P1-U04,3,Resident3 Last3,3710
2025-01-11,1,Sunset Gardens,P1-U05,4,Resident4 Last4,4469
2025-01-11,1,Sunset Gardens,P1-U06,,,0
2025-01-11,1,Sunset Gardens,P1-U07,5,Resident5 Last5,6368
2025-01-11,1,Sunset Gardens,P1-U08,6,Resident6 Last6,4726
2025-01-11,1,Sunset Gardens,P1-U09,,,0
2025-01-11,1,Sunset Gardens,P1-U10,8,Resident8 Last8,5207
2025-01-11,1,Sunset Gardens,P1-U11,9,Resident9 Last9,6915
2025-01-11,1,Sunset Gardens,P1-U12,,,0
2025-01-11,1,Sunset Gardens,P1-U13,11,Resident11 Last11,4505
2025-01-11,1,Sunset Gardens,P1-U14,12,Resident12 Last12,6471
2025-01-11,1,Sunset Gardens,P1-U15,,,0
2025-01-11,1,Sunset Gardens,P1-U16,,,0
2025-01-11,1,Sunset Gardens,P1-U17,,,0
2025-01-11,1,Sunset Gardens,P1-U18,13,Resident13 Last13,3438
2025-01-11,1,Sunset Gardens,P1-U19,14,Resident14 Last14,5725
2025-01-11,1,Sunset Gardens,P1-U20,,,0
2025-01-11,1,Sunset Gardens,P1-U21,15,Resident15 Last15,7434
2025-01-11,1,Sunset Gardens,P1-U22,,,0
2025-01-11,1,Sunset Gardens,P1-U23,,,0
2025-01-11,1,Sunset Gardens,P1-U24,89,Resident89 Last89,4218
2025-01-11,1,Sunset Gardens,P1-U25,,,0
2025-01-11,1,Sunset Gardens,P1-U26,16,Resident16 Last16,6062
2025-01-11,1,Sunset Gardens,P1-U27,,,0
2025-01-11,1,Sunset Gardens,P1-U28,17,Resident17 Last17,4390
2025-01-11,1,Sunset Gardens,P1-U29,18,Resident18 Last18,3165
2025-01-11,1,Sunset Gardens,P1-U30,91,Resident91 Last91,6743
2025-01-11,1,Sunset Gardens,P1-U31,19,Resident19 Last19,3698
2025-01-11,1,Sunset Gardens,P1-U32,,,0
2025-01-11,1,Sunset Gardens,P1-U33,,,0
2025-01-11,1,Sunset Gardens,P1-U34,97,Resident97 Last97,3693
2025-01-11,1,Sunset Gardens,P1-U35,,,0
2025-01-11,1,Sunset Gardens,P1-U36,22,Resident22 Last22,5722
2025-01-11,1,Sunset Gardens,P1-U37,23,Resident23 Last23,6826
2025-01-11,1,Sunset Gardens,P1-U38,24,Resident24 Last24,5319
2025-01-11,1,Sunset Gardens,P1-U39,,,0
2025-01-11,1,Sunset Gardens,P1-U40,25,Resident25 Last25,3203
2025-01-11,1,Sunset Gardens,P1-U41,,,0
2025-01-11,1,Sunset Gardens,P1-U42,,,0
2025-01-11,1,Sunset Gardens,P1-U43,,,0
2025-01-11,1,Sunset Gardens,P1-U44,26,Resident26 Last26,4150
2025-01-11,1,Sunset Gardens,P1-U45,27,Resident27 Last27,3659
2025-01-11,1,Sunset Gardens,P1-U46,28,Resident28 Last28,4656
2025-01-11,1,Sunset Gardens,P1-U47,,,0
2025-01-11,1,Sunset Gardens,P1-U48,92,Resident92 Last92,7230
2025-01-11,1,Sunset Gardens,P1-U49,29,Resident29 Last29,4138
2025-01-11,1,Sunset Gardens,P1-U50,30,Resident30 Last30,6031
2025-01-11,2,Meadowbrook Senior Living,P2-U01,99,Resident99 Last99,6317
2025-01-11,2,Meadowbrook Senior Living,P2-U02,31,Resident31 Last31,3643
2025-01-11,2,Meadowbrook Senior Living,P2-U03,,,0
2025-01-11,2,Meadowbrook Senior Living,P2-U04,,,0
2025-01-11,2,Meadowbrook Senior Living,P2-U05,32,Resident32 Last32,5524
2025-01-11,2,Meadowbrook Senior Living,P2-U06,,,0
2025-01-11,2,Meadowbrook Senior Living,P2-U07,98,Resident98 Last98,5808
2025-01-11,2,Meadowbrook Senior Living,P2-U08,33,Resident33 Last33,7164
2025-01-11,2,Meadowbrook Senior Living,P2-U09,34,Resident34 Last34,6565
2025-01-11,2,Meadowbrook Senior Living,P2-U10,,,0
2025-01-11,2,Meadowbrook Senior Living,P2-U11,,,0
2025-01-11,2,Meadowbrook Senior Living,P2-U12,35,Resident35 Last35,5476
2025-01-11,2,Meadowbrook Senior Living,P2-U13,36,Resident36 Last36,4795
2025-01-11,2,Meadowbrook Senior Living,P2-U14,37,Resident37 Last37,6972
2025-01-11,2,Meadowbrook Senior Living,P2-U15,,,0
2025-01-11,2,Meadowbrook Senior Living,P2-U16,38,Resident38 Last38,6144
2025-01-11,2,Meadowbrook Senior Living,P2-U17,39,Resident39 Last39,3646
2025-01-11,2,Meadowbrook Senior Living,P2-U18,40,Resident40 Last40,6397
2025-01-11,2,Meadowbrook Senior Living,P2-U19,,,0
2025-01-11,2,Meadowbrook Senior Living,P2-U20,41,Resident41 Last41,3058
2025-01-11,2,Meadowbrook Senior Living,P2-U21,42,Resident42 Last42,4782
2025-01-11,2,Meadowbrook Senior Living,P2-U22,43,Resident43 Last43,5894
2025-01-11,2,Meadowbrook Senior Living,P2-U23,,,0
2025-01-11,2,Meadowbrook Senior Living,P2-U24,44,Resident44 Last44,7471
2025-01-11,2,Meadowbrook Senior Living,P2-U25,,,0
2025-01-11,2,Meadowbrook Senior Living,P2-U26,,,0
2025-01-11,2,Meadowbrook Senior Living,P2-U27,,,0
2025-01-11,2,Meadowbrook Senior Living,P2-U28,,,0
2025-01-11,2,Meadowbrook Senior Living,P2-U29,,,0
2025-01-11,2,Meadowbrook Senior Living,P2-U30,,,0
2025-01-11,2,Meadowbrook Senior Living,P2-U31,,,0
2025-01-11,2,Meadowbrook Senior Living,P2-U32,,,0
2025-01-11,2,Meadowbrook Senior Living,P2-U33,,,0
2025-01-11,2,Meadowbrook Senior Living,P2-U34,,,0
2025-01-11,2,Meadowbrook Senior Living,P2-U35,,,0
2025-01-11,2,Meadowbrook Senior Living,P2-U36,,,0
2025-01-11,2,Meadowbrook Senior Living,P2-U37,47,Resident47 Last47,5894
2025-01-11,2,Meadowbrook Senior Living,P2-U38,48,Resident48 Last48,3847
2025-01-11,2,Meadowbrook Senior Living,P2-U39,49,Resident49 Last49,3512
2025-01-11,2,Meadowbrook Senior Living,P2-U40,50,Resident50 Last50,5383
2025-01-11,2,Meadowbrook Senior Living,P2-U41,,,0
2025-01-11,2,Meadowbrook Senior Living,P2-U42,51,Resident51 Last51,6956
2025-01-11,2,Meadowbrook Senior Living,P2-U43,,,0
2025-01-11,2,Meadowbrook Senior Living,P2-U44,53,Resident53 Last53,6044
2025-01-11,2,Meadowbrook Senior Living,P2-U45,,,0
2025-01-11,2,Meadowbrook Senior Living,P2-U46,54,Resident54 Last54,4954
2025-01-11,2,Meadowbrook Senior Living,P2-U47,55,Resident55 Last55,7311
2025-01-11,2,Meadowbrook Senior Living,P2-U48,56,Resident56 Last56,3751
2025-01-11,2,Meadowbrook Senior Living,P2-U49,57,Resident57 Last57,3429
2025-01-11,2,Meadowbrook Senior Living,P2-U50,,,0
2025-01-11,3,Riverside Retirement Community,P3-U01,58,Resident58 Last58,6334
2025-01-11,3,Riverside Retirement Community,P3-U02,,,0
2025-01-11,3,Riverside Retirement Community,P3-U03,,,0
2025-01-11,3,Riverside Retirement Community,P3-U04,,,0
2025-01-11,3,Riverside Retirement Community,P3-U05,,,0
2025-01-11,3,Riverside Retirement Community,P3-U06,60,Resident60 Last60,4602
2025-01-11,3,Riverside Retirement Community,P3-U07,61,Resident61 Last61,3142
2025-01-11,3,Riverside Retirement Community,P3-U08,62,Resident62 Last62,5599
2025-01-11,3,Riverside Retirement Community,P3-U09,63,Resident63 Last63,4741
2025-01-11,3,Riverside Retirement Community,P3-U10,,,0
2025-01-11,3,Riverside Retirement Community,P3-U11,96,Resident96 Last96,3484
2025-01-11,3,Riverside Retirement Community,P3-U12,,,0
2025-01-11,3,Riverside Retirement Community,P3-U13,,,0
2025-01-11,3,Riverside Retirement Community,P3-U14,64,Resident64 Last64,4016
2025-01-11,3,Riverside Retirement Community,P3-U15,65,Resident65 Last65,5094
2025-01-11,3,Riverside Retirement Community,P3-U16,66,Resident66 Last66,7369
2025-01-11,3,Riverside Retirement Community,P3-U17,67,Resident67 Last67,5257
2025-01-11,3,Riverside Retirement Community,P3-U18,,,0
2025-01-11,3,Riverside Retirement Community,P3-U19,,,0
2025-01-11,3,Riverside Retirement Community,P3-U20,,,0
2025-01-11,3,Riverside Retirement Community,P3-U21,,,0
2025-01-11,3,Riverside Retirement Community,P3-U22,71,Resident71 Last71,3684
2025-01-11,3,Riverside Retirement Community,P3-U23,72,Resident72 Last72,3763
2025-01-11,3,Riverside Retirement Community,P3-U24,73,Resident73 Last73,3612
2025-01-11,3,Riverside Retirement Community,P3-U25,74,Resident74 Last74,6679
2025-01-11,3,Riverside Retirement Community,P3-U26,,,0
2025-01-11,3,Riverside Retirement Community,P3-U27,,,0
2025-01-11,3,Riverside Retirement Community,P3-U28,,,0
2025-01-11,3,Riverside Retirement Community,P3-U29,,,0
2025-01-11,3,Riverside Retirement Community,P3-U30,,,0
2025-01-11,3,Riverside Retirement Community,P3-U31,,,0
2025-01-11,3,Riverside Retirement Community,P3-U32,75,Resident75 Last75,6998
2025-01-11,3,Riverside Retirement Community,P3-U33,,,0
2025-01-11,3,Riverside Retirement Community,P3-U34,77,Resident77 Last77,4456
2025-01-11,3,Riverside Retirement Community,P3-U35,,,0
2025-01-11,3,Riverside Retirement Community,P3-U36,78,Resident78 Last78,6502
2025-01-11,3,Riverside Retirement Community,P3-U37,,,0
2025-01-11,3,Riverside Retirement Community,P3-U38,79,Resident79 Last79,7014
2025-01-11,3,Riverside Retirement Community,P3-U39,80,Resident80 Last80,4317
2025-01-11,3,Riverside Retirement Community,P3-U40,81,Resident81 Last81,5835
2025-01-11,3,Riverside Retirement Community,P3-U41,82,Resident82 Last82,3465
2025-01-11,3,Riverside Retirement Community,P3-U42,83,Resident83 Last83,4381
2025-01-11,3,Riverside Retirement Community,P3-U43,,,0
2025-01-11,3,Riverside Retirement Community,P3-U44,84,Resident84 Last84,6325
2025-01-11,3,Riverside Retirement Community,P3-U45,,,0
2025-01-11,3,Riverside Retirement Community,P3-U46,,,0
2025-01-11,3,Riverside Retirement Community,P3-U47,85,Resident85 Last85,6135
2025-01-11,3,Riverside Retirement Community,P3-U48,86,Resident86 Last86,4208
2025-01-11,3,Riverside Retirement Community,P3-U49,87,Resident87 Last87,4723
2025-01-11,3,Riverside Retirement Community,P3-U50,88,Resident88 Last88,3664
2025-01-12,1,Sunset Gardens,P1-U01,,,0
2025-01-12,1,Sunset Gardens,P1-U02,1,Resident1 Last1,4103
2025-01-12,1,Sunset Gardens,P1-U03,2,Resident2 Last2,4626
2025-01-12,1,Sunset Gardens,P1-U04,3,Resident3 Last3,3710
2025-01-12,1,Sunset Gardens,P1-U05,4,Resident4 Last4,4469
2025-01-12,1,Sunset Gardens,P1-U06,,,0
2025-01-12,1,Sunset Gardens,P1-U07,5,Resident5 Last5,6368
2025-01-12,1,Sunset Gardens,P1-U08,6,Resident6 Last6,4726
2025-01-12,1,Sunset Gardens,P1-U09,,,0
2025-01-12,1,Sunset Gardens,P1-U10,8,Resident8 Last8,5207
2025-01-12,1,Sunset Gardens,P1-U11,9,Resident9 Last9,6915
2025-01-12,1,Sunset Gardens,P1-U12,,,0
2025-01-12,1,Sunset Gardens,P1-U13,11,Resident11 Last11,4505
2025-01-12,1,Sunset Gardens,P1-U14,12,Resident12 Last12,6471
2025-01-12,1,Sunset Gardens,P1-U15,,,0
2025-01-12,1,Sunset Gardens,P1-U16,,,0
2025-01-12,1,Sunset Gardens,P1-U17,,,0
2025-01-12,1,Sunset Gardens,P1-U18,13,Resident13 Last13,3438
2025-01-12,1,Sunset Gardens,P1-U19,14,Resident14 Last14,5725
2025-01-12,1,Sunset Gardens,P1-U20,,,0
2025-01-12,1,Sunset Gardens,P1-U21,15,Resident15 Last15,7434
2025-01-12,1,Sunset Gardens,P1-U22,,,0
2025-01-12,1,Sunset Gardens,P1-U23,,,0
2025-01-12,1,Sunset Gardens,P1-U24,89,Resident89 Last89,4218
2025-01-12,1,Sunset Gardens,P1-U25,,,0
2025-01-12,1,Sunset Gardens,P1-U26,16,Resident16 Last16,6062
2025-01-12,1,Sunset Gardens,P1-U27,,,0
2025-01-12,1,Sunset Gardens,P1-U28,17,Resident17 Last17,4390
2025-01-12,1,Sunset Gardens,P1-U29,18,Resident18 Last18,3165
2025-01-12,1,Sunset Gardens,P1-U30,91,Resident91 Last91,6743
2025-01-12,1,Sunset Gardens,P1-U31,19,Resident19 Last19,3698
2025-01-12,1,Sunset Gardens,P1-U32,,,0
2025-01-12,1,Sunset Gardens,P1-U33,,,0
2025-01-12,1,Sunset Gardens,P1-U34,97,Resident97 Last97,3693
2025-01-12,1,Sunset Gardens,P1-U35,,,0
2025-01-12,1,Sunset Gardens,P1-U36,22,Resident22 Last22,5722
2025-01-12,1,Sunset Gardens,P1-U37,23,Resident23 Last23,6826
2025-01-12,1,Sunset Gardens,P1-U38,24,Resident24 Last24,5319
2025-01-12,1,Sunset Gardens,P1-U39,,,0
2025-01-12,1,Sunset Gardens,P1-U40,25,Resident25 Last25,3203
2025-01-12,1,Sunset Gardens,P1-U41,,,0
2025-01-12,1,Sunset Gardens,P1-U42,,,0
2025-01-12,1,Sunset Gardens,P1-U43,,,0
2025-01-12,1,Sunset Gardens,P1-U44,26,Resident26 Last26,4150
2025-01-12,1,Sunset Gardens,P1-U45,27,Resident27 Last27,3659
2025-01-12,1,Sunset Gardens,P1-U46,28,Resident28 Last28,4656
2025-01-12,1,Sunset Gardens,P1-U47,,,0
2025-01-12,1,Sunset Gardens,P1-U48,92,Resident92 Last92,7230
2025-01-12,1,Sunset Gardens,P1-U49,29,Resident29 Last29,4138
2025-01-12,1,Sunset Gardens,P1-U50,30,Resident30 Last30,6031
2025-01-12,2,Meadowbrook Senior Living,P2-U01,99,Resident99 Last99,6317
2025-01-12,2,Meadowbrook Senior Living,P2-U02,31,Resident31 Last31,3643
2025-01-12,2,Meadowbrook Senior Living,P2-U03,,,0
2025-01-12,2,Meadowbrook Senior Living,P2-U04,,,0
2025-01-12,2,Meadowbrook Senior Living,P2-U05,32,Resident32 Last32,5524
2025-01-12,2,Meadowbrook Senior Living,P2-U06,,,0
2025-01-12,2,Meadowbrook Senior Living,P2-U07,98,Resident98 Last98,5808
2025-01-12,2,Meadowbrook Senior Living,P2-U08,33,Resident33 Last33,7164
2025-01-12,2,Meadowbrook Senior Living,P2-U09,34,Resident34 Last34,6565
2025-01-12,2,Meadowbrook Senior Living,P2-U10,,,0
2025-01-12,2,Meadowbrook Senior Living,P2-U11,,,0
2025-01-12,2,Meadowbrook Senior Living,P2-U12,35,Resident35 Last35,5476
2025-01-12,2,Meadowbrook Senior Living,P2-U13,36,Resident36 Last36,4795
2025-01-12,2,Meadowbrook Senior Living,P2-U14,37,Resident37 Last37,6972
2025-01-12,2,Meadowbrook Senior Living,P2-U15,,,0
2025-01-12,2,Meadowbrook Senior Living,P2-U16,38,Resident38 Last38,6144
2025-01-12,2,Meadowbrook Senior Living,P2-U17,39,Resident39 Last39,3646
2025-01-12,2,Meadowbrook Senior Living,P2-U18,40,Resident40 Last40,6397
2025-01-12,2,Meadowbrook Senior Living,P2-U19,,,0
2025-01-12,2,Meadowbrook Senior Living,P2-U20,41,Resident41 Last41,3058
2025-01-12,2,Meadowbrook Senior Living,P2-U21,42,Resident42 Last42,4782
2025-01-12,2,Meadowbrook Senior Living,P2-U22,43,Resident43 Last43,5894
2025-01-12,2,Meadowbrook Senior Living,P2-U23,,,0
2025-01-12,2,Meadowbrook Senior Living,P2-U24,44,Resident44 Last44,7471
2025-01-12,2,Meadowbrook Senior Living,P2-U25,,,0
2025-01-12,2,Meadowbrook Senior Living,P2-U26,,,0
2025-01-12,2,Meadowbrook Senior Living,P2-U27,,,0
2025-01-12,2,Meadowbrook Senior Living,P2-U28,,,0
2025-01-12,2,Meadowbrook Senior Living,P2-U29,,,0
2025-01-12,2,Meadowbrook Senior Living,P2-U30,,,0
2025-01-12,2,Meadowbrook Senior Living,P2-U31,,,0
2025-01-12,2,Meadowbrook Senior Living,P2-U32,,,0
2025-01-12,2,Meadowbrook Senior Living,P2-U33,,,0
2025-01-12,2,Meadowbrook Senior Living,P2-U34,,,0
2025-01-12,2,Meadowbrook Senior Living,P2-U35,,,0
2025-01-12,2,Meadowbrook Senior Living,P2-U36,,,0
2025-01-12,2,Meadowbrook Senior Living,P2-U37,47,Resident47 Last47,5894
2025-01-12,2,Meadowbrook Senior Living,P2-U38,48,Resident48 Last48,3847
2025-01-12,2,Meadowbrook Senior Living,P2-U39,49,Resident49 Last49,3512
2025-01-12,2,Meadowbrook Senior Living,P2-U40,50,Resident50 Last50,5383
2025-01-12,2,Meadowbrook Senior Living,P2-U41,,,0
2025-01-12,2,Meadowbrook Senior Living,P2-U42,51,Resident51 Last51,6956
2025-01-12,2,Meadowbrook Senior Living,P2-U43,,,0
2025-01-12,2,Meadowbrook Senior Living,P2-U44,53,Resident53 Last53,6044
2025-01-12,2,Meadowbrook Senior Living,P2-U45,,,0
2025-01-12,2,Meadowbrook Senior Living,P2-U46,54,Resident54 Last54,4954
2025-01-12,2,Meadowbrook Senior Living,P2-U47,55,Resident55 Last55,7311
2025-01-12,2,Meadowbrook Senior Living,P2-U48,56,Resident56 Last56,3751
2025-01-12,2,Meadowbrook Senior Living,P2-U49,57,Resident57 Last57,3429
2025-01-12,2,Meadowbrook Senior Living,P2-U50,,,0
2025-01-12,3,Riverside Retirement Community,P3-U01,58,Resident58 Last58,6334
2025-01-12,3,Riverside Retirement Community,P3-U02,,,0
2025-01-12,3,Riverside Retirement Community,P3-U03,,,0
2025-01-12,3,Riverside Retirement Community,P3-U04,,,0
2025-01-12,3,Riverside Retirement Community,P3-U05,,,0
2025-01-12,3,Riverside Retirement Community,P3-U06,60,Resident60 Last60,4602
2025-01-12,3,Riverside Retirement Community,P3-U07,61,Resident61 Last61,3142
2025-01-12,3,Riverside Retirement Community,P3-U08,62,Resident62 Last62,5599
2025-01-12,3,Riverside Retirement Community,P3-U09,63,Resident63 Last63,4741
2025-01-12,3,Riverside Retirement Community,P3-U10,,,0
2025-01-12,3,Riverside Retirement Community,P3-U11,96,Resident96 Last96,3484
2025-01-12,3,Riverside Retirement Community,P3-U12,,,0
2025-01-12,3,Riverside Retirement Community,P3-U13,,,0
2025-01-12,3,Riverside Retirement Community,P3-U14,64,Resident64 Last64,4016
2025-01-12,3,Riverside Retirement Community,P3-U15,65,Resident65 Last65,5094
2025-01-12,3,Riverside Retirement Community,P3-U16,66,Resident66 Last66,7369
2025-01-12,3,Riverside Retirement Community,P3-U17,67,Resident67 Last67,5257
2025-01-12,3,Riverside Retirement Community,P3-U18,,,0
2025-01-12,3,Riverside Retirement Community,P3-U19,,,0
2025-01-12,3,Riverside Retirement Community,P3-U20,,,0
2025-01-12,3,Riverside Retirement Community,P3-U21,,,0
2025-01-12,3,Riverside Retirement Community,P3-U22,71,Resident71 Last71,3684
2025-01-12,3,Riverside Retirement Community,P3-U23,72,Resident72 Last72,3763
2025-01-12,3,Riverside Retirement Community,P3-U24,73,Resident73 Last73,3612
2025-01-12,3,Riverside Retirement Community,P3-U25,74,Resident74 Last74,6679
2025-01-12,3,Riverside Retirement Community,P3-U26,,,0
2025-01-12,3,Riverside Retirement Community,P3-U27,,,0
2025-01-12,3,Riverside Retirement Community,P3-U28,,,0
2025-01-12,3,Riverside Retirement Community,P3-U29,,,0
2025-01-12,3,Riverside Retirement Community,P3-U30,,,0
2025-01-12,3,Riverside Retirement Community,P3-U31,,,0
2025-01-12,3,Riverside Retirement Community,P3-U32,75,Resident75 Last75,6998
2025-01-12,3,Riverside Retirement Community,P3-U33,,,0
2025-01-12,3,Riverside Retirement Community,P3-U34,77,Resident77 Last77,4456
2025-01-12,3,Riverside Retirement Community,P3-U35,,,0
2025-01-12,3,Riverside Retirement Community,P3-U36,78,Resident78 Last78,6502
2025-01-12,3,Riverside Retirement Community,P3-U37,,,0
2025-01-12,3,Riverside Retirement Community,P3-U38,79,Resident79 Last79,7014
2025-01-12,3,Riverside Retirement Community,P3-U39,80,Resident80 Last80,4317
2025-01-12,3,Riverside Retirement Community,P3-U40,81,Resident81 Last81,5835
2025-01-12,3,Riverside Retirement Community,P3-U41,82,Resident82 Last82,3465
2025-01-12,3,Riverside Retirement Community,P3-U42,83,Resident83 Last83,4381
2025-01-12,3,Riverside Retirement Community,P3-U43,,,0
2025-01-12,3,Riverside Retirement Community,P3-U44,84,Resident84 Last84,6325
2025-01-12,3,Riverside Retirement Community,P3-U45,,,0
2025-01-12,3,Riverside Retirement Community,P3-U46,,,0
2025-01-12,3,Riverside Retirement Community,P3-U47,85,Resident85 Last85,6135
2025-01-12,3,Riverside Retirement Community,P3-U48,86,Resident86 Last86,4208
2025-01-12,3,Riverside Retirement Community,P3-U49,87,Resident87 Last87,4723
2025-01-12,3,Riverside Retirement Community,P3-U50,88,Resident88 Last88,3664
2025-01-13,1,Sunset Gardens,P1-U01,,,0
2025-01-13,1,Sunset Gardens,P1-U02,1,Resident1 Last1,4103
2025-01-13,1,Sunset Gardens,P1-U03,2,Resident2 Last2,4626
2025-01-13,1,Sunset Gardens,P1-U04,3,Resident3 Last3,3710
2025-01-13,1,Sunset Gardens,P1-U05,4,Resident4 Last4,4469
2025-01-13,1,Sunset Gardens,P1-U06,,,0
2025-01-13,1,Sunset Gardens,P1-U07,5,Resident5 Last5,6368
2025-01-13,1,Sunset Gardens,P1-U08,6,Resident6 Last6,4726
2025-01-13,1,Sunset Gardens,P1-U09,,,0
2025-01-13,1,Sunset Gardens,P1-U10,8,Resident8 Last8,5207
2025-01-13,1,Sunset Gardens,P1-U11,9,Resident9 Last9,6915
2025-01-13,1,Sunset Gardens,P1-U12,,,0
2025-01-13,1,Sunset Gardens,P1-U13,11,Resident11 Last11,4505
2025-01-13,1,Sunset Gardens,P1-U14,12,Resident12 Last12,6471
2025-01-13,1,Sunset Gardens,P1-U15,,,0
2025-01-13,1,Sunset Gardens,P1-U16,,,0
2025-01-13,1,Sunset Gardens,P1-U17,,,0
2025-01-13,1,Sunset Gardens,P1-U18,13,Resident13 Last13,3438
2025-01-13,1,Sunset Gardens,P1-U19,14,Resident14 Last14,5725
2025-01-13,1,Sunset Gardens,P1-U20,,,0
2025-01-13,1,Sunset Gardens,P1-U21,15,Resident15 Last15,7434
2025-01-13,1,Sunset Gardens,P1-U22,,,0
2025-01-13,1,Sunset Gardens,P1-U23,,,0
2025-01-13,1,Sunset Gardens,P1-U24,89,Resident89 Last89,4218
2025-01-13,1,Sunset Gardens,P1-U25,,,0
2025-01-13,1,Sunset Gardens,P1-U26,16,Resident16 Last16,6062
2025-01-13,1,Sunset Gardens,P1-U27,,,0
2025-01-13,1,Sunset Gardens,P1-U28,17,Resident17 Last17,4390
2025-01-13,1,Sunset Gardens,P1-U29,18,Resident18 Last18,3165
2025-01-13,1,Sunset Gardens,P1-U30,91,Resident91 Last91,6743
2025-01-13,1,Sunset Gardens,P1-U31,19,Resident19 Last19,3698
2025-01-13,1,Sunset Gardens,P1-U32,,,0
2025-01-13,1,Sunset Gardens,P1-U33,,,0
2025-01-13,1,Sunset Gardens,P1-U34,97,Resident97 Last97,3693
2025-01-13,1,Sunset Gardens,P1-U35,,,0
2025-01-13,1,Sunset Gardens,P1-U36,22,Resident22 Last22,5722
2025-01-13,1,Sunset Gardens,P1-U37,23,Resident23 Last23,6826
2025-01-13,1,Sunset Gardens,P1-U38,24,Resident24 Last24,5319
2025-01-13,1,Sunset Gardens,P1-U39,,,0
2025-01-13,1,Sunset Gardens,P1-U40,25,Resident25 Last25,3203
2025-01-13,1,Sunset Gardens,P1-U41,,,0
2025-01-13,1,Sunset Gardens,P1-U42,,,0
2025-01-13,1,Sunset Gardens,P1-U43,,,0
2025-01-13,1,Sunset Gardens,P1-U44,26,Resident26 Last26,4150
2025-01-13,1,Sunset Gardens,P1-U45,27,Resident27 Last27,3659
2025-01-13,1,Sunset Gardens,P1-U46,28,Resident28 Last28,4656
2025-01-13,1,Sunset Gardens,P1-U47,,,0
2025-01-13,1,Sunset Gardens,P1-U48,92,Resident92 Last92,7230
2025-01-13,1,Sunset Gardens,P1-U49,29,Resident29 Last29,4138
2025-01-13,1,Sunset Gardens,P1-U50,30,Resident30 Last30,6031
2025-01-13,2,Meadowbrook Senior Living,P2-U01,99,Resident99 Last99,6317
2025-01-13,2,Meadowbrook Senior Living,P2-U02,31,Resident31 Last31,3643
2025-01-13,2,Meadowbrook Senior Living,P2-U03,,,0
2025-01-13,2,Meadowbrook Senior Living,P2-U04,,,0
2025-01-13,2,Meadowbrook Senior Living,P2-U05,32,Resident32 Last32,5524
2025-01-13,2,Meadowbrook Senior Living,P2-U06,,,0
2025-01-13,2,Meadowbrook Senior Living,P2-U07,98,Resident98 Last98,5808
2025-01-13,2,Meadowbrook Senior Living,P2-U08,33,Resident33 Last33,7164
2025-01-13,2,Meadowbrook Senior Living,P2-U09,34,Resident34 Last34,6565
2025-01-13,2,Meadowbrook Senior Living,P2-U10,,,0
2025-01-13,2,Meadowbrook Senior Living,P2-U11,,,0
2025-01-13,2,Meadowbrook Senior Living,P2-U12,35,Resident35 Last35,5476
2025-01-13,2,Meadowbrook Senior Living,P2-U13,36,Resident36 Last36,4795
2025-01-13,2,Meadowbrook Senior Living,P2-U14,37,Resident37 Last37,6972
2025-01-13,2,Meadowbrook Senior Living,P2-U15,,,0
2025-01-13,2,Meadowbrook Senior Living,P2-U16,38,Resident38 Last38,6144
2025-01-13,2,Meadowbrook Senior Living,P2-U17,39,Resident39 Last39,3646
2025-01-13,2,Meadowbrook Senior Living,P2-U18,40,Resident40 Last40,6397
2025-01-13,2,Meadowbrook Senior Living,P2-U19,,,0
2025-01-13,2,Meadowbrook Senior Living,P2-U20,41,Resident41 Last41,3058
2025-01-13,2,Meadowbrook Senior Living,P2-U21,42,Resident42 Last42,4782
2025-01-13,2,Meadowbrook Senior Living,P2-U22,43,Resident43 Last43,5894
2025-01-13,2,Meadowbrook Senior Living,P2-U23,,,0
2025-01-13,2,Meadowbrook Senior Living,P2-U24,44,Resident44 Last44,7471
2025-01-13,2,Meadowbrook Senior Living,P2-U25,,,0
2025-01-13,2,Meadowbrook Senior Living,P2-U26,,,0
2025-01-13,2,Meadowbrook Senior Living,P2-U27,,,0
2025-01-13,2,Meadowbrook Senior Living,P2-U28,,,0
2025-01-13,2,Meadowbrook Senior Living,P2-U29,,,0
2025-01-13,2,Meadowbrook Senior Living,P2-U30,,,0
2025-01-13,2,Meadowbrook Senior Living,P2-U31,,,0
2025-01-13,2,Meadowbrook Senior Living,P2-U32,,,0
2025-01-13,2,Meadowbrook Senior Living,P2-U33,,,0
2025-01-13,2,Meadowbrook Senior Living,P2-U34,,,0
2025-01-13,2,Meadowbrook Senior Living,P2-U35,,,0
2025-01-13,2,Meadowbrook Senior Living,P2-U36,,,0
2025-01-13,2,Meadowbrook Senior Living,P2-U37,47,Resident47 Last47,5894
2025-01-13,2,Meadowbrook Senior Living,P2-U38,48,Resident48 Last48,3847
2025-01-13,2,Meadowbrook Senior Living,P2-U39,49,Resident49 Last49,3512
2025-01-13,2,Meadowbrook Senior Living,P2-U40,50,Resident50 Last50,5383
2025-01-13,2,Meadowbrook Senior Living,P2-U41,,,0
2025-01-13,2,Meadowbrook Senior Living,P2-U42,51,Resident51 Last51,6956
2025-01-13,2,Meadowbrook Senior Living,P2-U43,,,0
2025-01-13,2,Meadowbrook Senior Living,P2-U44,53,Resident53 Last53,6044
2025-01-13,2,Meadowbrook Senior Living,P2-U45,,,0
2025-01-13,2,Meadowbrook Senior Living,P2-U46,54,Resident54 Last54,4954
2025-01-13,2,Meadowbrook Senior Living,P2-U47,55,Resident55 Last55,7311
2025-01-13,2,Meadowbrook Senior Living,P2-U48,56,Resident56 Last56,3751
2025-01-13,2,Meadowbrook Senior Living,P2-U49,57,Resident57 Last57,3429
2025-01-13,2,Meadowbrook Senior Living,P2-U50,,,0
2025-01-13,3,Riverside Retirement Community,P3-U01,58,Resident58 Last58,6334
2025-01-13,3,Riverside Retirement Community,P3-U02,,,0
2025-01-13,3,Riverside Retirement Community,P3-U03,,,0
2025-01-13,3,Riverside Retirement Community,P3-U04,,,0
2025-01-13,3,Riverside Retirement Community,P3-U05,,,0
2025-01-13,3,Riverside Retirement Community,P3-U06,60,Resident60 Last60,4602
2025-01-13,3,Riverside Retirement Community,P3-U07,61,Resident61 Last61,3142
2025-01-13,3,Riverside Retirement Community,P3-U08,62,Resident62 Last62,5599
2025-01-13,3,Riverside Retirement Community,P3-U09,63,Resident63 Last63,4741
2025-01-13,3,Riverside Retirement Community,P3-U10,,,0
2025-01-13,3,Riverside Retirement Community,P3-U11,96,Resident96 Last96,3484
2025-01-13,3,Riverside Retirement Community,P3-U12,,,0
2025-01-13,3,Riverside Retirement Community,P3-U13,,,0
2025-01-13,3,Riverside Retirement Community,P3-U14,64,Resident64 Last64,4016
2025-01-13,3,Riverside Retirement Community,P3-U15,65,Resident65 Last65,5094
2025-01-13,3,Riverside Retirement Community,P3-U16,66,Resident66 Last66,7369
2025-01-13,3,Riverside Retirement Community,P3-U17,67,Resident67 Last67,5257
2025-01-13,3,Riverside Retirement Community,P3-U18,,,0
2025-01-13,3,Riverside Retirement Community,P3-U19,,,0
2025-01-13,3,Riverside Retirement Community,P3-U20,,,0
2025-01-13,3,Riverside Retirement Community,P3-U21,,,0
2025-01-13,3,Riverside Retirement Community,P3-U22,71,Resident71 Last71,3684
2025-01-13,3,Riverside Retirement Community,P3-U23,72,Resident72 Last72,3763
2025-01-13,3,Riverside Retirement Community,P3-U24,73,Resident73 Last73,3612
2025-01-13,3,Riverside Retirement Community,P3-U25,74,Resident74 Last74,6679
2025-01-13,3,Riverside Retirement Community,P3-U26,,,0
2025-01-13,3,Riverside Retirement Community,P3-U27,,,0
2025-01-13,3,Riverside Retirement Community,P3-U28,,,0
2025-01-13,3,Riverside Retirement Community,P3-U29,,,0
2025-01-13,3,Riverside Retirement Community,P3-U30,,,0
2025-01-13,3,Riverside Retirement Community,P3-U31,,,0
2025-01-13,3,Riverside Retirement Community,P3-U32,75,Resident75 Last75,6998
2025-01-13,3,Riverside Retirement Community,P3-U33,,,0
2025-01-13,3,Riverside Retirement Community,P3-U34,77,Resident77 Last77,4456
2025-01-13,3,Riverside Retirement Community,P3-U35,,,0
2025-01-13,3,Riverside Retirement Community,P3-U36,78,Resident78 Last78,6502
2025-01-13,3,Riverside Retirement Community,P3-U37,,,0
2025-01-13,3,Riverside Retirement Community,P3-U38,79,Resident79 Last79,7014
2025-01-13,3,Riverside Retirement Community,P3-U39,80,Resident80 Last80,4317
2025-01-13,3,Riverside Retirement Community,P3-U40,81,Resident81 Last81,5835
2025-01-13,3,Riverside Retirement Community,P3-U41,82,Resident82 Last82,3465
2025-01-13,3,Riverside Retirement Community,P3-U42,83,Resident83 Last83,4381
2025-01-13,3,Riverside Retirement Community,P3-U43,,,0
2025-01-13,3,Riverside Retirement Community,P3-U44,84,Resident84 Last84,6325
2025-01-13,3,Riverside Retirement Community,P3-U45,,,0
2025-01-13,3,Riverside Retirement Community,P3-U46,,,0
2025-01-13,3,Riverside Retirement Community,P3-U47,85,Resident85 Last85,6135
2025-01-13,3,Riverside Retirement Community,P3-U48,86,Resident86 Last86,4208
2025-01-13,3,Riverside Retirement Community,P3-U49,87,Resident87 Last87,4723
2025-01-13,3,Riverside Retirement Community,P3-U50,88,Resident88 Last88,3664
2025-01-14,1,Sunset Gardens,P1-U01,,,0
2025-01-14,1,Sunset Gardens,P1-U02,1,Resident1 Last1,4103
2025-01-14,1,Sunset Gardens,P1-U03,2,Resident2 Last2,4626
2025-01-14,1,Sunset Gardens,P1-U04,3,Resident3 Last3,3710
2025-01-14,1,Sunset Gardens,P1-U05,4,Resident4 Last4,4469
2025-01-14,1,Sunset Gardens,P1-U06,,,0
2025-01-14,1,Sunset Gardens,P1-U07,5,Resident5 Last5,6368
2025-01-14,1,Sunset Gardens,P1-U08,6,Resident6 Last6,4726
2025-01-14,1,Sunset Gardens,P1-U09,,,0
2025-01-14,1,Sunset Gardens,P1-U10,8,Resident8 Last8,5207
2025-01-14,1,Sunset Gardens,P1-U11,9,Resident9 Last9,6915
2025-01-14,1,Sunset Gardens,P1-U12,,,0
2025-01-14,1,Sunset Gardens,P1-U13,11,Resident11 Last11,4505
2025-01-14,1,Sunset Gardens,P1-U14,12,Resident12 Last12,6471
2025-01-14,1,Sunset Gardens,P1-U15,,,0
2025-01-14,1,Sunset Gardens,P1-U16,,,0
2025-01-14,1,Sunset Gardens,P1-U17,,,0
2025-01-14,1,Sunset Gardens,P1-U18,13,Resident13 Last13,3438
2025-01-14,1,Sunset Gardens,P1-U19,14,Resident14 Last14,5725
2025-01-14,1,Sunset Gardens,P1-U20,,,0
2025-01-14,1,Sunset Gardens,P1-U21,15,Resident15 Last15,7434
2025-01-14,1,Sunset Gardens,P1-U22,,,0
2025-01-14,1,Sunset Gardens,P1-U23,,,0
2025-01-14,1,Sunset Gardens,P1-U24,89,Resident89 Last89,4218
2025-01-14,1,Sunset Gardens,P1-U25,,,0
2025-01-14,1,Sunset Gardens,P1-U26,16,Resident16 Last16,6062
2025-01-14,1,Sunset Gardens,P1-U27,,,0
2025-01-14,1,Sunset Gardens,P1-U28,17,Resident17 Last17,4390
2025-01-14,1,Sunset Gardens,P1-U29,18,Resident18 Last18,3165
2025-01-14,1,Sunset Gardens,P1-U30,91,Resident91 Last91,6743
2025-01-14,1,Sunset Gardens,P1-U31,19,Resident19 Last19,3698
2025-01-14,1,Sunset Gardens,P1-U32,,,0
2025-01-14,1,Sunset Gardens,P1-U33,,,0
2025-01-14,1,Sunset Gardens,P1-U34,97,Resident97 Last97,3693
2025-01-14,1,Sunset Gardens,P1-U35,,,0
2025-01-14,1,Sunset Gardens,P1-U36,22,Resident22 Last22,5722
2025-01-14,1,Sunset Gardens,P1-U37,23,Resident23 Last23,6826
2025-01-14,1,Sunset Gardens,P1-U38,24,Resident24 Last24,5319
2025-01-14,1,Sunset Gardens,P1-U39,,,0
2025-01-14,1,Sunset Gardens,P1-U40,25,Resident25 Last25,3203
2025-01-14,1,Sunset Gardens,P1-U41,,,0
2025-01-14,1,Sunset Gardens,P1-U42,,,0
2025-01-14,1,Sunset Gardens,P1-U43,,,0
2025-01-14,1,Sunset Gardens,P1-U44,26,Resident26 Last26,4150
2025-01-14,1,Sunset Gardens,P1-U45,27,Resident27 Last27,3659
2025-01-14,1,Sunset Gardens,P1-U46,28,Resident28 Last28,4656
2025-01-14,1,Sunset Gardens,P1-U47,,,0
2025-01-14,1,Sunset Gardens,P1-U48,92,Resident92 Last92,7230
2025-01-14,1,Sunset Gardens,P1-U49,29,Resident29 Last29,4138
2025-01-14,1,Sunset Gardens,P1-U50,30,Resident30 Last30,6031
2025-01-14,2,Meadowbrook Senior Living,P2-U01,99,Resident99 Last99,6317
2025-01-14,2,Meadowbrook Senior Living,P2-U02,31,Resident31 Last31,3643
2025-01-14,2,Meadowbrook Senior Living,P2-U03,,,0
2025-01-14,2,Meadowbrook Senior Living,P2-U04,,,0
2025-01-14,2,Meadowbrook Senior Living,P2-U05,32,Resident32 Last32,5524
2025-01-14,2,Meadowbrook Senior Living,P2-U06,,,0
2025-01-14,2,Meadowbrook Senior Living,P2-U07,98,Resident98 Last98,5808
2025-01-14,2,Meadowbrook Senior Living,P2-U08,33,Resident33 Last33,7164
2025-01-14,2,Meadowbrook Senior Living,P2-U09,34,Resident34 Last34,6565
2025-01-14,2,Meadowbrook Senior Living,P2-U10,,,0
2025-01-14,2,Meadowbrook Senior Living,P2-U11,,,0
2025-01-14,2,Meadowbrook Senior Living,P2-U12,35,Resident35 Last35,5476
2025-01-14,2,Meadowbrook Senior Living,P2-U13,36,Resident36 Last36,4795
2025-01-14,2,Meadowbrook Senior Living,P2-U14,37,Resident37 Last37,6972
2025-01-14,2,Meadowbrook Senior Living,P2-U15,,,0
2025-01-14,2,Meadowbrook Senior Living,P2-U16,38,Resident38 Last38,6144
2025-01-14,2,Meadowbrook Senior Living,P2-U17,39,Resident39 Last39,3646
2025-01-14,2,Meadowbrook Senior Living,P2-U18,40,Resident40 Last40,6397
2025-01-14,2,Meadowbrook Senior Living,P2-U19,,,0
2025-01-14,2,Meadowbrook Senior Living,P2-U20,41,Resident41 Last41,3058
2025-01-14,2,Meadowbrook Senior Living,P2-U21,42,Resident42 Last42,4782
2025-01-14,2,Meadowbrook Senior Living,P2-U22,43,Resident43 Last43,5894
2025-01-14,2,Meadowbrook Senior Living,P2-U23,,,0
2025-01-14,2,Meadowbrook Senior Living,P2-U24,44,Resident44 Last44,7471
2025-01-14,2,Meadowbrook Senior Living,P2-U25,,,0
2025-01-14,2,Meadowbrook Senior Living,P2-U26,,,0
2025-01-14,2,Meadowbrook Senior Living,P2-U27,,,0
2025-01-14,2,Meadowbrook Senior Living,P2-U28,,,0
2025-01-14,2,Meadowbrook Senior Living,P2-U29,,,0
2025-01-14,2,Meadowbrook Senior Living,P2-U30,,,0
2025-01-14,2,Meadowbrook Senior Living,P2-U31,,,0
2025-01-14,2,Meadowbrook Senior Living,P2-U32,,,0
2025-01-14,2,Meadowbrook Senior Living,P2-U33,,,0
2025-01-14,2,Meadowbrook Senior Living,P2-U34,,,0
2025-01-14,2,Meadowbrook Senior Living,P2-U35,,,0
2025-01-14,2,Meadowbrook Senior Living,P2-U36,,,0
2025-01-14,2,Meadowbrook Senior Living,P2-U37,47,Resident47 Last47,5894
2025-01-14,2,Meadowbrook Senior Living,P2-U38,48,Resident48 Last48,3847
2025-01-14,2,Meadowbrook Senior Living,P2-U39,49,Resident49 Last49,3512
2025-01-14,2,Meadowbrook Senior Living,P2-U40,50,Resident50 Last50,5383
2025-01-14,2,Meadowbrook Senior Living,P2-U41,,,0
2025-01-14,2,Meadowbrook Senior Living,P2-U42,51,Resident51 Last51,6956
2025-01-14,2,Meadowbrook Senior Living,P2-U43,,,0
2025-01-14,2,Meadowbrook Senior Living,P2-U44,53,Resident53 Last53,6044
2025-01-14,2,Meadowbrook Senior Living,P2-U45,,,0
2025-01-14,2,Meadowbrook Senior Living,P2-U46,54,Resident54 Last54,4954
2025-01-14,2,Meadowbrook Senior Living,P2-U47,55,Resident55 Last55,7311
2025-01-14,2,Meadowbrook Senior Living,P2-U48,56,Resident56 Last56,3751
2025-01-14,2,Meadowbrook Senior Living,P2-U49,57,Resident57 Last57,3429
2025-01-14,2,Meadowbrook Senior Living,P2-U50,,,0
2025-01-14,3,Riverside Retirement Community,P3-U01,58,Resident58 Last58,6334
2025-01-14,3,Riverside Retirement Community,P3-U02,,,0
2025-01-14,3,Riverside Retirement Community,P3-U03,,,0
2025-01-14,3,Riverside Retirement Community,P3-U04,,,0
2025-01-14,3,Riverside Retirement Community,P3-U05,,,0
2025-01-14,3,Riverside Retirement Community,P3-U06,60,Resident60 Last60,4602
2025-01-14,3,Riverside Retirement Community,P3-U07,61,Resident61 Last61,3142
2025-01-14,3,Riverside Retirement Community,P3-U08,62,Resident62 Last62,5599
2025-01-14,3,Riverside Retirement Community,P3-U09,63,Resident63 Last63,4741
2025-01-14,3,Riverside Retirement Community,P3-U10,,,0
2025-01-14,3,Riverside Retirement Community,P3-U11,96,Resident96 Last96,3484
2025-01-14,3,Riverside Retirement Community,P3-U12,,,0
2025-01-14,3,Riverside Retirement Community,P3-U13,,,0
2025-01-14,3,Riverside Retirement Community,P3-U14,64,Resident64 Last64,4016
2025-01-14,3,Riverside Retirement Community,P3-U15,65,Resident65 Last65,5094
2025-01-14,3,Riverside Retirement Community,P3-U16,66,Resident66 Last66,7369
2025-01-14,3,Riverside Retirement Community,P3-U17,67,Resident67 Last67,5257
2025-01-14,3,Riverside Retirement Community,P3-U18,,,0
2025-01-14,3,Riverside Retirement Community,P3-U19,,,0
2025-01-14,3,Riverside Retirement Community,P3-U20,,,0
2025-01-14,3,Riverside Retirement Community,P3-U21,,,0
2025-01-14,3,Riverside Retirement Community,P3-U22,71,Resident71 Last71,3684
2025-01-14,3,Riverside Retirement Community,P3-U23,72,Resident72 Last72,3763
2025-01-14,3,Riverside Retirement Community,P3-U24,73,Resident73 Last73,3612
2025-01-14,3,Riverside Retirement Community,P3-U25,74,Resident74 Last74,6679
2025-01-14,3,Riverside Retirement Community,P3-U26,,,0
2025-01-14,3,Riverside Retirement Community,P3-U27,,,0
2025-01-14,3,Riverside Retirement Community,P3-U28,,,0
2025-01-14,3,Riverside Retirement Community,P3-U29,,,0
2025-01-14,3,Riverside Retirement Community,P3-U30,,,0
2025-01-14,3,Riverside Retirement Community,P3-U31,,,0
2025-01-14,3,Riverside Retirement Community,P3-U32,75,Resident75 Last75,6998
2025-01-14,3,Riverside Retirement Community,P3-U33,,,0
2025-01-14,3,Riverside Retirement Community,P3-U34,77,Resident77 Last77,4456
2025-01-14,3,Riverside Retirement Community,P3-U35,,,0
2025-01-14,3,Riverside Retirement Community,P3-U36,78,Resident78 Last78,6502
2025-01-14,3,Riverside Retirement Community,P3-U37,,,0
2025-01-14,3,Riverside Retirement Community,P3-U38,79,Resident79 Last79,7014
2025-01-14,3,Riverside Retirement Community,P3-U39,80,Resident80 Last80,4317
2025-01-14,3,Riverside Retirement Community,P3-U40,81,Resident81 Last81,5835
2025-01-14,3,Riverside Retirement Community,P3-U41,82,Resident82 Last82,3465
2025-01-14,3,Riverside Retirement Community,P3-U42,83,Resident83 Last83,4381
2025-01-14,3,Riverside Retirement Community,P3-U43,,,0
2025-01-14,3,Riverside Retirement Community,P3-U44,84,Resident84 Last84,6325
2025-01-14,3,Riverside Retirement Community,P3-U45,,,0
2025-01-14,3,Riverside Retirement Community,P3-U46,,,0
2025-01-14,3,Riverside Retirement Community,P3-U47,85,Resident85 Last85,6135
2025-01-14,3,Riverside Retirement Community,P3-U48,86,Resident86 Last86,4208
2025-01-14,3,Riverside Retirement Community,P3-U49,87,Resident87 Last87,4723
2025-01-14,3,Riverside Retirement Community,P3-U50,88,Resident88 Last88,3664
2025-01-15,1,Sunset Gardens,P1-U01,,,0
2025-01-15,1,Sunset Gardens,P1-U02,1,Resident1 Last1,4103
2025-01-15,1,Sunset Gardens,P1-U03,2,Resident2 Last2,4626
2025-01-15,1,Sunset Gardens,P1-U04,3,Resident3 Last3,3710
2025-01-15,1,Sunset Gardens,P1-U05,4,Resident4 Last4,4469
2025-01-15,1,Sunset Gardens,P1-U06,,,0
2025-01-15,1,Sunset Gardens,P1-U07,5,Resident5 Last5,6368
2025-01-15,1,Sunset Gardens,P1-U08,6,Resident6 Last6,4726
2025-01-15,1,Sunset Gardens,P1-U09,,,0
2025-01-15,1,Sunset Gardens,P1-U10,8,Resident8 Last8,5207
2025-01-15,1,Sunset Gardens,P1-U11,9,Resident9 Last9,6915
2025-01-15,1,Sunset Gardens,P1-U12,,,0
2025-01-15,1,Sunset Gardens,P1-U13,11,Resident11 Last11,4505
2025-01-15,1,Sunset Gardens,P1-U14,12,Resident12 Last12,6471
2025-01-15,1,Sunset Gardens,P1-U15,,,0
2025-01-15,1,Sunset Gardens,P1-U16,,,0
2025-01-15,1,Sunset Gardens,P1-U17,,,0
2025-01-15,1,Sunset Gardens,P1-U18,13,Resident13 Last13,3438
2025-01-15,1,Sunset Gardens,P1-U19,14,Resident14 Last14,5725
2025-01-15,1,Sunset Gardens,P1-U20,,,0
2025-01-15,1,Sunset Gardens,P1-U21,15,Resident15 Last15,7434
2025-01-15,1,Sunset Gardens,P1-U22,,,0
2025-01-15,1,Sunset Gardens,P1-U23,,,0
2025-01-15,1,Sunset Gardens,P1-U24,89,Resident89 Last89,4218
2025-01-15,1,Sunset Gardens,P1-U25,,,0
2025-01-15,1,Sunset Gardens,P1-U26,16,Resident16 Last16,6062
2025-01-15,1,Sunset Gardens,P1-U27,,,0
2025-01-15,1,Sunset Gardens,P1-U28,17,Resident17 Last17,4390
2025-01-15,1,Sunset Gardens,P1-U29,18,Resident18 Last18,3165
2025-01-15,1,Sunset Gardens,P1-U30,91,Resident91 Last91,6743
2025-01-15,1,Sunset Gardens,P1-U31,19,Resident19 Last19,3698
2025-01-15,1,Sunset Gardens,P1-U32,,,0
2025-01-15,1,Sunset Gardens,P1-U33,,,0
2025-01-15,1,Sunset Gardens,P1-U34,97,Resident97 Last97,3693
2025-01-15,1,Sunset Gardens,P1-U35,,,0
2025-01-15,1,Sunset Gardens,P1-U36,,,0
2025-01-15,1,Sunset Gardens,P1-U37,23,Resident23 Last23,6826
2025-01-15,1,Sunset Gardens,P1-U38,24,Resident24 Last24,5319
2025-01-15,1,Sunset Gardens,P1-U39,,,0
2025-01-15,1,Sunset Gardens,P1-U40,25,Resident25 Last25,3203
2025-01-15,1,Sunset Gardens,P1-U41,,,0
2025-01-15,1,Sunset Gardens,P1-U42,,,0
2025-01-15,1,Sunset Gardens,P1-U43,,,0
2025-01-15,1,Sunset Gardens,P1-U44,26,Resident26 Last26,4150
2025-01-15,1,Sunset Gardens,P1-U45,27,Resident27 Last27,3659
2025-01-15,1,Sunset Gardens,P1-U46,28,Resident28 Last28,4656
2025-01-15,1,Sunset Gardens,P1-U47,,,0
2025-01-15,1,Sunset Gardens,P1-U48,92,Resident92 Last92,7230
2025-01-15,1,Sunset Gardens,P1-U49,29,Resident29 Last29,4138
2025-01-15,1,Sunset Gardens,P1-U50,30,Resident30 Last30,6031
2025-01-15,2,Meadowbrook Senior Living,P2-U01,99,Resident99 Last99,6317
2025-01-15,2,Meadowbrook Senior Living,P2-U02,31,Resident31 Last31,3643
2025-01-15,2,Meadowbrook Senior Living,P2-U03,,,0
2025-01-15,2,Meadowbrook Senior Living,P2-U04,,,0
2025-01-15,2,Meadowbrook Senior Living,P2-U05,32,Resident32 Last32,5524
2025-01-15,2,Meadowbrook Senior Living,P2-U06,,,0
2025-01-15,2,Meadowbrook Senior Living,P2-U07,98,Resident98 Last98,5808
2025-01-15,2,Meadowbrook Senior Living,P2-U08,33,Resident33 Last33,7164
2025-01-15,2,Meadowbrook Senior Living,P2-U09,34,Resident34 Last34,6565
2025-01-15,2,Meadowbrook Senior Living,P2-U10,,,0
2025-01-15,2,Meadowbrook Senior Living,P2-U11,,,0
2025-01-15,2,Meadowbrook Senior Living,P2-U12,35,Resident35 Last35,5476
2025-01-15,2,Meadowbrook Senior Living,P2-U13,36,Resident36 Last36,4795
2025-01-15,2,Meadowbrook Senior Living,P2-U14,37,Resident37 Last37,6972
2025-01-15,2,Meadowbrook Senior Living,P2-U15,,,0
2025-01-15,2,Meadowbrook Senior Living,P2-U16,38,Resident38 Last38,6144
2025-01-15,2,Meadowbrook Senior Living,P2-U17,39,Resident39 Last39,3646
2025-01-15,2,Meadowbrook Senior Living,P2-U18,40,Resident40 Last40,6397
2025-01-15,2,Meadowbrook Senior Living,P2-U19,,,0
2025-01-15,2,Meadowbrook Senior Living,P2-U20,41,Resident41 Last41,3058
2025-01-15,2,Meadowbrook Senior Living,P2-U21,42,Resident42 Last42,4782
2025-01-15,2,Meadowbrook Senior Living,P2-U22,43,Resident43 Last43,5894
2025-01-15,2,Meadowbrook Senior Living,P2-U23,,,0
2025-01-15,2,Meadowbrook Senior Living,P2-U24,44,Resident44 Last44,7471
2025-01-15,2,Meadowbrook Senior Living,P2-U25,,,0
2025-01-15,2,Meadowbrook Senior Living,P2-U26,,,0
2025-01-15,2,Meadowbrook Senior Living,P2-U27,,,0
2025-01-15,2,Meadowbrook Senior Living,P2-U28,,,0
2025-01-15,2,Meadowbrook Senior Living,P2-U29,,,0
2025-01-15,2,Meadowbrook Senior Living,P2-U30,,,0
2025-01-15,2,Meadowbrook Senior Living,P2-U31,,,0
2025-01-15,2,Meadowbrook Senior Living,P2-U32,,,0
2025-01-15,2,Meadowbrook Senior Living,P2-U33,,,0
2025-01-15,2,Meadowbrook Senior Living,P2-U34,,,0
2025-01-15,2,Meadowbrook Senior Living,P2-U35,,,0
2025-01-15,2,Meadowbrook Senior Living,P2-U36,,,0
2025-01-15,2,Meadowbrook Senior Living,P2-U37,47,Resident47 Last47,5894
2025-01-15,2,Meadowbrook Senior Living,P2-U38,48,Resident48 Last48,3847
2025-01-15,2,Meadowbrook Senior Living,P2-U39,49,Resident49 Last49,3512
2025-01-15,2,Meadowbrook Senior Living,P2-U40,50,Resident50 Last50,5383
2025-01-15,2,Meadowbrook Senior Living,P2-U41,,,0
2025-01-15,2,Meadowbrook Senior Living,P2-U42,51,Resident51 Last51,6956
2025-01-15,2,Meadowbrook Senior Living,P2-U43,,,0
2025-01-15,2,Meadowbrook Senior Living,P2-U44,53,Resident53 Last53,6044
2025-01-15,2,Meadowbrook Senior Living,P2-U45,,,0
2025-01-15,2,Meadowbrook Senior Living,P2-U46,54,Resident54 Last54,4954
2025-01-15,2,Meadowbrook Senior Living,P2-U47,55,Resident55 Last55,7311
2025-01-15,2,Meadowbrook Senior Living,P2-U48,56,Resident56 Last56,3751
2025-01-15,2,Meadowbrook Senior Living,P2-U49,57,Resident57 Last57,3429
2025-01-15,2,Meadowbrook Senior Living,P2-U50,,,0
2025-01-15,3,Riverside Retirement Community,P3-U01,58,Resident58 Last58,6334
2025-01-15,3,Riverside Retirement Community,P3-U02,,,0
2025-01-15,3,Riverside Retirement Community,P3-U03,,,0
2025-01-15,3,Riverside Retirement Community,P3-U04,,,0
2025-01-15,3,Riverside Retirement Community,P3-U05,,,0
2025-01-15,3,Riverside Retirement Community,P3-U06,60,Resident60 Last60,4602
2025-01-15,3,Riverside Retirement Community,P3-U07,61,Resident61 Last61,3142
2025-01-15,3,Riverside Retirement Community,P3-U08,62,Resident62 Last62,5599
2025-01-15,3,Riverside Retirement Community,P3-U09,63,Resident63 Last63,4741
2025-01-15,3,Riverside Retirement Community,P3-U10,,,0
2025-01-15,3,Riverside Retirement Community,P3-U11,96,Resident96 Last96,3484
2025-01-15,3,Riverside Retirement Community,P3-U12,,,0
2025-01-15,3,Riverside Retirement Community,P3-U13,,,0
2025-01-15,3,Riverside Retirement Community,P3-U14,64,Resident64 Last64,4016
2025-01-15,3,Riverside Retirement Community,P3-U15,65,Resident65 Last65,5094
2025-01-15,3,Riverside Retirement Community,P3-U16,66,Resident66 Last66,7369
2025-01-15,3,Riverside Retirement Community,P3-U17,67,Resident67 Last67,5257
2025-01-15,3,Riverside Retirement Community,P3-U18,,,0
2025-01-15,3,Riverside Retirement Community,P3-U19,,,0
2025-01-15,3,Riverside Retirement Community,P3-U20,,,0
2025-01-15,3,Riverside Retirement Community,P3-U21,,,0
2025-01-15,3,Riverside Retirement Community,P3-U22,71,Resident71 Last71,3684
2025-01-15,3,Riverside Retirement Community,P3-U23,72,Resident72 Last72,3763
2025-01-15,3,Riverside Retirement Community,P3-U24,73,Resident73 Last73,3612
2025-01-15,3,Riverside Retirement Community,P3-U25,74,Resident74 Last74,6679
2025-01-15,3,Riverside Retirement Community,P3-U26,,,0
2025-01-15,3,Riverside Retirement Community,P3-U27,,,0
2025-01-15,3,Riverside Retirement Community,P3-U28,,,0
2025-01-15,3,Riverside Retirement Community,P3-U29,,,0
2025-01-15,3,Riverside Retirement Community,P3-U30,,,0
2025-01-15,3,Riverside Retirement Community,P3-U31,,,0
2025-01-15,3,Riverside Retirement Community,P3-U32,75,Resident75 Last75,6998
2025-01-15,3,Riverside Retirement Community,P3-U33,,,0
2025-01-15,3,Riverside Retirement Community,P3-U34,77,Resident77 Last77,4456
2025-01-15,3,Riverside Retirement Community,P3-U35,,,0
2025-01-15,3,Riverside Retirement Community,P3-U36,78,Resident78 Last78,6502
2025-01-15,3,Riverside Retirement Community,P3-U37,,,0
2025-01-15,3,Riverside Retirement Community,P3-U38,79,Resident79 Last79,7014
2025-01-15,3,Riverside Retirement Community,P3-U39,80,Resident80 Last80,4317
2025-01-15,3,Riverside Retirement Community,P3-U40,81,Resident81 Last81,5835
2025-01-15,3,Riverside Retirement Community,P3-U41,82,Resident82 Last82,3465
2025-01-15,3,Riverside Retirement Community,P3-U42,83,Resident83 Last83,4381
2025-01-15,3,Riverside Retirement Community,P3-U43,,,0
2025-01-15,3,Riverside Retirement Community,P3-U44,84,Resident84 Last84,6325
2025-01-15,3,Riverside Retirement Community,P3-U45,,,0
2025-01-15,3,Riverside Retirement Community,P3-U46,,,0
2025-01-15,3,Riverside Retirement Community,P3-U47,85,Resident85 Last85,6135
2025-01-15,3,Riverside Retirement Community,P3-U48,86,Resident86 Last86,4208
2025-01-15,3,Riverside Retirement Community,P3-U49,87,Resident87 Last87,4723
2025-01-15,3,Riverside Retirement Community,P3-U50,88,Resident88 Last88,3664
2025-01-16,1,Sunset Gardens,P1-U01,,,0
2025-01-16,1,Sunset Gardens,P1-U02,1,Resident1 Last1,4103
2025-01-16,1,Sunset Gardens,P1-U03,2,Resident2 Last2,4626
2025-01-16,1,Sunset Gardens,P1-U04,3,Resident3 Last3,3710
2025-01-16,1,Sunset Gardens,P1-U05,4,Resident4 Last4,4469
2025-01-16,1,Sunset Gardens,P1-U06,,,0
2025-01-16,1,Sunset Gardens,P1-U07,5,Resident5 Last5,6368
2025-01-16,1,Sunset Gardens,P1-U08,6,Resident6 Last6,4726
2025-01-16,1,Sunset Gardens,P1-U09,,,0
2025-01-16,1,Sunset Gardens,P1-U10,8,Resident8 Last8,5207
2025-01-16,1,Sunset Gardens,P1-U11,9,Resident9 Last9,6915
2025-01-16,1,Sunset Gardens,P1-U12,,,0
2025-01-16,1,Sunset Gardens,P1-U13,11,Resident11 Last11,4505
2025-01-16,1,Sunset Gardens,P1-U14,12,Resident12 Last12,6471
2025-01-16,1,Sunset Gardens,P1-U15,,,0
2025-01-16,1,Sunset Gardens,P1-U16,,,0
2025-01-16,1,Sunset Gardens,P1-U17,,,0
2025-01-16,1,Sunset Gardens,P1-U18,13,Resident13 Last13,3438
2025-01-16,1,Sunset Gardens,P1-U19,14,Resident14 Last14,5725
2025-01-16,1,Sunset Gardens,P1-U20,,,0
2025-01-16,1,Sunset Gardens,P1-U21,15,Resident15 Last15,7434
2025-01-16,1,Sunset Gardens,P1-U22,,,0
2025-01-16,1,Sunset Gardens,P1-U23,,,0
2025-01-16,1,Sunset Gardens,P1-U24,89,Resident89 Last89,4218
2025-01-16,1,Sunset Gardens,P1-U25,,,0
2025-01-16,1,Sunset Gardens,P1-U26,16,Resident16 Last16,6062
2025-01-16,1,Sunset Gardens,P1-U27,,,0
2025-01-16,1,Sunset Gardens,P1-U28,17,Resident17 Last17,4390
2025-01-16,1,Sunset Gardens,P1-U29,18,Resident18 Last18,3165
2025-01-16,1,Sunset Gardens,P1-U30,91,Resident91 Last91,6743
2025-01-16,1,Sunset Gardens,P1-U31,19,Resident19 Last19,3698
2025-01-16,1,Sunset Gardens,P1-U32,,,0
2025-01-16,1,Sunset Gardens,P1-U33,,,0
2025-01-16,1,Sunset Gardens,P1-U34,97,Resident97 Last97,3693
2025-01-16,1,Sunset Gardens,P1-U35,,,0
2025-01-16,1,Sunset Gardens,P1-U36,,,0
2025-01-16,1,Sunset Gardens,P1-U37,23,Resident23 Last23,6826
2025-01-16,1,Sunset Gardens,P1-U38,24,Resident24 Last24,5319
2025-01-16,1,Sunset Gardens,P1-U39,,,0
2025-01-16,1,Sunset Gardens,P1-U40,25,Resident25 Last25,3203
2025-01-16,1,Sunset Gardens,P1-U41,,,0
2025-01-16,1,Sunset Gardens,P1-U42,,,0
2025-01-16,1,Sunset Gardens,P1-U43,,,0
2025-01-16,1,Sunset Gardens,P1-U44,26,Resident26 Last26,4150
2025-01-16,1,Sunset Gardens,P1-U45,27,Resident27 Last27,3659
2025-01-16,1,Sunset Gardens,P1-U46,28,Resident28 Last28,4656
2025-01-16,1,Sunset Gardens,P1-U47,,,0
2025-01-16,1,Sunset Gardens,P1-U48,92,Resident92 Last92,7230
2025-01-16,1,Sunset Gardens,P1-U49,29,Resident29 Last29,4138
2025-01-16,1,Sunset Gardens,P1-U50,30,Resident30 Last30,6031
2025-01-16,2,Meadowbrook Senior Living,P2-U01,99,Resident99 Last99,6317
2025-01-16,2,Meadowbrook Senior Living,P2-U02,31,Resident31 Last31,3643
2025-01-16,2,Meadowbrook Senior Living,P2-U03,,,0
2025-01-16,2,Meadowbrook Senior Living,P2-U04,,,0
2025-01-16,2,Meadowbrook Senior Living,P2-U05,32,Resident32 Last32,5524
2025-01-16,2,Meadowbrook Senior Living,P2-U06,,,0
2025-01-16,2,Meadowbrook Senior Living,P2-U07,98,Resident98 Last98,5808
2025-01-16,2,Meadowbrook Senior Living,P2-U08,33,Resident33 Last33,7164
2025-01-16,2,Meadowbrook Senior Living,P2-U09,34,Resident34 Last34,6565
2025-01-16,2,Meadowbrook Senior Living,P2-U10,,,0
2025-01-16,2,Meadowbrook Senior Living,P2-U11,,,0
2025-01-16,2,Meadowbrook Senior Living,P2-U12,35,Resident35 Last35,5476
2025-01-16,2,Meadowbrook Senior Living,P2-U13,36,Resident36 Last36,4795
2025-01-16,2,Meadowbrook Senior Living,P2-U14,37,Resident37 Last37,6972
2025-01-16,2,Meadowbrook Senior Living,P2-U15,,,0
2025-01-16,2,Meadowbrook Senior Living,P2-U16,38,Resident38 Last38,6144
2025-01-16,2,Meadowbrook Senior Living,P2-U17,39,Resident39 Last39,3646
2025-01-16,2,Meadowbrook Senior Living,P2-U18,40,Resident40 Last40,6397
2025-01-16,2,Meadowbrook Senior Living,P2-U19,,,0
2025-01-16,2,Meadowbrook Senior Living,P2-U20,41,Resident41 Last41,3058
2025-01-16,2,Meadowbrook Senior Living,P2-U21,42,Resident42 Last42,4782
2025-01-16,2,Meadowbrook Senior Living,P2-U22,43,Resident43 Last43,5894
2025-01-16,2,Meadowbrook Senior Living,P2-U23,,,0
2025-01-16,2,Meadowbrook Senior Living,P2-U24,44,Resident44 Last44,7471
2025-01-16,2,Meadowbrook Senior Living,P2-U25,,,0
2025-01-16,2,Meadowbrook Senior Living,P2-U26,,,0
2025-01-16,2,Meadowbrook Senior Living,P2-U27,,,0
2025-01-16,2,Meadowbrook Senior Living,P2-U28,,,0
2025-01-16,2,Meadowbrook Senior Living,P2-U29,,,0
2025-01-16,2,Meadowbrook Senior Living,P2-U30,,,0
2025-01-16,2,Meadowbrook Senior Living,P2-U31,,,0
2025-01-16,2,Meadowbrook Senior Living,P2-U32,,,0
2025-01-16,2,Meadowbrook Senior Living,P2-U33,,,0
2025-01-16,2,Meadowbrook Senior Living,P2-U34,,,0
2025-01-16,2,Meadowbrook Senior Living,P2-U35,,,0
2025-01-16,2,Meadowbrook Senior Living,P2-U36,,,0
2025-01-16,2,Meadowbrook Senior Living,P2-U37,47,Resident47 Last47,5894
2025-01-16,2,Meadowbrook Senior Living,P2-U38,48,Resident48 Last48,3847
2025-01-16,2,Meadowbrook Senior Living,P2-U39,49,Resident49 Last49,3512
2025-01-16,2,Meadowbrook Senior Living,P2-U40,50,Resident50 Last50,5383
2025-01-16,2,Meadowbrook Senior Living,P2-U41,,,0
2025-01-16,2,Meadowbrook Senior Living,P2-U42,51,Resident51 Last51,6956
2025-01-16,2,Meadowbrook Senior Living,P2-U43,,,0
2025-01-16,2,Meadowbrook Senior Living,P2-U44,53,Resident53 Last53,6044
2025-01-16,2,Meadowbrook Senior Living,P2-U45,,,0
2025-01-16,2,Meadowbrook Senior Living,P2-U46,54,Resident54 Last54,4954
2025-01-16,2,Meadowbrook Senior Living,P2-U47,55,Resident55 Last55,7311
2025-01-16,2,Meadowbrook Senior Living,P2-U48,56,Resident56 Last56,3751
2025-01-16,2,Meadowbrook Senior Living,P2-U49,57,Resident57 Last57,3429
2025-01-16,2,Meadowbrook Senior Living,P2-U50,,,0
2025-01-16,3,Riverside Retirement Community,P3-U01,58,Resident58 Last58,6334
2025-01-16,3,Riverside Retirement Community,P3-U02,,,0
2025-01-16,3,Riverside Retirement Community,P3-U03,,,0
2025-01-16,3,Riverside Retirement Community,P3-U04,,,0
2025-01-16,3,Riverside Retirement Community,P3-U05,,,0
2025-01-16,3,Riverside Retirement Community,P3-U06,60,Resident60 Last60,4602
2025-01-16,3,Riverside Retirement Community,P3-U07,61,Resident61 Last61,3142
2025-01-16,3,Riverside Retirement Community,P3-U08,62,Resident62 Last62,5599
2025-01-16,3,Riverside Retirement Community,P3-U09,63,Resident63 Last63,4741
2025-01-16,3,Riverside Retirement Community,P3-U10,,,0
2025-01-16,3,Riverside Retirement Community,P3-U11,96,Resident96 Last96,3484
2025-01-16,3,Riverside Retirement Community,P3-U12,,,0
2025-01-16,3,Riverside Retirement Community,P3-U13,,,0
2025-01-16,3,Riverside Retirement Community,P3-U14,64,Resident64 Last64,4016
2025-01-16,3,Riverside Retirement Community,P3-U15,65,Resident65 Last65,5094
2025-01-16,3,Riverside Retirement Community,P3-U16,66,Resident66 Last66,7369
2025-01-16,3,Riverside Retirement Community,P3-U17,67,Resident67 Last67,5257
2025-01-16,3,Riverside Retirement Community,P3-U18,,,0
2025-01-16,3,Riverside Retirement Community,P3-U19,,,0
2025-01-16,3,Riverside Retirement Community,P3-U20,,,0
2025-01-16,3,Riverside Retirement Community,P3-U21,,,0
2025-01-16,3,Riverside Retirement Community,P3-U22,71,Resident71 Last71,3684
2025-01-16,3,Riverside Retirement Community,P3-U23,72,Resident72 Last72,3763
2025-01-16,3,Riverside Retirement Community,P3-U24,73,Resident73 Last73,3612
2025-01-16,3,Riverside Retirement Community,P3-U25,74,Resident74 Last74,6679
2025-01-16,3,Riverside Retirement Community,P3-U26,,,0
2025-01-16,3,Riverside Retirement Community,P3-U27,,,0
2025-01-16,3,Riverside Retirement Community,P3-U28,,,0
2025-01-16,3,Riverside Retirement Community,P3-U29,,,0
2025-01-16,3,Riverside Retirement Community,P3-U30,,,0
2025-01-16,3,Riverside Retirement Community,P3-U31,,,0
2025-01-16,3,Riverside Retirement Community,P3-U32,75,Resident75 Last75,6998
2025-01-16,3,Riverside Retirement Community,P3-U33,,,0
2025-01-16,3,Riverside Retirement Community,P3-U34,77,Resident77 Last77,4456
2025-01-16,3,Riverside Retirement Community,P3-U35,,,0
2025-01-16,3,Riverside Retirement Community,P3-U36,78,Resident78 Last78,6502
2025-01-16,3,Riverside Retirement Community,P3-U37,,,0
2025-01-16,3,Riverside Retirement Community,P3-U38,79,Resident79 Last79,7014
2025-01-16,3,Riverside Retirement Community,P3-U39,80,Resident80 Last80,4317
2025-01-16,3,Riverside Retirement Community,P3-U40,81,Resident81 Last81,5835
2025-01-16,3,Riverside Retirement Community,P3-U41,82,Resident82 Last82,3465
2025-01-16,3,Riverside Retirement Community,P3-U42,83,Resident83 Last83,4381
2025-01-16,3,Riverside Retirement Community,P3-U43,,,0
2025-01-16,3,Riverside Retirement Community,P3-U44,84,Resident84 Last84,6325
2025-01-16,3,Riverside Retirement Community,P3-U45,,,0
2025-01-16,3,Riverside Retirement Community,P3-U46,,,0
2025-01-16,3,Riverside Retirement Community,P3-U47,85,Resident85 Last85,6135
2025-01-16,3,Riverside Retirement Community,P3-U48,86,Resident86 Last86,4208
2025-01-16,3,Riverside Retirement Community,P3-U49,87,Resident87 Last87,4723
2025-01-16,3,Riverside Retirement Community,P3-U50,88,Resident88 Last88,3664
2025-01-17,1,Sunset Gardens,P1-U01,,,0
2025-01-17,1,Sunset Gardens,P1-U02,1,Resident1 Last1,4103
2025-01-17,1,Sunset Gardens,P1-U03,2,Resident2 Last2,4626
2025-01-17,1,Sunset Gardens,P1-U04,,,0
2025-01-17,1,Sunset Gardens,P1-U05,4,Resident4 Last4,4469
2025-01-17,1,Sunset Gardens,P1-U06,,,0
2025-01-17,1,Sunset Gardens,P1-U07,5,Resident5 Last5,6368
2025-01-17,1,Sunset Gardens,P1-U08,6,Resident6 Last6,4726
2025-01-17,1,Sunset Gardens,P1-U09,,,0
2025-01-17,1,Sunset Gardens,P1-U10,8,Resident8 Last8,5207
2025-01-17,1,Sunset Gardens,P1-U11,9,Resident9 Last9,6915
2025-01-17,1,Sunset Gardens,P1-U12,,,0
2025-01-17,1,Sunset Gardens,P1-U13,11,Resident11 Last11,4505
2025-01-17,1,Sunset Gardens,P1-U14,12,Resident12 Last12,6471
2025-01-17,1,Sunset Gardens,P1-U15,,,0
2025-01-17,1,Sunset Gardens,P1-U16,,,0
2025-01-17,1,Sunset Gardens,P1-U17,,,0
2025-01-17,1,Sunset Gardens,P1-U18,13,Resident13 Last13,3438
2025-01-17,1,Sunset Gardens,P1-U19,14,Resident14 Last14,5725
2025-01-17,1,Sunset Gardens,P1-U20,,,0
2025-01-17,1,Sunset Gardens,P1-U21,15,Resident15 Last15,7434
2025-01-17,1,Sunset Gardens,P1-U22,,,0
2025-01-17,1,Sunset Gardens,P1-U23,,,0
2025-01-17,1,Sunset Gardens,P1-U24,89,Resident89 Last89,4218
2025-01-17,1,Sunset Gardens,P1-U25,,,0
2025-01-17,1,Sunset Gardens,P1-U26,16,Resident16 Last16,6062
2025-01-17,1,Sunset Gardens,P1-U27,,,0
2025-01-17,1,Sunset Gardens,P1-U28,17,Resident17 Last17,4390
2025-01-17,1,Sunset Gardens,P1-U29,18,Resident18 Last18,3165
2025-01-17,1,Sunset Gardens,P1-U30,91,Resident91 Last91,6743
2025-01-17,1,Sunset Gardens,P1-U31,19,Resident19 Last19,3698
2025-01-17,1,Sunset Gardens,P1-U32,,,0
2025-01-17,1,Sunset Gardens,P1-U33,,,0
2025-01-17,1,Sunset Gardens,P1-U34,97,Resident97 Last97,3693
2025-01-17,1,Sunset Gardens,P1-U35,,,0
2025-01-17,1,Sunset Gardens,P1-U36,,,0
2025-01-17,1,Sunset Gardens,P1-U37,23,Resident23 Last23,6826
2025-01-17,1,Sunset Gardens,P1-U38,24,Resident24 Last24,5319
2025-01-17,1,Sunset Gardens,P1-U39,,,0
2025-01-17,1,Sunset Gardens,P1-U40,25,Resident25 Last25,3203
2025-01-17,1,Sunset Gardens,P1-U41,,,0
2025-01-17,1,Sunset Gardens,P1-U42,,,0
2025-01-17,1,Sunset Gardens,P1-U43,,,0
2025-01-17,1,Sunset Gardens,P1-U44,26,Resident26 Last26,4150
2025-01-17,1,Sunset Gardens,P1-U45,27,Resident27 Last27,3659
2025-01-17,1,Sunset Gardens,P1-U46,28,Resident28 Last28,4656
2025-01-17,1,Sunset Gardens,P1-U47,,,0
2025-01-17,1,Sunset Gardens,P1-U48,92,Resident92 Last92,7230
2025-01-17,1,Sunset Gardens,P1-U49,29,Resident29 Last29,4138
2025-01-17,1,Sunset Gardens,P1-U50,30,Resident30 Last30,6031
2025-01-17,2,Meadowbrook Senior Living,P2-U01,99,Resident99 Last99,6317
2025-01-17,2,Meadowbrook Senior Living,P2-U02,31,Resident31 Last31,3643
2025-01-17,2,Meadowbrook Senior Living,P2-U03,,,0
2025-01-17,2,Meadowbrook Senior Living,P2-U04,,,0
2025-01-17,2,Meadowbrook Senior Living,P2-U05,32,Resident32 Last32,5524
2025-01-17,2,Meadowbrook Senior Living,P2-U06,,,0
2025-01-17,2,Meadowbrook Senior Living,P2-U07,98,Resident98 Last98,5808
2025-01-17,2,Meadowbrook Senior Living,P2-U08,33,Resident33 Last33,7164
2025-01-17,2,Meadowbrook Senior Living,P2-U09,34,Resident34 Last34,6565
2025-01-17,2,Meadowbrook Senior Living,P2-U10,,,0
2025-01-17,2,Meadowbrook Senior Living,P2-U11,,,0
2025-01-17,2,Meadowbrook Senior Living,P2-U12,35,Resident35 Last35,5476
2025-01-17,2,Meadowbrook Senior Living,P2-U13,36,Resident36 Last36,4795
2025-01-17,2,Meadowbrook Senior Living,P2-U14,37,Resident37 Last37,6972
2025-01-17,2,Meadowbrook Senior Living,P2-U15,,,0
2025-01-17,2,Meadowbrook Senior Living,P2-U16,38,Resident38 Last38,6144
2025-01-17,2,Meadowbrook Senior Living,P2-U17,39,Resident39 Last39,3646
2025-01-17,2,Meadowbrook Senior Living,P2-U18,40,Resident40 Last40,6397
2025-01-17,2,Meadowbrook Senior Living,P2-U19,,,0
2025-01-17,2,Meadowbrook Senior Living,P2-U20,41,Resident41 Last41,3058
2025-01-17,2,Meadowbrook Senior Living,P2-U21,42,Resident42 Last42,4782
2025-01-17,2,Meadowbrook Senior Living,P2-U22,43,Resident43 Last43,5894
2025-01-17,2,Meadowbrook Senior Living,P2-U23,,,0
2025-01-17,2,Meadowbrook Senior Living,P2-U24,44,Resident44 Last44,7471
2025-01-17,2,Meadowbrook Senior Living,P2-U25,,,0
2025-01-17,2,Meadowbrook Senior Living,P2-U26,,,0
2025-01-17,2,Meadowbrook Senior Living,P2-U27,,,0
2025-01-17,2,Meadowbrook Senior Living,P2-U28,,,0
2025-01-17,2,Meadowbrook Senior Living,P2-U29,,,0
2025-01-17,2,Meadowbrook Senior Living,P2-U30,,,0
2025-01-17,2,Meadowbrook Senior Living,P2-U31,,,0
2025-01-17,2,Meadowbrook Senior Living,P2-U32,,,0
2025-01-17,2,Meadowbrook Senior Living,P2-U33,,,0
2025-01-17,2,Meadowbrook Senior Living,P2-U34,,,0
2025-01-17,2,Meadowbrook Senior Living,P2-U35,,,0
2025-01-17,2,Meadowbrook Senior Living,P2-U36,,,0
2025-01-17,2,Meadowbrook Senior Living,P2-U37,47,Resident47 Last47,5894
2025-01-17,2,Meadowbrook Senior Living,P2-U38,48,Resident48 Last48,3847
2025-01-17,2,Meadowbrook Senior Living,P2-U39,49,Resident49 Last49,3512
2025-01-17,2,Meadowbrook Senior Living,P2-U40,50,Resident50 Last50,5383
2025-01-17,2,Meadowbrook Senior Living,P2-U41,,,0
2025-01-17,2,Meadowbrook Senior Living,P2-U42,51,Resident51 Last51,6956
2025-01-17,2,Meadowbrook Senior Living,P2-U43,,,0
2025-01-17,2,Meadowbrook Senior Living,P2-U44,53,Resident53 Last53,6044
2025-01-17,2,Meadowbrook Senior Living,P2-U45,,,0
2025-01-17,2,Meadowbrook Senior Living,P2-U46,54,Resident54 Last54,4954
2025-01-17,2,Meadowbrook Senior Living,P2-U47,55,Resident55 Last55,7311
2025-01-17,2,Meadowbrook Senior Living,P2-U48,56,Resident56 Last56,3751
2025-01-17,2,Meadowbrook Senior Living,P2-U49,57,Resident57 Last57,3429
2025-01-17,2,Meadowbrook Senior Living,P2-U50,,,0
2025-01-17,3,Riverside Retirement Community,P3-U01,58,Resident58 Last58,6334
2025-01-17,3,Riverside Retirement Community,P3-U02,,,0
2025-01-17,3,Riverside Retirement Community,P3-U03,,,0
2025-01-17,3,Riverside Retirement Community,P3-U04,,,0
2025-01-17,3,Riverside Retirement Community,P3-U05,,,0
2025-01-17,3,Riverside Retirement Community,P3-U06,60,Resident60 Last60,4602
2025-01-17,3,Riverside Retirement Community,P3-U07,61,Resident61 Last61,3142
2025-01-17,3,Riverside Retirement Community,P3-U08,62,Resident62 Last62,5599
2025-01-17,3,Riverside Retirement Community,P3-U09,63,Resident63 Last63,4741
2025-01-17,3,Riverside Retirement Community,P3-U10,,,0
2025-01-17,3,Riverside Retirement Community,P3-U11,96,Resident96 Last96,3484
2025-01-17,3,Riverside Retirement Community,P3-U12,,,0
2025-01-17,3,Riverside Retirement Community,P3-U13,,,0
2025-01-17,3,Riverside Retirement Community,P3-U14,64,Resident64 Last64,4016
2025-01-17,3,Riverside Retirement Community,P3-U15,65,Resident65 Last65,5094
2025-01-17,3,Riverside Retirement Community,P3-U16,66,Resident66 Last66,7369
2025-01-17,3,Riverside Retirement Community,P3-U17,67,Resident67 Last67,5257
2025-01-17,3,Riverside Retirement Community,P3-U18,,,0
2025-01-17,3,Riverside Retirement Community,P3-U19,,,0
2025-01-17,3,Riverside Retirement Community,P3-U20,,,0
2025-01-17,3,Riverside Retirement Community,P3-U21,,,0
2025-01-17,3,Riverside Retirement Community,P3-U22,71,Resident71 Last71,3684
2025-01-17,3,Riverside Retirement Community,P3-U23,72,Resident72 Last72,3763
2025-01-17,3,Riverside Retirement Community,P3-U24,73,Resident73 Last73,3612
2025-01-17,3,Riverside Retirement Community,P3-U25,74,Resident74 Last74,6679
2025-01-17,3,Riverside Retirement Community,P3-U26,,,0
2025-01-17,3,Riverside Retirement Community,P3-U27,,,0
2025-01-17,3,Riverside Retirement Community,P3-U28,,,0
2025-01-17,3,Riverside Retirement Community,P3-U29,,,0
2025-01-17,3,Riverside Retirement Community,P3-U30,,,0
2025-01-17,3,Riverside Retirement Community,P3-U31,,,0
2025-01-17,3,Riverside Retirement Community,P3-U32,75,Resident75 Last75,6998
2025-01-17,3,Riverside Retirement Community,P3-U33,,,0
2025-01-17,3,Riverside Retirement Community,P3-U34,77,Resident77 Last77,4456
2025-01-17,3,Riverside Retirement Community,P3-U35,,,0
2025-01-17,3,Riverside Retirement Community,P3-U36,78,Resident78 Last78,6502
2025-01-17,3,Riverside Retirement Community,P3-U37,,,0
2025-01-17,3,Riverside Retirement Community,P3-U38,79,Resident79 Last79,7014
2025-01-17,3,Riverside Retirement Community,P3-U39,80,Resident80 Last80,4317
2025-01-17,3,Riverside Retirement Community,P3-U40,81,Resident81 Last81,5835
2025-01-17,3,Riverside Retirement Community,P3-U41,82,Resident82 Last82,3465
2025-01-17,3,Riverside Retirement Community,P3-U42,83,Resident83 Last83,4381
2025-01-17,3,Riverside Retirement Community,P3-U43,,,0
2025-01-17,3,Riverside Retirement Community,P3-U44,84,Resident84 Last84,6325
2025-01-17,3,Riverside Retirement Community,P3-U45,,,0
2025-01-17,3,Riverside Retirement Community,P3-U46,,,0
2025-01-17,3,Riverside Retirement Community,P3-U47,85,Resident85 Last85,6135
2025-01-17,3,Riverside Retirement Community,P3-U48,86,Resident86 Last86,4208
2025-01-17,3,Riverside Retirement Community,P3-U49,87,Resident87 Last87,4723
2025-01-17,3,Riverside Retirement Community,P3-U50,88,Resident88 Last88,3664
2025-01-18,1,Sunset Gardens,P1-U01,,,0
2025-01-18,1,Sunset Gardens,P1-U02,1,Resident1 Last1,4103
2025-01-18,1,Sunset Gardens,P1-U03,2,Resident2 Last2,4626
2025-01-18,1,Sunset Gardens,P1-U04,,,0
2025-01-18,1,Sunset Gardens,P1-U05,4,Resident4 Last4,4469
2025-01-18,1,Sunset Gardens,P1-U06,,,0
2025-01-18,1,Sunset Gardens,P1-U07,5,Resident5 Last5,6368
2025-01-18,1,Sunset Gardens,P1-U08,6,Resident6 Last6,4726
2025-01-18,1,Sunset Gardens,P1-U09,,,0
2025-01-18,1,Sunset Gardens,P1-U10,8,Resident8 Last8,5207
2025-01-18,1,Sunset Gardens,P1-U11,9,Resident9 Last9,6915
2025-01-18,1,Sunset Gardens,P1-U12,,,0
2025-01-18,1,Sunset Gardens,P1-U13,11,Resident11 Last11,4505
2025-01-18,1,Sunset Gardens,P1-U14,12,Resident12 Last12,6471
2025-01-18,1,Sunset Gardens,P1-U15,,,0
2025-01-18,1,Sunset Gardens,P1-U16,,,0
2025-01-18,1,Sunset Gardens,P1-U17,,,0
2025-01-18,1,Sunset Gardens,P1-U18,13,Resident13 Last13,3438
2025-01-18,1,Sunset Gardens,P1-U19,14,Resident14 Last14,5725
2025-01-18,1,Sunset Gardens,P1-U20,,,0
2025-01-18,1,Sunset Gardens,P1-U21,15,Resident15 Last15,7434
2025-01-18,1,Sunset Gardens,P1-U22,,,0
2025-01-18,1,Sunset Gardens,P1-U23,,,0
2025-01-18,1,Sunset Gardens,P1-U24,89,Resident89 Last89,4218
2025-01-18,1,Sunset Gardens,P1-U25,,,0
2025-01-18,1,Sunset Gardens,P1-U26,16,Resident16 Last16,6062
2025-01-18,1,Sunset Gardens,P1-U27,,,0
2025-01-18,1,Sunset Gardens,P1-U28,17,Resident17 Last17,4390
2025-01-18,1,Sunset Gardens,P1-U29,18,Resident18 Last18,3165
2025-01-18,1,Sunset Gardens,P1-U30,91,Resident91 Last91,6743
2025-01-18,1,Sunset Gardens,P1-U31,19,Resident19 Last19,3698
2025-01-18,1,Sunset Gardens,P1-U32,,,0
2025-01-18,1,Sunset Gardens,P1-U33,,,0
2025-01-18,1,Sunset Gardens,P1-U34,97,Resident97 Last97,3693
2025-01-18,1,Sunset Gardens,P1-U35,,,0
2025-01-18,1,Sunset Gardens,P1-U36,,,0
2025-01-18,1,Sunset Gardens,P1-U37,23,Resident23 Last23,6826
2025-01-18,1,Sunset Gardens,P1-U38,24,Resident24 Last24,5319
2025-01-18,1,Sunset Gardens,P1-U39,,,0
2025-01-18,1,Sunset Gardens,P1-U40,25,Resident25 Last25,3203
2025-01-18,1,Sunset Gardens,P1-U41,,,0
2025-01-18,1,Sunset Gardens,P1-U42,,,0
2025-01-18,1,Sunset Gardens,P1-U43,,,0
2025-01-18,1,Sunset Gardens,P1-U44,26,Resident26 Last26,4150
2025-01-18,1,Sunset Gardens,P1-U45,27,Resident27 Last27,3792
2025-01-18,1,Sunset Gardens,P1-U46,28,Resident28 Last28,4656
2025-01-18,1,Sunset Gardens,P1-U47,,,0
2025-01-18,1,Sunset Gardens,P1-U48,92,Resident92 Last92,7230
2025-01-18,1,Sunset Gardens,P1-U49,29,Resident29 Last29,4138
2025-01-18,1,Sunset Gardens,P1-U50,30,Resident30 Last30,6031
2025-01-18,2,Meadowbrook Senior Living,P2-U01,99,Resident99 Last99,6317
2025-01-18,2,Meadowbrook Senior Living,P2-U02,31,Resident31 Last31,3643
2025-01-18,2,Meadowbrook Senior Living,P2-U03,,,0
2025-01-18,2,Meadowbrook Senior Living,P2-U04,,,0
2025-01-18,2,Meadowbrook Senior Living,P2-U05,32,Resident32 Last32,5524
2025-01-18,2,Meadowbrook Senior Living,P2-U06,,,0
2025-01-18,2,Meadowbrook Senior Living,P2-U07,98,Resident98 Last98,5808
2025-01-18,2,Meadowbrook Senior Living,P2-U08,33,Resident33 Last33,7164
2025-01-18,2,Meadowbrook Senior Living,P2-U09,34,Resident34 Last34,6565
2025-01-18,2,Meadowbrook Senior Living,P2-U10,,,0
2025-01-18,2,Meadowbrook Senior Living,P2-U11,,,0
2025-01-18,2,Meadowbrook Senior Living,P2-U12,35,Resident35 Last35,5476
2025-01-18,2,Meadowbrook Senior Living,P2-U13,36,Resident36 Last36,4795
2025-01-18,2,Meadowbrook Senior Living,P2-U14,37,Resident37 Last37,6972
2025-01-18,2,Meadowbrook Senior Living,P2-U15,,,0
2025-01-18,2,Meadowbrook Senior Living,P2-U16,38,Resident38 Last38,6144
2025-01-18,2,Meadowbrook Senior Living,P2-U17,39,Resident39 Last39,3646
2025-01-18,2,Meadowbrook Senior Living,P2-U18,40,Resident40 Last40,6397
2025-01-18,2,Meadowbrook Senior Living,P2-U19,,,0
2025-01-18,2,Meadowbrook Senior Living,P2-U20,41,Resident41 Last41,3058
2025-01-18,2,Meadowbrook Senior Living,P2-U21,42,Resident42 Last42,4782
2025-01-18,2,Meadowbrook Senior Living,P2-U22,43,Resident43 Last43,5894
2025-01-18,2,Meadowbrook Senior Living,P2-U23,,,0
2025-01-18,2,Meadowbrook Senior Living,P2-U24,44,Resident44 Last44,7471
2025-01-18,2,Meadowbrook Senior Living,P2-U25,,,0
2025-01-18,2,Meadowbrook Senior Living,P2-U26,,,0
2025-01-18,2,Meadowbrook Senior Living,P2-U27,,,0
2025-01-18,2,Meadowbrook Senior Living,P2-U28,,,0
2025-01-18,2,Meadowbrook Senior Living,P2-U29,,,0
2025-01-18,2,Meadowbrook Senior Living,P2-U30,,,0
2025-01-18,2,Meadowbrook Senior Living,P2-U31,,,0
2025-01-18,2,Meadowbrook Senior Living,P2-U32,,,0
2025-01-18,2,Meadowbrook Senior Living,P2-U33,,,0
2025-01-18,2,Meadowbrook Senior Living,P2-U34,,,0
2025-01-18,2,Meadowbrook Senior Living,P2-U35,,,0
2025-01-18,2,Meadowbrook Senior Living,P2-U36,,,0
2025-01-18,2,Meadowbrook Senior Living,P2-U37,47,Resident47 Last47,5894
2025-01-18,2,Meadowbrook Senior Living,P2-U38,48,Resident48 Last48,3847
2025-01-18,2,Meadowbrook Senior Living,P2-U39,49,Resident49 Last49,3512
2025-01-18,2,Meadowbrook Senior Living,P2-U40,50,Resident50 Last50,5383
2025-01-18,2,Meadowbrook Senior Living,P2-U41,,,0
2025-01-18,2,Meadowbrook Senior Living,P2-U42,51,Resident51 Last51,6956
2025-01-18,2,Meadowbrook Senior Living,P2-U43,,,0
2025-01-18,2,Meadowbrook Senior Living,P2-U44,53,Resident53 Last53,6044
2025-01-18,2,Meadowbrook Senior Living,P2-U45,,,0
2025-01-18,2,Meadowbrook Senior Living,P2-U46,54,Resident54 Last54,4954
2025-01-18,2,Meadowbrook Senior Living,P2-U47,55,Resident55 Last55,7311
2025-01-18,2,Meadowbrook Senior Living,P2-U48,56,Resident56 Last56,3751
2025-01-18,2,Meadowbrook Senior Living,P2-U49,57,Resident57 Last57,3429
2025-01-18,2,Meadowbrook Senior Living,P2-U50,,,0
2025-01-18,3,Riverside Retirement Community,P3-U01,58,Resident58 Last58,6334
2025-01-18,3,Riverside Retirement Community,P3-U02,,,0
2025-01-18,3,Riverside Retirement Community,P3-U03,,,0
2025-01-18,3,Riverside Retirement Community,P3-U04,,,0
2025-01-18,3,Riverside Retirement Community,P3-U05,,,0
2025-01-18,3,Riverside Retirement Community,P3-U06,60,Resident60 Last60,4602
2025-01-18,3,Riverside Retirement Community,P3-U07,61,Resident61 Last61,3142
2025-01-18,3,Riverside Retirement Community,P3-U08,62,Resident62 Last62,5599
2025-01-18,3,Riverside Retirement Community,P3-U09,63,Resident63 Last63,4741
2025-01-18,3,Riverside Retirement Community,P3-U10,,,0
2025-01-18,3,Riverside Retirement Community,P3-U11,96,Resident96 Last96,3484
2025-01-18,3,Riverside Retirement Community,P3-U12,,,0
2025-01-18,3,Riverside Retirement Community,P3-U13,,,0
2025-01-18,3,Riverside Retirement Community,P3-U14,64,Resident64 Last64,4016
2025-01-18,3,Riverside Retirement Community,P3-U15,65,Resident65 Last65,5094
2025-01-18,3,Riverside Retirement Community,P3-U16,66,Resident66 Last66,7369
2025-01-18,3,Riverside Retirement Community,P3-U17,67,Resident67 Last67,5257
2025-01-18,3,Riverside Retirement Community,P3-U18,,,0
2025-01-18,3,Riverside Retirement Community,P3-U19,,,0
2025-01-18,3,Riverside Retirement Community,P3-U20,,,0
2025-01-18,3,Riverside Retirement Community,P3-U21,,,0
2025-01-18,3,Riverside Retirement Community,P3-U22,71,Resident71 Last71,3684
2025-01-18,3,Riverside Retirement Community,P3-U23,72,Resident72 Last72,3763
2025-01-18,3,Riverside Retirement Community,P3-U24,73,Resident73 Last73,3612
2025-01-18,3,Riverside Retirement Community,P3-U25,74,Resident74 Last74,6679
2025-01-18,3,Riverside Retirement Community,P3-U26,,,0
2025-01-18,3,Riverside Retirement Community,P3-U27,,,0
2025-01-18,3,Riverside Retirement Community,P3-U28,,,0
2025-01-18,3,Riverside Retirement Community,P3-U29,,,0
2025-01-18,3,Riverside Retirement Community,P3-U30,,,0
2025-01-18,3,Riverside Retirement Community,P3-U31,,,0
2025-01-18,3,Riverside Retirement Community,P3-U32,75,Resident75 Last75,6998
2025-01-18,3,Riverside Retirement Community,P3-U33,,,0
2025-01-18,3,Riverside Retirement Community,P3-U34,77,Resident77 Last77,4456
2025-01-18,3,Riverside Retirement Community,P3-U35,,,0
2025-01-18,3,Riverside Retirement Community,P3-U36,78,Resident78 Last78,6502
2025-01-18,3,Riverside Retirement Community,P3-U37,,,0
2025-01-18,3,Riverside Retirement Community,P3-U38,79,Resident79 Last79,7014
2025-01-18,3,Riverside Retirement Community,P3-U39,80,Resident80 Last80,4317
2025-01-18,3,Riverside Retirement Community,P3-U40,81,Resident81 Last81,5835
2025-01-18,3,Riverside Retirement Community,P3-U41,82,Resident82 Last82,3465
2025-01-18,3,Riverside Retirement Community,P3-U42,83,Resident83 Last83,4381
2025-01-18,3,Riverside Retirement Community,P3-U43,,,0
2025-01-18,3,Riverside Retirement Community,P3-U44,84,Resident84 Last84,6325
2025-01-18,3,Riverside Retirement Community,P3-U45,,,0
2025-01-18,3,Riverside Retirement Community,P3-U46,,,0
2025-01-18,3,Riverside Retirement Community,P3-U47,85,Resident85 Last85,6135
2025-01-18,3,Riverside Retirement Community,P3-U48,86,Resident86 Last86,4208
2025-01-18,3,Riverside Retirement Community,P3-U49,87,Resident87 Last87,4723
2025-01-18,3,Riverside Retirement Community,P3-U50,88,Resident88 Last88,3664
2025-01-19,1,Sunset Gardens,P1-U01,,,0
2025-01-19,1,Sunset Gardens,P1-U02,1,Resident1 Last1,4103
2025-01-19,1,Sunset Gardens,P1-U03,2,Resident2 Last2,4626
2025-01-19,1,Sunset Gardens,P1-U04,,,0
2025-01-19,1,Sunset Gardens,P1-U05,4,Resident4 Last4,4469
2025-01-19,1,Sunset Gardens,P1-U06,,,0
2025-01-19,1,Sunset Gardens,P1-U07,5,Resident5 Last5,6368
2025-01-19,1,Sunset Gardens,P1-U08,6,Resident6 Last6,4726
2025-01-19,1,Sunset Gardens,P1-U09,,,0
2025-01-19,1,Sunset Gardens,P1-U10,8,Resident8 Last8,5207
2025-01-19,1,Sunset Gardens,P1-U11,9,Resident9 Last9,6915
2025-01-19,1,Sunset Gardens,P1-U12,,,0
2025-01-19,1,Sunset Gardens,P1-U13,11,Resident11 Last11,4505
2025-01-19,1,Sunset Gardens,P1-U14,12,Resident12 Last12,6471
2025-01-19,1,Sunset Gardens,P1-U15,,,0
2025-01-19,1,Sunset Gardens,P1-U16,,,0
2025-01-19,1,Sunset Gardens,P1-U17,,,0
2025-01-19,1,Sunset Gardens,P1-U18,13,Resident13 Last13,3438
2025-01-19,1,Sunset Gardens,P1-U19,14,Resident14 Last14,5725
2025-01-19,1,Sunset Gardens,P1-U20,,,0
2025-01-19,1,Sunset Gardens,P1-U21,15,Resident15 Last15,7434
2025-01-19,1,Sunset Gardens,P1-U22,,,0
2025-01-19,1,Sunset Gardens,P1-U23,,,0
2025-01-19,1,Sunset Gardens,P1-U24,89,Resident89 Last89,4218
2025-01-19,1,Sunset Gardens,P1-U25,,,0
2025-01-19,1,Sunset Gardens,P1-U26,16,Resident16 Last16,6062
2025-01-19,1,Sunset Gardens,P1-U27,,,0
2025-01-19,1,Sunset Gardens,P1-U28,17,Resident17 Last17,4390
2025-01-19,1,Sunset Gardens,P1-U29,18,Resident18 Last18,3165
2025-01-19,1,Sunset Gardens,P1-U30,91,Resident91 Last91,6743
2025-01-19,1,Sunset Gardens,P1-U31,19,Resident19 Last19,3698
2025-01-19,1,Sunset Gardens,P1-U32,,,0
2025-01-19,1,Sunset Gardens,P1-U33,,,0
2025-01-19,1,Sunset Gardens,P1-U34,97,Resident97 Last97,3693
2025-01-19,1,Sunset Gardens,P1-U35,,,0
2025-01-19,1,Sunset Gardens,P1-U36,,,0
2025-01-19,1,Sunset Gardens,P1-U37,23,Resident23 Last23,6826
2025-01-19,1,Sunset Gardens,P1-U38,24,Resident24 Last24,5319
2025-01-19,1,Sunset Gardens,P1-U39,,,0
2025-01-19,1,Sunset Gardens,P1-U40,25,Resident25 Last25,3203
2025-01-19,1,Sunset Gardens,P1-U41,,,0
2025-01-19,1,Sunset Gardens,P1-U42,,,0
2025-01-19,1,Sunset Gardens,P1-U43,,,0
2025-01-19,1,Sunset Gardens,P1-U44,26,Resident26 Last26,4150
2025-01-19,1,Sunset Gardens,P1-U45,27,Resident27 Last27,3792
2025-01-19,1,Sunset Gardens,P1-U46,28,Resident28 Last28,4656
2025-01-19,1,Sunset Gardens,P1-U47,,,0
2025-01-19,1,Sunset Gardens,P1-U48,92,Resident92 Last92,7230
2025-01-19,1,Sunset Gardens,P1-U49,29,Resident29 Last29,4138
2025-01-19,1,Sunset Gardens,P1-U50,30,Resident30 Last30,6031
2025-01-19,2,Meadowbrook Senior Living,P2-U01,99,Resident99 Last99,6317
2025-01-19,2,Meadowbrook Senior Living,P2-U02,31,Resident31 Last31,3643
2025-01-19,2,Meadowbrook Senior Living,P2-U03,,,0
2025-01-19,2,Meadowbrook Senior Living,P2-U04,,,0
2025-01-19,2,Meadowbrook Senior Living,P2-U05,32,Resident32 Last32,5524
2025-01-19,2,Meadowbrook Senior Living,P2-U06,,,0
2025-01-19,2,Meadowbrook Senior Living,P2-U07,98,Resident98 Last98,5808
2025-01-19,2,Meadowbrook Senior Living,P2-U08,33,Resident33 Last33,7164
2025-01-19,2,Meadowbrook Senior Living,P2-U09,34,Resident34 Last34,6565
2025-01-19,2,Meadowbrook Senior Living,P2-U10,,,0
2025-01-19,2,Meadowbrook Senior Living,P2-U11,,,0
2025-01-19,2,Meadowbrook Senior Living,P2-U12,35,Resident35 Last35,5476
2025-01-19,2,Meadowbrook Senior Living,P2-U13,36,Resident36 Last36,4795
2025-01-19,2,Meadowbrook Senior Living,P2-U14,37,Resident37 Last37,6972
2025-01-19,2,Meadowbrook Senior Living,P2-U15,,,0
2025-01-19,2,Meadowbrook Senior Living,P2-U16,38,Resident38 Last38,6144
2025-01-19,2,Meadowbrook Senior Living,P2-U17,39,Resident39 Last39,3646
2025-01-19,2,Meadowbrook Senior Living,P2-U18,40,Resident40 Last40,6397
2025-01-19,2,Meadowbrook Senior Living,P2-U19,,,0
2025-01-19,2,Meadowbrook Senior Living,P2-U20,41,Resident41 Last41,3058
2025-01-19,2,Meadowbrook Senior Living,P2-U21,42,Resident42 Last42,4782
2025-01-19,2,Meadowbrook Senior Living,P2-U22,43,Resident43 Last43,5894
2025-01-19,2,Meadowbrook Senior Living,P2-U23,,,0
2025-01-19,2,Meadowbrook Senior Living,P2-U24,44,Resident44 Last44,7471
2025-01-19,2,Meadowbrook Senior Living,P2-U25,,,0
2025-01-19,2,Meadowbrook Senior Living,P2-U26,,,0
2025-01-19,2,Meadowbrook Senior Living,P2-U27,,,0
2025-01-19,2,Meadowbrook Senior Living,P2-U28,,,0
2025-01-19,2,Meadowbrook Senior Living,P2-U29,,,0
2025-01-19,2,Meadowbrook Senior Living,P2-U30,,,0
2025-01-19,2,Meadowbrook Senior Living,P2-U31,,,0
2025-01-19,2,Meadowbrook Senior Living,P2-U32,,,0
2025-01-19,2,Meadowbrook Senior Living,P2-U33,,,0
2025-01-19,2,Meadowbrook Senior Living,P2-U34,,,0
2025-01-19,2,Meadowbrook Senior Living,P2-U35,,,0
2025-01-19,2,Meadowbrook Senior Living,P2-U36,,,0
2025-01-19,2,Meadowbrook Senior Living,P2-U37,47,Resident47 Last47,5894
2025-01-19,2,Meadowbrook Senior Living,P2-U38,48,Resident48 Last48,3847
2025-01-19,2,Meadowbrook Senior Living,P2-U39,49,Resident49 Last49,3512
2025-01-19,2,Meadowbrook Senior Living,P2-U40,50,Resident50 Last50,5383
2025-01-19,2,Meadowbrook Senior Living,P2-U41,,,0
2025-01-19,2,Meadowbrook Senior Living,P2-U42,51,Resident51 Last51,6956
2025-01-19,2,Meadowbrook Senior Living,P2-U43,,,0
2025-01-19,2,Meadowbrook Senior Living,P2-U44,53,Resident53 Last53,6044
2025-01-19,2,Meadowbrook Senior Living,P2-U45,,,0
2025-01-19,2,Meadowbrook Senior Living,P2-U46,54,Resident54 Last54,4954
2025-01-19,2,Meadowbrook Senior Living,P2-U47,55,Resident55 Last55,7311
2025-01-19,2,Meadowbrook Senior Living,P2-U48,56,Resident56 Last56,3751
2025-01-19,2,Meadowbrook Senior Living,P2-U49,57,Resident57 Last57,3429
2025-01-19,2,Meadowbrook Senior Living,P2-U50,,,0
2025-01-19,3,Riverside Retirement Community,P3-U01,58,Resident58 Last58,6334
2025-01-19,3,Riverside Retirement Community,P3-U02,,,0
2025-01-19,3,Riverside Retirement Community,P3-U03,,,0
2025-01-19,3,Riverside Retirement Community,P3-U04,,,0
2025-01-19,3,Riverside Retirement Community,P3-U05,,,0
2025-01-19,3,Riverside Retirement Community,P3-U06,60,Resident60 Last60,4602
2025-01-19,3,Riverside Retirement Community,P3-U07,61,Resident61 Last61,3142
2025-01-19,3,Riverside Retirement Community,P3-U08,62,Resident62 Last62,5599
2025-01-19,3,Riverside Retirement Community,P3-U09,63,Resident63 Last63,4741
2025-01-19,3,Riverside Retirement Community,P3-U10,,,0
2025-01-19,3,Riverside Retirement Community,P3-U11,96,Resident96 Last96,3484
2025-01-19,3,Riverside Retirement Community,P3-U12,,,0
2025-01-19,3,Riverside Retirement Community,P3-U13,,,0
2025-01-19,3,Riverside Retirement Community,P3-U14,64,Resident64 Last64,4016
2025-01-19,3,Riverside Retirement Community,P3-U15,65,Resident65 Last65,5094
2025-01-19,3,Riverside Retirement Community,P3-U16,66,Resident66 Last66,7369
2025-01-19,3,Riverside Retirement Community,P3-U17,,,0
2025-01-19,3,Riverside Retirement Community,P3-U18,,,0
2025-01-19,3,Riverside Retirement Community,P3-U19,,,0
2025-01-19,3,Riverside Retirement Community,P3-U20,,,0
2025-01-19,3,Riverside Retirement Community,P3-U21,,,0
2025-01-19,3,Riverside Retirement Community,P3-U22,71,Resident71 Last71,3684
2025-01-19,3,Riverside Retirement Community,P3-U23,72,Resident72 Last72,3763
2025-01-19,3,Riverside Retirement Community,P3-U24,73,Resident73 Last73,3612
2025-01-19,3,Riverside Retirement Community,P3-U25,74,Resident74 Last74,6679
2025-01-19,3,Riverside Retirement Community,P3-U26,,,0
2025-01-19,3,Riverside Retirement Community,P3-U27,,,0
2025-01-19,3,Riverside Retirement Community,P3-U28,,,0
2025-01-19,3,Riverside Retirement Community,P3-U29,,,0
2025-01-19,3,Riverside Retirement Community,P3-U30,,,0
2025-01-19,3,Riverside Retirement Community,P3-U31,,,0
2025-01-19,3,Riverside Retirement Community,P3-U32,75,Resident75 Last75,6998
2025-01-19,3,Riverside Retirement Community,P3-U33,,,0
2025-01-19,3,Riverside Retirement Community,P3-U34,77,Resident77 Last77,4456
2025-01-19,3,Riverside Retirement Community,P3-U35,,,0
2025-01-19,3,Riverside Retirement Community,P3-U36,78,Resident78 Last78,6502
2025-01-19,3,Riverside Retirement Community,P3-U37,,,0
2025-01-19,3,Riverside Retirement Community,P3-U38,79,Resident79 Last79,7014
2025-01-19,3,Riverside Retirement Community,P3-U39,80,Resident80 Last80,4317
2025-01-19,3,Riverside Retirement Community,P3-U40,81,Resident81 Last81,5835
2025-01-19,3,Riverside Retirement Community,P3-U41,82,Resident82 Last82,3465
2025-01-19,3,Riverside Retirement Community,P3-U42,83,Resident83 Last83,4381
2025-01-19,3,Riverside Retirement Community,P3-U43,,,0
2025-01-19,3,Riverside Retirement Community,P3-U44,84,Resident84 Last84,6325
2025-01-19,3,Riverside Retirement Community,P3-U45,,,0
2025-01-19,3,Riverside Retirement Community,P3-U46,,,0
2025-01-19,3,Riverside Retirement Community,P3-U47,85,Resident85 Last85,6135
2025-01-19,3,Riverside Retirement Community,P3-U48,86,Resident86 Last86,4208
2025-01-19,3,Riverside Retirement Community,P3-U49,87,Resident87 Last87,4723
2025-01-19,3,Riverside Retirement Community,P3-U50,88,Resident88 Last88,3664
2025-01-20,1,Sunset Gardens,P1-U01,,,0
2025-01-20,1,Sunset Gardens,P1-U02,1,Resident1 Last1,4103
2025-01-20,1,Sunset Gardens,P1-U03,2,Resident2 Last2,4626
2025-01-20,1,Sunset Gardens,P1-U04,,,0
2025-01-20,1,Sunset Gardens,P1-U05,4,Resident4 Last4,4469
2025-01-20,1,Sunset Gardens,P1-U06,,,0
2025-01-20,1,Sunset Gardens,P1-U07,5,Resident5 Last5,6368
2025-01-20,1,Sunset Gardens,P1-U08,6,Resident6 Last6,4726
2025-01-20,1,Sunset Gardens,P1-U09,,,0
2025-01-20,1,Sunset Gardens,P1-U10,8,Resident8 Last8,5207
2025-01-20,1,Sunset Gardens,P1-U11,9,Resident9 Last9,6915
2025-01-20,1,Sunset Gardens,P1-U12,,,0
2025-01-20,1,Sunset Gardens,P1-U13,11,Resident11 Last11,4505
2025-01-20,1,Sunset Gardens,P1-U14,12,Resident12 Last12,6471
2025-01-20,1,Sunset Gardens,P1-U15,,,0
2025-01-20,1,Sunset Gardens,P1-U16,,,0
2025-01-20,1,Sunset Gardens,P1-U17,,,0
2025-01-20,1,Sunset Gardens,P1-U18,13,Resident13 Last13,3438
2025-01-20,1,Sunset Gardens,P1-U19,14,Resident14 Last14,5725
2025-01-20,1,Sunset Gardens,P1-U20,,,0
2025-01-20,1,Sunset Gardens,P1-U21,15,Resident15 Last15,7434
2025-01-20,1,Sunset Gardens,P1-U22,,,0
2025-01-20,1,Sunset Gardens,P1-U23,,,0
2025-01-20,1,Sunset Gardens,P1-U24,89,Resident89 Last89,4218
2025-01-20,1,Sunset Gardens,P1-U25,,,0
2025-01-20,1,Sunset Gardens,P1-U26,16,Resident16 Last16,6062
2025-01-20,1,Sunset Gardens,P1-U27,,,0
2025-01-20,1,Sunset Gardens,P1-U28,17,Resident17 Last17,4390
2025-01-20,1,Sunset Gardens,P1-U29,18,Resident18 Last18,3165
2025-01-20,1,Sunset Gardens,P1-U30,91,Resident91 Last91,6743
2025-01-20,1,Sunset Gardens,P1-U31,19,Resident19 Last19,3698
2025-01-20,1,Sunset Gardens,P1-U32,,,0
2025-01-20,1,Sunset Gardens,P1-U33,,,0
2025-01-20,1,Sunset Gardens,P1-U34,97,Resident97 Last97,3693
2025-01-20,1,Sunset Gardens,P1-U35,,,0
2025-01-20,1,Sunset Gardens,P1-U36,,,0
2025-01-20,1,Sunset Gardens,P1-U37,23,Resident23 Last23,6826
2025-01-20,1,Sunset Gardens,P1-U38,24,Resident24 Last24,5319
2025-01-20,1,Sunset Gardens,P1-U39,,,0
2025-01-20,1,Sunset Gardens,P1-U40,25,Resident25 Last25,3203
2025-01-20,1,Sunset Gardens,P1-U41,,,0
2025-01-20,1,Sunset Gardens,P1-U42,,,0
2025-01-20,1,Sunset Gardens,P1-U43,,,0
2025-01-20,1,Sunset Gardens,P1-U44,26,Resident26 Last26,4150
2025-01-20,1,Sunset Gardens,P1-U45,27,Resident27 Last27,3792
2025-01-20,1,Sunset Gardens,P1-U46,28,Resident28 Last28,4656
2025-01-20,1,Sunset Gardens,P1-U47,,,0
2025-01-20,1,Sunset Gardens,P1-U48,92,Resident92 Last92,7230
2025-01-20,1,Sunset Gardens,P1-U49,29,Resident29 Last29,4138
2025-01-20,1,Sunset Gardens,P1-U50,30,Resident30 Last30,6031
2025-01-20,2,Meadowbrook Senior Living,P2-U01,99,Resident99 Last99,6317
2025-01-20,2,Meadowbrook Senior Living,P2-U02,31,Resident31 Last31,3643
2025-01-20,2,Meadowbrook Senior Living,P2-U03,,,0
2025-01-20,2,Meadowbrook Senior Living,P2-U04,,,0
2025-01-20,2,Meadowbrook Senior Living,P2-U05,32,Resident32 Last32,5524
2025-01-20,2,Meadowbrook Senior Living,P2-U06,,,0
2025-01-20,2,Meadowbrook Senior Living,P2-U07,98,Resident98 Last98,5808
2025-01-20,2,Meadowbrook Senior Living,P2-U08,33,Resident33 Last33,7164
2025-01-20,2,Meadowbrook Senior Living,P2-U09,34,Resident34 Last34,6565
2025-01-20,2,Meadowbrook Senior Living,P2-U10,,,0
2025-01-20,2,Meadowbrook Senior Living,P2-U11,,,0
2025-01-20,2,Meadowbrook Senior Living,P2-U12,35,Resident35 Last35,5476
2025-01-20,2,Meadowbrook Senior Living,P2-U13,36,Resident36 Last36,4795
2025-01-20,2,Meadowbrook Senior Living,P2-U14,37,Resident37 Last37,6972
2025-01-20,2,Meadowbrook Senior Living,P2-U15,,,0
2025-01-20,2,Meadowbrook Senior Living,P2-U16,38,Resident38 Last38,6144
2025-01-20,2,Meadowbrook Senior Living,P2-U17,39,Resident39 Last39,3646
2025-01-20,2,Meadowbrook Senior Living,P2-U18,40,Resident40 Last40,6397
2025-01-20,2,Meadowbrook Senior Living,P2-U19,,,0
2025-01-20,2,Meadowbrook Senior Living,P2-U20,41,Resident41 Last41,3058
2025-01-20,2,Meadowbrook Senior Living,P2-U21,42,Resident42 Last42,4782
2025-01-20,2,Meadowbrook Senior Living,P2-U22,43,Resident43 Last43,5894
2025-01-20,2,Meadowbrook Senior Living,P2-U23,,,0
2025-01-20,2,Meadowbrook Senior Living,P2-U24,44,Resident44 Last44,7471
2025-01-20,2,Meadowbrook Senior Living,P2-U25,,,0
2025-01-20,2,Meadowbrook Senior Living,P2-U26,,,0
2025-01-20,2,Meadowbrook Senior Living,P2-U27,,,0
2025-01-20,2,Meadowbrook Senior Living,P2-U28,,,0
2025-01-20,2,Meadowbrook Senior Living,P2-U29,,,0
2025-01-20,2,Meadowbrook Senior Living,P2-U30,,,0
2025-01-20,2,Meadowbrook Senior Living,P2-U31,,,0
2025-01-20,2,Meadowbrook Senior Living,P2-U32,,,0
2025-01-20,2,Meadowbrook Senior Living,P2-U33,,,0
2025-01-20,2,Meadowbrook Senior Living,P2-U34,,,0
2025-01-20,2,Meadowbrook Senior Living,P2-U35,,,0
2025-01-20,2,Meadowbrook Senior Living,P2-U36,,,0
2025-01-20,2,Meadowbrook Senior Living,P2-U37,47,Resident47 Last47,5894
2025-01-20,2,Meadowbrook Senior Living,P2-U38,48,Resident48 Last48,3847
2025-01-20,2,Meadowbrook Senior Living,P2-U39,49,Resident49 Last49,3512
2025-01-20,2,Meadowbrook Senior Living,P2-U40,50,Resident50 Last50,5383
2025-01-20,2,Meadowbrook Senior Living,P2-U41,,,0
2025-01-20,2,Meadowbrook Senior Living,P2-U42,51,Resident51 Last51,6956
2025-01-20,2,Meadowbrook Senior Living,P2-U43,,,0
2025-01-20,2,Meadowbrook Senior Living,P2-U44,53,Resident53 Last53,6044
2025-01-20,2,Meadowbrook Senior Living,P2-U45,,,0
2025-01-20,2,Meadowbrook Senior Living,P2-U46,54,Resident54 Last54,4954
2025-01-20,2,Meadowbrook Senior Living,P2-U47,55,Resident55 Last55,7311
2025-01-20,2,Meadowbrook Senior Living,P2-U48,56,Resident56 Last56,3751
2025-01-20,2,Meadowbrook Senior Living,P2-U49,57,Resident57 Last57,3429
2025-01-20,2,Meadowbrook Senior Living,P2-U50,,,0
2025-01-20,3,Riverside Retirement Community,P3-U01,58,Resident58 Last58,6334
2025-01-20,3,Riverside Retirement Community,P3-U02,,,0
2025-01-20,3,Riverside Retirement Community,P3-U03,,,0
2025-01-20,3,Riverside Retirement Community,P3-U04,,,0
2025-01-20,3,Riverside Retirement Community,P3-U05,,,0
2025-01-20,3,Riverside Retirement Community,P3-U06,60,Resident60 Last60,4602
2025-01-20,3,Riverside Retirement Community,P3-U07,61,Resident61 Last61,3142
2025-01-20,3,Riverside Retirement Community,P3-U08,62,Resident62 Last62,5599
2025-01-20,3,Riverside Retirement Community,P3-U09,63,Resident63 Last63,4741
2025-01-20,3,Riverside Retirement Community,P3-U10,,,0
2025-01-20,3,Riverside Retirement Community,P3-U11,96,Resident96 Last96,3484
2025-01-20,3,Riverside Retirement Community,P3-U12,,,0
2025-01-20,3,Riverside Retirement Community,P3-U13,,,0
2025-01-20,3,Riverside Retirement Community,P3-U14,64,Resident64 Last64,4016
2025-01-20,3,Riverside Retirement Community,P3-U15,65,Resident65 Last65,5094
2025-01-20,3,Riverside Retirement Community,P3-U16,66,Resident66 Last66,7369
2025-01-20,3,Riverside Retirement Community,P3-U17,,,0
2025-01-20,3,Riverside Retirement Community,P3-U18,,,0
2025-01-20,3,Riverside Retirement Community,P3-U19,,,0
2025-01-20,3,Riverside Retirement Community,P3-U20,,,0
2025-01-20,3,Riverside Retirement Community,P3-U21,,,0
2025-01-20,3,Riverside Retirement Community,P3-U22,71,Resident71 Last71,3684
2025-01-20,3,Riverside Retirement Community,P3-U23,72,Resident72 Last72,3763
2025-01-20,3,Riverside Retirement Community,P3-U24,73,Resident73 Last73,3612
2025-01-20,3,Riverside Retirement Community,P3-U25,74,Resident74 Last74,6679
2025-01-20,3,Riverside Retirement Community,P3-U26,,,0
2025-01-20,3,Riverside Retirement Community,P3-U27,,,0
2025-01-20,3,Riverside Retirement Community,P3-U28,,,0
2025-01-20,3,Riverside Retirement Community,P3-U29,,,0
2025-01-20,3,Riverside Retirement Community,P3-U30,,,0
2025-01-20,3,Riverside Retirement Community,P3-U31,,,0
2025-01-20,3,Riverside Retirement Community,P3-U32,75,Resident75 Last75,6998
2025-01-20,3,Riverside Retirement Community,P3-U33,,,0
2025-01-20,3,Riverside Retirement Community,P3-U34,77,Resident77 Last77,4456
2025-01-20,3,Riverside Retirement Community,P3-U35,,,0
2025-01-20,3,Riverside Retirement Community,P3-U36,78,Resident78 Last78,6502
2025-01-20,3,Riverside Retirement Community,P3-U37,,,0
2025-01-20,3,Riverside Retirement Community,P3-U38,79,Resident79 Last79,7014
2025-01-20,3,Riverside Retirement Community,P3-U39,80,Resident80 Last80,4317
2025-01-20,3,Riverside Retirement Community,P3-U40,81,Resident81 Last81,5835
2025-01-20,3,Riverside Retirement Community,P3-U41,82,Resident82 Last82,3465
2025-01-20,3,Riverside Retirement Community,P3-U42,83,Resident83 Last83,4381
2025-01-20,3,Riverside Retirement Community,P3-U43,,,0
2025-01-20,3,Riverside Retirement Community,P3-U44,84,Resident84 Last84,6325
2025-01-20,3,Riverside Retirement Community,P3-U45,,,0
2025-01-20,3,Riverside Retirement Community,P3-U46,,,0
2025-01-20,3,Riverside Retirement Community,P3-U47,85,Resident85 Last85,6135
2025-01-20,3,Riverside Retirement Community,P3-U48,86,Resident86 Last86,4208
2025-01-20,3,Riverside Retirement Community,P3-U49,87,Resident87 Last87,4723
2025-01-20,3,Riverside Retirement Community,P3-U50,88,Resident88 Last88,3664
2025-01-21,1,Sunset Gardens,P1-U01,,,0
2025-01-21,1,Sunset Gardens,P1-U02,1,Resident1 Last1,4103
2025-01-21,1,Sunset Gardens,P1-U03,2,Resident2 Last2,4626
2025-01-21,1,Sunset Gardens,P1-U04,,,0
2025-01-21,1,Sunset Gardens,P1-U05,4,Resident4 Last4,4469
2025-01-21,1,Sunset Gardens,P1-U06,,,0
2025-01-21,1,Sunset Gardens,P1-U07,5,Resident5 Last5,6368
2025-01-21,1,Sunset Gardens,P1-U08,6,Resident6 Last6,4726
2025-01-21,1,Sunset Gardens,P1-U09,,,0
2025-01-21,1,Sunset Gardens,P1-U10,8,Resident8 Last8,5207
2025-01-21,1,Sunset Gardens,P1-U11,9,Resident9 Last9,6915
2025-01-21,1,Sunset Gardens,P1-U12,,,0
2025-01-21,1,Sunset Gardens,P1-U13,11,Resident11 Last11,4505
2025-01-21,1,Sunset Gardens,P1-U14,12,Resident12 Last12,6471
2025-01-21,1,Sunset Gardens,P1-U15,,,0
2025-01-21,1,Sunset Gardens,P1-U16,,,0
2025-01-21,1,Sunset Gardens,P1-U17,,,0
2025-01-21,1,Sunset Gardens,P1-U18,13,Resident13 Last13,3438
2025-01-21,1,Sunset Gardens,P1-U19,14,Resident14 Last14,5725
2025-01-21,1,Sunset Gardens,P1-U20,,,0
2025-01-21,1,Sunset Gardens,P1-U21,15,Resident15 Last15,7434
2025-01-21,1,Sunset Gardens,P1-U22,,,0
2025-01-21,1,Sunset Gardens,P1-U23,,,0
2025-01-21,1,Sunset Gardens,P1-U24,89,Resident89 Last89,4218
2025-01-21,1,Sunset Gardens,P1-U25,,,0
2025-01-21,1,Sunset Gardens,P1-U26,16,Resident16 Last16,6062
2025-01-21,1,Sunset Gardens,P1-U27,,,0
2025-01-21,1,Sunset Gardens,P1-U28,17,Resident17 Last17,4390
2025-01-21,1,Sunset Gardens,P1-U29,18,Resident18 Last18,3165
2025-01-21,1,Sunset Gardens,P1-U30,91,Resident91 Last91,6743
2025-01-21,1,Sunset Gardens,P1-U31,19,Resident19 Last19,3698
2025-01-21,1,Sunset Gardens,P1-U32,,,0
2025-01-21,1,Sunset Gardens,P1-U33,,,0
2025-01-21,1,Sunset Gardens,P1-U34,97,Resident97 Last97,3693
2025-01-21,1,Sunset Gardens,P1-U35,,,0
2025-01-21,1,Sunset Gardens,P1-U36,,,0
2025-01-21,1,Sunset Gardens,P1-U37,23,Resident23 Last23,6826
2025-01-21,1,Sunset Gardens,P1-U38,24,Resident24 Last24,5319
2025-01-21,1,Sunset Gardens,P1-U39,,,0
2025-01-21,1,Sunset Gardens,P1-U40,25,Resident25 Last25,3203
2025-01-21,1,Sunset Gardens,P1-U41,,,0
2025-01-21,1,Sunset Gardens,P1-U42,,,0
2025-01-21,1,Sunset Gardens,P1-U43,,,0
2025-01-21,1,Sunset Gardens,P1-U44,26,Resident26 Last26,4150
2025-01-21,1,Sunset Gardens,P1-U45,27,Resident27 Last27,3792
2025-01-21,1,Sunset Gardens,P1-U46,28,Resident28 Last28,4656
2025-01-21,1,Sunset Gardens,P1-U47,,,0
2025-01-21,1,Sunset Gardens,P1-U48,92,Resident92 Last92,7230
2025-01-21,1,Sunset Gardens,P1-U49,29,Resident29 Last29,4138
2025-01-21,1,Sunset Gardens,P1-U50,30,Resident30 Last30,6031
2025-01-21,2,Meadowbrook Senior Living,P2-U01,99,Resident99 Last99,6317
2025-01-21,2,Meadowbrook Senior Living,P2-U02,31,Resident31 Last31,3643
2025-01-21,2,Meadowbrook Senior Living,P2-U03,,,0
2025-01-21,2,Meadowbrook Senior Living,P2-U04,,,0
2025-01-21,2,Meadowbrook Senior Living,P2-U05,32,Resident32 Last32,5524
2025-01-21,2,Meadowbrook Senior Living,P2-U06,,,0
2025-01-21,2,Meadowbrook Senior Living,P2-U07,98,Resident98 Last98,5808
2025-01-21,2,Meadowbrook Senior Living,P2-U08,33,Resident33 Last33,7164
2025-01-21,2,Meadowbrook Senior Living,P2-U09,34,Resident34 Last34,6565
2025-01-21,2,Meadowbrook Senior Living,P2-U10,,,0
2025-01-21,2,Meadowbrook Senior Living,P2-U11,,,0
2025-01-21,2,Meadowbrook Senior Living,P2-U12,35,Resident35 Last35,5476
2025-01-21,2,Meadowbrook Senior Living,P2-U13,36,Resident36 Last36,4795
2025-01-21,2,Meadowbrook Senior Living,P2-U14,37,Resident37 Last37,6972
2025-01-21,2,Meadowbrook Senior Living,P2-U15,,,0
2025-01-21,2,Meadowbrook Senior Living,P2-U16,38,Resident38 Last38,6144
2025-01-21,2,Meadowbrook Senior Living,P2-U17,39,Resident39 Last39,3646
2025-01-21,2,Meadowbrook Senior Living,P2-U18,40,Resident40 Last40,6397
2025-01-21,2,Meadowbrook Senior Living,P2-U19,,,0
2025-01-21,2,Meadowbrook Senior Living,P2-U20,41,Resident41 Last41,3058
2025-01-21,2,Meadowbrook Senior Living,P2-U21,42,Resident42 Last42,4782
2025-01-21,2,Meadowbrook Senior Living,P2-U22,43,Resident43 Last43,5894
2025-01-21,2,Meadowbrook Senior Living,P2-U23,,,0
2025-01-21,2,Meadowbrook Senior Living,P2-U24,44,Resident44 Last44,7471
2025-01-21,2,Meadowbrook Senior Living,P2-U25,,,0
2025-01-21,2,Meadowbrook Senior Living,P2-U26,,,0
2025-01-21,2,Meadowbrook Senior Living,P2-U27,,,0
2025-01-21,2,Meadowbrook Senior Living,P2-U28,,,0
2025-01-21,2,Meadowbrook Senior Living,P2-U29,,,0
2025-01-21,2,Meadowbrook Senior Living,P2-U30,,,0
2025-01-21,2,Meadowbrook Senior Living,P2-U31,,,0
2025-01-21,2,Meadowbrook Senior Living,P2-U32,,,0
2025-01-21,2,Meadowbrook Senior Living,P2-U33,,,0
2025-01-21,2,Meadowbrook Senior Living,P2-U34,,,0
2025-01-21,2,Meadowbrook Senior Living,P2-U35,,,0
2025-01-21,2,Meadowbrook Senior Living,P2-U36,,,0
2025-01-21,2,Meadowbrook Senior Living,P2-U37,47,Resident47 Last47,5894
2025-01-21,2,Meadowbrook Senior Living,P2-U38,48,Resident48 Last48,3847
2025-01-21,2,Meadowbrook Senior Living,P2-U39,49,Resident49 Last49,3512
2025-01-21,2,Meadowbrook Senior Living,P2-U40,50,Resident50 Last50,5383
2025-01-21,2,Meadowbrook Senior Living,P2-U41,,,0
2025-01-21,2,Meadowbrook Senior Living,P2-U42,51,Resident51 Last51,6956
2025-01-21,2,Meadowbrook Senior Living,P2-U43,,,0
2025-01-21,2,Meadowbrook Senior Living,P2-U44,53,Resident53 Last53,6044
2025-01-21,2,Meadowbrook Senior Living,P2-U45,,,0
2025-01-21,2,Meadowbrook Senior Living,P2-U46,54,Resident54 Last54,4954
2025-01-21,2,Meadowbrook Senior Living,P2-U47,55,Resident55 Last55,7311
2025-01-21,2,Meadowbrook Senior Living,P2-U48,56,Resident56 Last56,3751
2025-01-21,2,Meadowbrook Senior Living,P2-U49,57,Resident57 Last57,3429
2025-01-21,2,Meadowbrook Senior Living,P2-U50,,,0
2025-01-21,3,Riverside Retirement Community,P3-U01,58,Resident58 Last58,6334
2025-01-21,3,Riverside Retirement Community,P3-U02,,,0
2025-01-21,3,Riverside Retirement Community,P3-U03,,,0
2025-01-21,3,Riverside Retirement Community,P3-U04,,,0
2025-01-21,3,Riverside Retirement Community,P3-U05,,,0
2025-01-21,3,Riverside Retirement Community,P3-U06,60,Resident60 Last60,4602
2025-01-21,3,Riverside Retirement Community,P3-U07,61,Resident61 Last61,3142
2025-01-21,3,Riverside Retirement Community,P3-U08,62,Resident62 Last62,5599
2025-01-21,3,Riverside Retirement Community,P3-U09,63,Resident63 Last63,4741
2025-01-21,3,Riverside Retirement Community,P3-U10,,,0
2025-01-21,3,Riverside Retirement Community,P3-U11,96,Resident96 Last96,3484
2025-01-21,3,Riverside Retirement Community,P3-U12,,,0
2025-01-21,3,Riverside Retirement Community,P3-U13,,,0
2025-01-21,3,Riverside Retirement Community,P3-U14,64,Resident64 Last64,4016
2025-01-21,3,Riverside Retirement Community,P3-U15,65,Resident65 Last65,5094
2025-01-21,3,Riverside Retirement Community,P3-U16,66,Resident66 Last66,7369
2025-01-21,3,Riverside Retirement Community,P3-U17,,,0
2025-01-21,3,Riverside Retirement Community,P3-U18,,,0
2025-01-21,3,Riverside Retirement Community,P3-U19,,,0
2025-01-21,3,Riverside Retirement Community,P3-U20,,,0
2025-01-21,3,Riverside Retirement Community,P3-U21,,,0
2025-01-21,3,Riverside Retirement Community,P3-U22,71,Resident71 Last71,3684
2025-01-21,3,Riverside Retirement Community,P3-U23,72,Resident72 Last72,3763
2025-01-21,3,Riverside Retirement Community,P3-U24,73,Resident73 Last73,3612
2025-01-21,3,Riverside Retirement Community,P3-U25,74,Resident74 Last74,6679
2025-01-21,3,Riverside Retirement Community,P3-U26,,,0
2025-01-21,3,Riverside Retirement Community,P3-U27,,,0
2025-01-21,3,Riverside Retirement Community,P3-U28,,,0
2025-01-21,3,Riverside Retirement Community,P3-U29,,,0
2025-01-21,3,Riverside Retirement Community,P3-U30,,,0
2025-01-21,3,Riverside Retirement Community,P3-U31,,,0
2025-01-21,3,Riverside Retirement Community,P3-U32,75,Resident75 Last75,6998
2025-01-21,3,Riverside Retirement Community,P3-U33,,,0
2025-01-21,3,Riverside Retirement Community,P3-U34,77,Resident77 Last77,4456
2025-01-21,3,Riverside Retirement Community,P3-U35,,,0
2025-01-21,3,Riverside Retirement Community,P3-U36,78,Resident78 Last78,6502
2025-01-21,3,Riverside Retirement Community,P3-U37,,,0
2025-01-21,3,Riverside Retirement Community,P3-U38,79,Resident79 Last79,7014
2025-01-21,3,Riverside Retirement Community,P3-U39,80,Resident80 Last80,4317
2025-01-21,3,Riverside Retirement Community,P3-U40,81,Resident81 Last81,5835
2025-01-21,3,Riverside Retirement Community,P3-U41,82,Resident82 Last82,3465
2025-01-21,3,Riverside Retirement Community,P3-U42,83,Resident83 Last83,4381
2025-01-21,3,Riverside Retirement Community,P3-U43,,,0
2025-01-21,3,Riverside Retirement Community,P3-U44,84,Resident84 Last84,6325
2025-01-21,3,Riverside Retirement Community,P3-U45,,,0
2025-01-21,3,Riverside Retirement Community,P3-U46,,,0
2025-01-21,3,Riverside Retirement Community,P3-U47,85,Resident85 Last85,6135
2025-01-21,3,Riverside Retirement Community,P3-U48,86,Resident86 Last86,4208
2025-01-21,3,Riverside Retirement Community,P3-U49,87,Resident87 Last87,4723
2025-01-21,3,Riverside Retirement Community,P3-U50,88,Resident88 Last88,3664
2025-01-22,1,Sunset Gardens,P1-U01,,,0
2025-01-22,1,Sunset Gardens,P1-U02,1,Resident1 Last1,4103
2025-01-22,1,Sunset Gardens,P1-U03,2,Resident2 Last2,4626
2025-01-22,1,Sunset Gardens,P1-U04,,,0
2025-01-22,1,Sunset Gardens,P1-U05,4,Resident4 Last4,4469
2025-01-22,1,Sunset Gardens,P1-U06,,,0
2025-01-22,1,Sunset Gardens,P1-U07,5,Resident5 Last5,6368
2025-01-22,1,Sunset Gardens,P1-U08,6,Resident6 Last6,4726
2025-01-22,1,Sunset Gardens,P1-U09,,,0
2025-01-22,1,Sunset Gardens,P1-U10,8,Resident8 Last8,5207
2025-01-22,1,Sunset Gardens,P1-U11,9,Resident9 Last9,6915
2025-01-22,1,Sunset Gardens,P1-U12,,,0
2025-01-22,1,Sunset Gardens,P1-U13,11,Resident11 Last11,4505
2025-01-22,1,Sunset Gardens,P1-U14,12,Resident12 Last12,6471
2025-01-22,1,Sunset Gardens,P1-U15,,,0
2025-01-22,1,Sunset Gardens,P1-U16,,,0
2025-01-22,1,Sunset Gardens,P1-U17,,,0
2025-01-22,1,Sunset Gardens,P1-U18,13,Resident13 Last13,3438
2025-01-22,1,Sunset Gardens,P1-U19,14,Resident14 Last14,5725
2025-01-22,1,Sunset Gardens,P1-U20,,,0
2025-01-22,1,Sunset Gardens,P1-U21,15,Resident15 Last15,7434
2025-01-22,1,Sunset Gardens,P1-U22,,,0
2025-01-22,1,Sunset Gardens,P1-U23,,,0
2025-01-22,1,Sunset Gardens,P1-U24,89,Resident89 Last89,4218
2025-01-22,1,Sunset Gardens,P1-U25,,,0
2025-01-22,1,Sunset Gardens,P1-U26,16,Resident16 Last16,6062
2025-01-22,1,Sunset Gardens,P1-U27,,,0
2025-01-22,1,Sunset Gardens,P1-U28,17,Resident17 Last17,4390
2025-01-22,1,Sunset Gardens,P1-U29,18,Resident18 Last18,3165
2025-01-22,1,Sunset Gardens,P1-U30,91,Resident91 Last91,6743
2025-01-22,1,Sunset Gardens,P1-U31,19,Resident19 Last19,3698
2025-01-22,1,Sunset Gardens,P1-U32,,,0
2025-01-22,1,Sunset Gardens,P1-U33,,,0
2025-01-22,1,Sunset Gardens,P1-U34,97,Resident97 Last97,3693
2025-01-22,1,Sunset Gardens,P1-U35,,,0
2025-01-22,1,Sunset Gardens,P1-U36,,,0
2025-01-22,1,Sunset Gardens,P1-U37,23,Resident23 Last23,6826
2025-01-22,1,Sunset Gardens,P1-U38,24,Resident24 Last24,5319
2025-01-22,1,Sunset Gardens,P1-U39,,,0
2025-01-22,1,Sunset Gardens,P1-U40,25,Resident25 Last25,3203
2025-01-22,1,Sunset Gardens,P1-U41,,,0
2025-01-22,1,Sunset Gardens,P1-U42,,,0
2025-01-22,1,Sunset Gardens,P1-U43,,,0
2025-01-22,1,Sunset Gardens,P1-U44,26,Resident26 Last26,4150
2025-01-22,1,Sunset Gardens,P1-U45,27,Resident27 Last27,3792
2025-01-22,1,Sunset Gardens,P1-U46,28,Resident28 Last28,4656
2025-01-22,1,Sunset Gardens,P1-U47,,,0
2025-01-22,1,Sunset Gardens,P1-U48,92,Resident92 Last92,7230
2025-01-22,1,Sunset Gardens,P1-U49,29,Resident29 Last29,4138
2025-01-22,1,Sunset Gardens,P1-U50,30,Resident30 Last30,6031
2025-01-22,2,Meadowbrook Senior Living,P2-U01,99,Resident99 Last99,6317
2025-01-22,2,Meadowbrook Senior Living,P2-U02,31,Resident31 Last31,3643
2025-01-22,2,Meadowbrook Senior Living,P2-U03,,,0
2025-01-22,2,Meadowbrook Senior Living,P2-U04,,,0
2025-01-22,2,Meadowbrook Senior Living,P2-U05,32,Resident32 Last32,5524
2025-01-22,2,Meadowbrook Senior Living,P2-U06,,,0
2025-01-22,2,Meadowbrook Senior Living,P2-U07,98,Resident98 Last98,5808
2025-01-22,2,Meadowbrook Senior Living,P2-U08,33,Resident33 Last33,7164
2025-01-22,2,Meadowbrook Senior Living,P2-U09,34,Resident34 Last34,6565
2025-01-22,2,Meadowbrook Senior Living,P2-U10,,,0
2025-01-22,2,Meadowbrook Senior Living,P2-U11,,,0
2025-01-22,2,Meadowbrook Senior Living,P2-U12,35,Resident35 Last35,5476
2025-01-22,2,Meadowbrook Senior Living,P2-U13,36,Resident36 Last36,4795
2025-01-22,2,Meadowbrook Senior Living,P2-U14,37,Resident37 Last37,6972
2025-01-22,2,Meadowbrook Senior Living,P2-U15,,,0
2025-01-22,2,Meadowbrook Senior Living,P2-U16,38,Resident38 Last38,6144
2025-01-22,2,Meadowbrook Senior Living,P2-U17,39,Resident39 Last39,3646
2025-01-22,2,Meadowbrook Senior Living,P2-U18,40,Resident40 Last40,6397
2025-01-22,2,Meadowbrook Senior Living,P2-U19,,,0
2025-01-22,2,Meadowbrook Senior Living,P2-U20,41,Resident41 Last41,3058
2025-01-22,2,Meadowbrook Senior Living,P2-U21,42,Resident42 Last42,4782
2025-01-22,2,Meadowbrook Senior Living,P2-U22,43,Resident43 Last43,5894
2025-01-22,2,Meadowbrook Senior Living,P2-U23,,,0
2025-01-22,2,Meadowbrook Senior Living,P2-U24,44,Resident44 Last44,7471
2025-01-22,2,Meadowbrook Senior Living,P2-U25,,,0
2025-01-22,2,Meadowbrook Senior Living,P2-U26,,,0
2025-01-22,2,Meadowbrook Senior Living,P2-U27,,,0
2025-01-22,2,Meadowbrook Senior Living,P2-U28,,,0
2025-01-22,2,Meadowbrook Senior Living,P2-U29,,,0
2025-01-22,2,Meadowbrook Senior Living,P2-U30,,,0
2025-01-22,2,Meadowbrook Senior Living,P2-U31,,,0
2025-01-22,2,Meadowbrook Senior Living,P2-U32,,,0
2025-01-22,2,Meadowbrook Senior Living,P2-U33,,,0
2025-01-22,2,Meadowbrook Senior Living,P2-U34,,,0
2025-01-22,2,Meadowbrook Senior Living,P2-U35,,,0
2025-01-22,2,Meadowbrook Senior Living,P2-U36,,,0
2025-01-22,2,Meadowbrook Senior Living,P2-U37,47,Resident47 Last47,5894
2025-01-22,2,Meadowbrook Senior Living,P2-U38,48,Resident48 Last48,3847
2025-01-22,2,Meadowbrook Senior Living,P2-U39,,,0
2025-01-22,2,Meadowbrook Senior Living,P2-U40,50,Resident50 Last50,5383
2025-01-22,2,Meadowbrook Senior Living,P2-U41,,,0
2025-01-22,2,Meadowbrook Senior Living,P2-U42,51,Resident51 Last51,6956
2025-01-22,2,Meadowbrook Senior Living,P2-U43,,,0
2025-01-22,2,Meadowbrook Senior Living,P2-U44,53,Resident53 Last53,6044
2025-01-22,2,Meadowbrook Senior Living,P2-U45,,,0
2025-01-22,2,Meadowbrook Senior Living,P2-U46,54,Resident54 Last54,4954
2025-01-22,2,Meadowbrook Senior Living,P2-U47,55,Resident55 Last55,7311
2025-01-22,2,Meadowbrook Senior Living,P2-U48,56,Resident56 Last56,3751
2025-01-22,2,Meadowbrook Senior Living,P2-U49,57,Resident57 Last57,3429
2025-01-22,2,Meadowbrook Senior Living,P2-U50,,,0
2025-01-22,3,Riverside Retirement Community,P3-U01,58,Resident58 Last58,6334
2025-01-22,3,Riverside Retirement Community,P3-U02,,,0
2025-01-22,3,Riverside Retirement Community,P3-U03,,,0
2025-01-22,3,Riverside Retirement Community,P3-U04,,,0
2025-01-22,3,Riverside Retirement Community,P3-U05,,,0
2025-01-22,3,Riverside Retirement Community,P3-U06,60,Resident60 Last60,4602
2025-01-22,3,Riverside Retirement Community,P3-U07,61,Resident61 Last61,3142
2025-01-22,3,Riverside Retirement Community,P3-U08,62,Resident62 Last62,5599
2025-01-22,3,Riverside Retirement Community,P3-U09,63,Resident63 Last63,4741
2025-01-22,3,Riverside Retirement Community,P3-U10,,,0
2025-01-22,3,Riverside Retirement Community,P3-U11,96,Resident96 Last96,3484
2025-01-22,3,Riverside Retirement Community,P3-U12,,,0
2025-01-22,3,Riverside Retirement Community,P3-U13,,,0
2025-01-22,3,Riverside Retirement Community,P3-U14,64,Resident64 Last64,4016
2025-01-22,3,Riverside Retirement Community,P3-U15,65,Resident65 Last65,5094
2025-01-22,3,Riverside Retirement Community,P3-U16,66,Resident66 Last66,7369
2025-01-22,3,Riverside Retirement Community,P3-U17,,,0
2025-01-22,3,Riverside Retirement Community,P3-U18,,,0
2025-01-22,3,Riverside Retirement Community,P3-U19,,,0
2025-01-22,3,Riverside Retirement Community,P3-U20,,,0
2025-01-22,3,Riverside Retirement Community,P3-U21,,,0
2025-01-22,3,Riverside Retirement Community,P3-U22,71,Resident71 Last71,3684
2025-01-22,3,Riverside Retirement Community,P3-U23,72,Resident72 Last72,3763
2025-01-22,3,Riverside Retirement Community,P3-U24,73,Resident73 Last73,3612
2025-01-22,3,Riverside Retirement Community,P3-U25,74,Resident74 Last74,6679
2025-01-22,3,Riverside Retirement Community,P3-U26,,,0
2025-01-22,3,Riverside Retirement Community,P3-U27,,,0
2025-01-22,3,Riverside Retirement Community,P3-U28,,,0
2025-01-22,3,Riverside Retirement Community,P3-U29,,,0
2025-01-22,3,Riverside Retirement Community,P3-U30,,,0
2025-01-22,3,Riverside Retirement Community,P3-U31,,,0
2025-01-22,3,Riverside Retirement Community,P3-U32,75,Resident75 Last75,6998
2025-01-22,3,Riverside Retirement Community,P3-U33,,,0
2025-01-22,3,Riverside Retirement Community,P3-U34,77,Resident77 Last77,4456
2025-01-22,3,Riverside Retirement Community,P3-U35,,,0
2025-01-22,3,Riverside Retirement Community,P3-U36,78,Resident78 Last78,6502
2025-01-22,3,Riverside Retirement Community,P3-U37,,,0
2025-01-22,3,Riverside Retirement Community,P3-U38,79,Resident79 Last79,7014
2025-01-22,3,Riverside Retirement Community,P3-U39,80,Resident80 Last80,4317
2025-01-22,3,Riverside Retirement Community,P3-U40,81,Resident81 Last81,5835
2025-01-22,3,Riverside Retirement Community,P3-U41,82,Resident82 Last82,3465
2025-01-22,3,Riverside Retirement Community,P3-U42,83,Resident83 Last83,4381
2025-01-22,3,Riverside Retirement Community,P3-U43,,,0
2025-01-22,3,Riverside Retirement Community,P3-U44,84,Resident84 Last84,6325
2025-01-22,3,Riverside Retirement Community,P3-U45,,,0
2025-01-22,3,Riverside Retirement Community,P3-U46,,,0
2025-01-22,3,Riverside Retirement Community,P3-U47,85,Resident85 Last85,6135
2025-01-22,3,Riverside Retirement Community,P3-U48,86,Resident86 Last86,4208
2025-01-22,3,Riverside Retirement Community,P3-U49,87,Resident87 Last87,4723
2025-01-22,3,Riverside Retirement Community,P3-U50,88,Resident88 Last88,3664
2025-01-23,1,Sunset Gardens,P1-U01,,,0
2025-01-23,1,Sunset Gardens,P1-U02,1,Resident1 Last1,4103
2025-01-23,1,Sunset Gardens,P1-U03,2,Resident2 Last2,4626
2025-01-23,1,Sunset Gardens,P1-U04,,,0
2025-01-23,1,Sunset Gardens,P1-U05,4,Resident4 Last4,4469
2025-01-23,1,Sunset Gardens,P1-U06,,,0
2025-01-23,1,Sunset Gardens,P1-U07,5,Resident5 Last5,6368
2025-01-23,1,Sunset Gardens,P1-U08,6,Resident6 Last6,4726
2025-01-23,1,Sunset Gardens,P1-U09,,,0
2025-01-23,1,Sunset Gardens,P1-U10,8,Resident8 Last8,5207
2025-01-23,1,Sunset Gardens,P1-U11,9,Resident9 Last9,6915
2025-01-23,1,Sunset Gardens,P1-U12,,,0
2025-01-23,1,Sunset Gardens,P1-U13,11,Resident11 Last11,4505
2025-01-23,1,Sunset Gardens,P1-U14,12,Resident12 Last12,6471
2025-01-23,1,Sunset Gardens,P1-U15,,,0
2025-01-23,1,Sunset Gardens,P1-U16,,,0
2025-01-23,1,Sunset Gardens,P1-U17,,,0
2025-01-23,1,Sunset Gardens,P1-U18,13,Resident13 Last13,3438
2025-01-23,1,Sunset Gardens,P1-U19,14,Resident14 Last14,5725
2025-01-23,1,Sunset Gardens,P1-U20,,,0
2025-01-23,1,Sunset Gardens,P1-U21,15,Resident15 Last15,7434
2025-01-23,1,Sunset Gardens,P1-U22,,,0
2025-01-23,1,Sunset Gardens,P1-U23,,,0
2025-01-23,1,Sunset Gardens,P1-U24,89,Resident89 Last89,4218
2025-01-23,1,Sunset Gardens,P1-U25,,,0
2025-01-23,1,Sunset Gardens,P1-U26,16,Resident16 Last16,6062
2025-01-23,1,Sunset Gardens,P1-U27,,,0
2025-01-23,1,Sunset Gardens,P1-U28,17,Resident17 Last17,4390
2025-01-23,1,Sunset Gardens,P1-U29,18,Resident18 Last18,3165
2025-01-23,1,Sunset Gardens,P1-U30,91,Resident91 Last91,6743
2025-01-23,1,Sunset Gardens,P1-U31,19,Resident19 Last19,3698
2025-01-23,1,Sunset Gardens,P1-U32,,,0
2025-01-23,1,Sunset Gardens,P1-U33,,,0
2025-01-23,1,Sunset Gardens,P1-U34,97,Resident97 Last97,3693
2025-01-23,1,Sunset Gardens,P1-U35,,,0
2025-01-23,1,Sunset Gardens,P1-U36,,,0
2025-01-23,1,Sunset Gardens,P1-U37,23,Resident23 Last23,6826
2025-01-23,1,Sunset Gardens,P1-U38,24,Resident24 Last24,5319
2025-01-23,1,Sunset Gardens,P1-U39,,,0
2025-01-23,1,Sunset Gardens,P1-U40,25,Resident25 Last25,3203
2025-01-23,1,Sunset Gardens,P1-U41,,,0
2025-01-23,1,Sunset Gardens,P1-U42,,,0
2025-01-23,1,Sunset Gardens,P1-U43,,,0
2025-01-23,1,Sunset Gardens,P1-U44,26,Resident26 Last26,4150
2025-01-23,1,Sunset Gardens,P1-U45,27,Resident27 Last27,3792
2025-01-23,1,Sunset Gardens,P1-U46,28,Resident28 Last28,4656
2025-01-23,1,Sunset Gardens,P1-U47,,,0
2025-01-23,1,Sunset Gardens,P1-U48,92,Resident92 Last92,7230
2025-01-23,1,Sunset Gardens,P1-U49,29,Resident29 Last29,4138
2025-01-23,1,Sunset Gardens,P1-U50,30,Resident30 Last30,6031
2025-01-23,2,Meadowbrook Senior Living,P2-U01,99,Resident99 Last99,6317
2025-01-23,2,Meadowbrook Senior Living,P2-U02,31,Resident31 Last31,3643
2025-01-23,2,Meadowbrook Senior Living,P2-U03,,,0
2025-01-23,2,Meadowbrook Senior Living,P2-U04,,,0
2025-01-23,2,Meadowbrook Senior Living,P2-U05,32,Resident32 Last32,5524
2025-01-23,2,Meadowbrook Senior Living,P2-U06,,,0
2025-01-23,2,Meadowbrook Senior Living,P2-U07,98,Resident98 Last98,5808
2025-01-23,2,Meadowbrook Senior Living,P2-U08,33,Resident33 Last33,7164
2025-01-23,2,Meadowbrook Senior Living,P2-U09,34,Resident34 Last34,6565
2025-01-23,2,Meadowbrook Senior Living,P2-U10,,,0
2025-01-23,2,Meadowbrook Senior Living,P2-U11,,,0
2025-01-23,2,Meadowbrook Senior Living,P2-U12,35,Resident35 Last35,5476
2025-01-23,2,Meadowbrook Senior Living,P2-U13,36,Resident36 Last36,4795
2025-01-23,2,Meadowbrook Senior Living,P2-U14,37,Resident37 Last37,6972
2025-01-23,2,Meadowbrook Senior Living,P2-U15,,,0
2025-01-23,2,Meadowbrook Senior Living,P2-U16,38,Resident38 Last38,6144
2025-01-23,2,Meadowbrook Senior Living,P2-U17,39,Resident39 Last39,3646
2025-01-23,2,Meadowbrook Senior Living,P2-U18,40,Resident40 Last40,6397
2025-01-23,2,Meadowbrook Senior Living,P2-U19,,,0
2025-01-23,2,Meadowbrook Senior Living,P2-U20,41,Resident41 Last41,3058
2025-01-23,2,Meadowbrook Senior Living,P2-U21,42,Resident42 Last42,4782
2025-01-23,2,Meadowbrook Senior Living,P2-U22,43,Resident43 Last43,5894
2025-01-23,2,Meadowbrook Senior Living,P2-U23,,,0
2025-01-23,2,Meadowbrook Senior Living,P2-U24,44,Resident44 Last44,7471
2025-01-23,2,Meadowbrook Senior Living,P2-U25,,,0
2025-01-23,2,Meadowbrook Senior Living,P2-U26,,,0
2025-01-23,2,Meadowbrook Senior Living,P2-U27,,,0
2025-01-23,2,Meadowbrook Senior Living,P2-U28,,,0
2025-01-23,2,Meadowbrook Senior Living,P2-U29,,,0
2025-01-23,2,Meadowbrook Senior Living,P2-U30,,,0
2025-01-23,2,Meadowbrook Senior Living,P2-U31,,,0
2025-01-23,2,Meadowbrook Senior Living,P2-U32,,,0
2025-01-23,2,Meadowbrook Senior Living,P2-U33,,,0
2025-01-23,2,Meadowbrook Senior Living,P2-U34,,,0
2025-01-23,2,Meadowbrook Senior Living,P2-U35,,,0
2025-01-23,2,Meadowbrook Senior Living,P2-U36,,,0
2025-01-23,2,Meadowbrook Senior Living,P2-U37,47,Resident47 Last47,5894
2025-01-23,2,Meadowbrook Senior Living,P2-U38,48,Resident48 Last48,3847
2025-01-23,2,Meadowbrook Senior Living,P2-U39,,,0
2025-01-23,2,Meadowbrook Senior Living,P2-U40,50,Resident50 Last50,5383
2025-01-23,2,Meadowbrook Senior Living,P2-U41,,,0
2025-01-23,2,Meadowbrook Senior Living,P2-U42,51,Resident51 Last51,6956
2025-01-23,2,Meadowbrook Senior Living,P2-U43,,,0
2025-01-23,2,Meadowbrook Senior Living,P2-U44,53,Resident53 Last53,6044
2025-01-23,2,Meadowbrook Senior Living,P2-U45,,,0
2025-01-23,2,Meadowbrook Senior Living,P2-U46,54,Resident54 Last54,4954
2025-01-23,2,Meadowbrook Senior Living,P2-U47,55,Resident55 Last55,7311
2025-01-23,2,Meadowbrook Senior Living,P2-U48,56,Resident56 Last56,3751
2025-01-23,2,Meadowbrook Senior Living,P2-U49,57,Resident57 Last57,3429
2025-01-23,2,Meadowbrook Senior Living,P2-U50,,,0
2025-01-23,3,Riverside Retirement Community,P3-U01,58,Resident58 Last58,6334
2025-01-23,3,Riverside Retirement Community,P3-U02,,,0
2025-01-23,3,Riverside Retirement Community,P3-U03,,,0
2025-01-23,3,Riverside Retirement Community,P3-U04,,,0
2025-01-23,3,Riverside Retirement Community,P3-U05,,,0
2025-01-23,3,Riverside Retirement Community,P3-U06,60,Resident60 Last60,4602
2025-01-23,3,Riverside Retirement Community,P3-U07,61,Resident61 Last61,3142
2025-01-23,3,Riverside Retirement Community,P3-U08,62,Resident62 Last62,5599
2025-01-23,3,Riverside Retirement Community,P3-U09,63,Resident63 Last63,4741
2025-01-23,3,Riverside Retirement Community,P3-U10,,,0
2025-01-23,3,Riverside Retirement Community,P3-U11,96,Resident96 Last96,3484
2025-01-23,3,Riverside Retirement Community,P3-U12,,,0
2025-01-23,3,Riverside Retirement Community,P3-U13,,,0
2025-01-23,3,Riverside Retirement Community,P3-U14,64,Resident64 Last64,4016
2025-01-23,3,Riverside Retirement Community,P3-U15,65,Resident65 Last65,5094
2025-01-23,3,Riverside Retirement Community,P3-U16,66,Resident66 Last66,7369
2025-01-23,3,Riverside Retirement Community,P3-U17,,,0
2025-01-23,3,Riverside Retirement Community,P3-U18,,,0
2025-01-23,3,Riverside Retirement Community,P3-U19,,,0
2025-01-23,3,Riverside Retirement Community,P3-U20,,,0
2025-01-23,3,Riverside Retirement Community,P3-U21,,,0
2025-01-23,3,Riverside Retirement Community,P3-U22,71,Resident71 Last71,3684
2025-01-23,3,Riverside Retirement Community,P3-U23,72,Resident72 Last72,3763
2025-01-23,3,Riverside Retirement Community,P3-U24,73,Resident73 Last73,3612
2025-01-23,3,Riverside Retirement Community,P3-U25,74,Resident74 Last74,6679
2025-01-23,3,Riverside Retirement Community,P3-U26,,,0
2025-01-23,3,Riverside Retirement Community,P3-U27,,,0
2025-01-23,3,Riverside Retirement Community,P3-U28,,,0
2025-01-23,3,Riverside Retirement Community,P3-U29,,,0
2025-01-23,3,Riverside Retirement Community,P3-U30,,,0
2025-01-23,3,Riverside Retirement Community,P3-U31,,,0
2025-01-23,3,Riverside Retirement Community,P3-U32,75,Resident75 Last75,6998
2025-01-23,3,Riverside Retirement Community,P3-U33,,,0
2025-01-23,3,Riverside Retirement Community,P3-U34,77,Resident77 Last77,4456
2025-01-23,3,Riverside Retirement Community,P3-U35,,,0
2025-01-23,3,Riverside Retirement Community,P3-U36,78,Resident78 Last78,6502
2025-01-23,3,Riverside Retirement Community,P3-U37,,,0
2025-01-23,3,Riverside Retirement Community,P3-U38,79,Resident79 Last79,7014
2025-01-23,3,Riverside Retirement Community,P3-U39,80,Resident80 Last80,4317
2025-01-23,3,Riverside Retirement Community,P3-U40,81,Resident81 Last81,5835
2025-01-23,3,Riverside Retirement Community,P3-U41,82,Resident82 Last82,3465
2025-01-23,3,Riverside Retirement Community,P3-U42,83,Resident83 Last83,4381
2025-01-23,3,Riverside Retirement Community,P3-U43,,,0
2025-01-23,3,Riverside Retirement Community,P3-U44,84,Resident84 Last84,6325
2025-01-23,3,Riverside Retirement Community,P3-U45,,,0
2025-01-23,3,Riverside Retirement Community,P3-U46,,,0
2025-01-23,3,Riverside Retirement Community,P3-U47,85,Resident85 Last85,6135
2025-01-23,3,Riverside Retirement Community,P3-U48,86,Resident86 Last86,4208
2025-01-23,3,Riverside Retirement Community,P3-U49,87,Resident87 Last87,4723
2025-01-23,3,Riverside Retirement Community,P3-U50,88,Resident88 Last88,3664
2025-01-24,1,Sunset Gardens,P1-U01,,,0
2025-01-24,1,Sunset Gardens,P1-U02,1,Resident1 Last1,4103
2025-01-24,1,Sunset Gardens,P1-U03,2,Resident2 Last2,4626
2025-01-24,1,Sunset Gardens,P1-U04,,,0
2025-01-24,1,Sunset Gardens,P1-U05,4,Resident4 Last4,4469
2025-01-24,1,Sunset Gardens,P1-U06,,,0
2025-01-24,1,Sunset Gardens,P1-U07,5,Resident5 Last5,6368
2025-01-24,1,Sunset Gardens,P1-U08,6,Resident6 Last6,4726
2025-01-24,1,Sunset Gardens,P1-U09,,,0
2025-01-24,1,Sunset Gardens,P1-U10,8,Resident8 Last8,5207
2025-01-24,1,Sunset Gardens,P1-U11,9,Resident9 Last9,6915
2025-01-24,1,Sunset Gardens,P1-U12,,,0
2025-01-24,1,Sunset Gardens,P1-U13,11,Resident11 Last11,4505
2025-01-24,1,Sunset Gardens,P1-U14,12,Resident12 Last12,6471
2025-01-24,1,Sunset Gardens,P1-U15,,,0
2025-01-24,1,Sunset Gardens,P1-U16,,,0
2025-01-24,1,Sunset Gardens,P1-U17,,,0
2025-01-24,1,Sunset Gardens,P1-U18,13,Resident13 Last13,3438
2025-01-24,1,Sunset Gardens,P1-U19,14,Resident14 Last14,5725
2025-01-24,1,Sunset Gardens,P1-U20,,,0
2025-01-24,1,Sunset Gardens,P1-U21,15,Resident15 Last15,7434
2025-01-24,1,Sunset Gardens,P1-U22,,,0
2025-01-24,1,Sunset Gardens,P1-U23,,,0
2025-01-24,1,Sunset Gardens,P1-U24,89,Resident89 Last89,4218
2025-01-24,1,Sunset Gardens,P1-U25,,,0
2025-01-24,1,Sunset Gardens,P1-U26,16,Resident16 Last16,6062
2025-01-24,1,Sunset Gardens,P1-U27,,,0
2025-01-24,1,Sunset Gardens,P1-U28,17,Resident17 Last17,4390
2025-01-24,1,Sunset Gardens,P1-U29,18,Resident18 Last18,3165
2025-01-24,1,Sunset Gardens,P1-U30,91,Resident91 Last91,6743
2025-01-24,1,Sunset Gardens,P1-U31,19,Resident19 Last19,3698
2025-01-24,1,Sunset Gardens,P1-U32,,,0
2025-01-24,1,Sunset Gardens,P1-U33,,,0
2025-01-24,1,Sunset Gardens,P1-U34,97,Resident97 Last97,3693
2025-01-24,1,Sunset Gardens,P1-U35,,,0
2025-01-24,1,Sunset Gardens,P1-U36,,,0
2025-01-24,1,Sunset Gardens,P1-U37,23,Resident23 Last23,6826
2025-01-24,1,Sunset Gardens,P1-U38,24,Resident24 Last24,5319
2025-01-24,1,Sunset Gardens,P1-U39,,,0
2025-01-24,1,Sunset Gardens,P1-U40,25,Resident25 Last25,3203
2025-01-24,1,Sunset Gardens,P1-U41,,,0
2025-01-24,1,Sunset Gardens,P1-U42,,,0
2025-01-24,1,Sunset Gardens,P1-U43,,,0
2025-01-24,1,Sunset Gardens,P1-U44,26,Resident26 Last26,4150
2025-01-24,1,Sunset Gardens,P1-U45,27,Resident27 Last27,3792
2025-01-24,1,Sunset Gardens,P1-U46,28,Resident28 Last28,4656
2025-01-24,1,Sunset Gardens,P1-U47,,,0
2025-01-24,1,Sunset Gardens,P1-U48,92,Resident92 Last92,7230
2025-01-24,1,Sunset Gardens,P1-U49,29,Resident29 Last29,4138
2025-01-24,1,Sunset Gardens,P1-U50,30,Resident30 Last30,6031
2025-01-24,2,Meadowbrook Senior Living,P2-U01,99,Resident99 Last99,6317
2025-01-24,2,Meadowbrook Senior Living,P2-U02,31,Resident31 Last31,3643
2025-01-24,2,Meadowbrook Senior Living,P2-U03,,,0
2025-01-24,2,Meadowbrook Senior Living,P2-U04,,,0
2025-01-24,2,Meadowbrook Senior Living,P2-U05,32,Resident32 Last32,5524
2025-01-24,2,Meadowbrook Senior Living,P2-U06,,,0
2025-01-24,2,Meadowbrook Senior Living,P2-U07,98,Resident98 Last98,5808
2025-01-24,2,Meadowbrook Senior Living,P2-U08,33,Resident33 Last33,7164
2025-01-24,2,Meadowbrook Senior Living,P2-U09,34,Resident34 Last34,6565
2025-01-24,2,Meadowbrook Senior Living,P2-U10,,,0
2025-01-24,2,Meadowbrook Senior Living,P2-U11,,,0
2025-01-24,2,Meadowbrook Senior Living,P2-U12,35,Resident35 Last35,5476
2025-01-24,2,Meadowbrook Senior Living,P2-U13,36,Resident36 Last36,4795
2025-01-24,2,Meadowbrook Senior Living,P2-U14,37,Resident37 Last37,6972
2025-01-24,2,Meadowbrook Senior Living,P2-U15,,,0
2025-01-24,2,Meadowbrook Senior Living,P2-U16,38,Resident38 Last38,6144
2025-01-24,2,Meadowbrook Senior Living,P2-U17,39,Resident39 Last39,3646
2025-01-24,2,Meadowbrook Senior Living,P2-U18,40,Resident40 Last40,6397
2025-01-24,2,Meadowbrook Senior Living,P2-U19,,,0
2025-01-24,2,Meadowbrook Senior Living,P2-U20,41,Resident41 Last41,3058
2025-01-24,2,Meadowbrook Senior Living,P2-U21,42,Resident42 Last42,4782
2025-01-24,2,Meadowbrook Senior Living,P2-U22,43,Resident43 Last43,5894
2025-01-24,2,Meadowbrook Senior Living,P2-U23,,,0
2025-01-24,2,Meadowbrook Senior Living,P2-U24,44,Resident44 Last44,7471
2025-01-24,2,Meadowbrook Senior Living,P2-U25,,,0
2025-01-24,2,Meadowbrook Senior Living,P2-U26,,,0
2025-01-24,2,Meadowbrook Senior Living,P2-U27,,,0
2025-01-24,2,Meadowbrook Senior Living,P2-U28,,,0
2025-01-24,2,Meadowbrook Senior Living,P2-U29,,,0
2025-01-24,2,Meadowbrook Senior Living,P2-U30,,,0
2025-01-24,2,Meadowbrook Senior Living,P2-U31,,,0
2025-01-24,2,Meadowbrook Senior Living,P2-U32,,,0
2025-01-24,2,Meadowbrook Senior Living,P2-U33,,,0
2025-01-24,2,Meadowbrook Senior Living,P2-U34,,,0
2025-01-24,2,Meadowbrook Senior Living,P2-U35,,,0
2025-01-24,2,Meadowbrook Senior Living,P2-U36,,,0
2025-01-24,2,Meadowbrook Senior Living,P2-U37,47,Resident47 Last47,5894
2025-01-24,2,Meadowbrook Senior Living,P2-U38,48,Resident48 Last48,3847
2025-01-24,2,Meadowbrook Senior Living,P2-U39,,,0
2025-01-24,2,Meadowbrook Senior Living,P2-U40,50,Resident50 Last50,5383
2025-01-24,2,Meadowbrook Senior Living,P2-U41,,,0
2025-01-24,2,Meadowbrook Senior Living,P2-U42,51,Resident51 Last51,6956
2025-01-24,2,Meadowbrook Senior Living,P2-U43,,,0
2025-01-24,2,Meadowbrook Senior Living,P2-U44,53,Resident53 Last53,6044
2025-01-24,2,Meadowbrook Senior Living,P2-U45,,,0
2025-01-24,2,Meadowbrook Senior Living,P2-U46,54,Resident54 Last54,4954
2025-01-24,2,Meadowbrook Senior Living,P2-U47,55,Resident55 Last55,7311
2025-01-24,2,Meadowbrook Senior Living,P2-U48,56,Resident56 Last56,3751
2025-01-24,2,Meadowbrook Senior Living,P2-U49,57,Resident57 Last57,3429
2025-01-24,2,Meadowbrook Senior Living,P2-U50,,,0
2025-01-24,3,Riverside Retirement Community,P3-U01,58,Resident58 Last58,6334
2025-01-24,3,Riverside Retirement Community,P3-U02,,,0
2025-01-24,3,Riverside Retirement Community,P3-U03,,,0
2025-01-24,3,Riverside Retirement Community,P3-U04,,,0
2025-01-24,3,Riverside Retirement Community,P3-U05,,,0
2025-01-24,3,Riverside Retirement Community,P3-U06,60,Resident60 Last60,4602
2025-01-24,3,Riverside Retirement Community,P3-U07,61,Resident61 Last61,3142
2025-01-24,3,Riverside Retirement Community,P3-U08,62,Resident62 Last62,5599
2025-01-24,3,Riverside Retirement Community,P3-U09,63,Resident63 Last63,4741
2025-01-24,3,Riverside Retirement Community,P3-U10,,,0
2025-01-24,3,Riverside Retirement Community,P3-U11,96,Resident96 Last96,3484
2025-01-24,3,Riverside Retirement Community,P3-U12,,,0
2025-01-24,3,Riverside Retirement Community,P3-U13,,,0
2025-01-24,3,Riverside Retirement Community,P3-U14,64,Resident64 Last64,4016
2025-01-24,3,Riverside Retirement Community,P3-U15,65,Resident65 Last65,5094
2025-01-24,3,Riverside Retirement Community,P3-U16,66,Resident66 Last66,7369
2025-01-24,3,Riverside Retirement Community,P3-U17,,,0
2025-01-24,3,Riverside Retirement Community,P3-U18,,,0
2025-01-24,3,Riverside Retirement Community,P3-U19,,,0
2025-01-24,3,Riverside Retirement Community,P3-U20,,,0
2025-01-24,3,Riverside Retirement Community,P3-U21,,,0
2025-01-24,3,Riverside Retirement Community,P3-U22,71,Resident71 Last71,3684
2025-01-24,3,Riverside Retirement Community,P3-U23,72,Resident72 Last72,3763
2025-01-24,3,Riverside Retirement Community,P3-U24,73,Resident73 Last73,3612
2025-01-24,3,Riverside Retirement Community,P3-U25,74,Resident74 Last74,6679
2025-01-24,3,Riverside Retirement Community,P3-U26,,,0
2025-01-24,3,Riverside Retirement Community,P3-U27,,,0
2025-01-24,3,Riverside Retirement Community,P3-U28,,,0
2025-01-24,3,Riverside Retirement Community,P3-U29,,,0
2025-01-24,3,Riverside Retirement Community,P3-U30,,,0
2025-01-24,3,Riverside Retirement Community,P3-U31,,,0
2025-01-24,3,Riverside Retirement Community,P3-U32,75,Resident75 Last75,6998
2025-01-24,3,Riverside Retirement Community,P3-U33,,,0
2025-01-24,3,Riverside Retirement Community,P3-U34,77,Resident77 Last77,4456
2025-01-24,3,Riverside Retirement Community,P3-U35,,,0
2025-01-24,3,Riverside Retirement Community,P3-U36,78,Resident78 Last78,6502
2025-01-24,3,Riverside Retirement Community,P3-U37,,,0
2025-01-24,3,Riverside Retirement Community,P3-U38,79,Resident79 Last79,7014
2025-01-24,3,Riverside Retirement Community,P3-U39,80,Resident80 Last80,4317
2025-01-24,3,Riverside Retirement Community,P3-U40,81,Resident81 Last81,5835
2025-01-24,3,Riverside Retirement Community,P3-U41,82,Resident82 Last82,3465
2025-01-24,3,Riverside Retirement Community,P3-U42,83,Resident83 Last83,4381
2025-01-24,3,Riverside Retirement Community,P3-U43,,,0
2025-01-24,3,Riverside Retirement Community,P3-U44,84,Resident84 Last84,6325
2025-01-24,3,Riverside Retirement Community,P3-U45,,,0
2025-01-24,3,Riverside Retirement Community,P3-U46,,,0
2025-01-24,3,Riverside Retirement Community,P3-U47,85,Resident85 Last85,6135
2025-01-24,3,Riverside Retirement Community,P3-U48,86,Resident86 Last86,4208
2025-01-24,3,Riverside Retirement Community,P3-U49,87,Resident87 Last87,4723
2025-01-24,3,Riverside Retirement Community,P3-U50,88,Resident88 Last88,3664
2025-01-25,1,Sunset Gardens,P1-U01,,,0
2025-01-25,1,Sunset Gardens,P1-U02,1,Resident1 Last1,4103
2025-01-25,1,Sunset Gardens,P1-U03,2,Resident2 Last2,4626
2025-01-25,1,Sunset Gardens,P1-U04,,,0
2025-01-25,1,Sunset Gardens,P1-U05,4,Resident4 Last4,4469
2025-01-25,1,Sunset Gardens,P1-U06,,,0
2025-01-25,1,Sunset Gardens,P1-U07,5,Resident5 Last5,6368
2025-01-25,1,Sunset Gardens,P1-U08,6,Resident6 Last6,4726
2025-01-25,1,Sunset Gardens,P1-U09,,,0
2025-01-25,1,Sunset Gardens,P1-U10,8,Resident8 Last8,5207
2025-01-25,1,Sunset Gardens,P1-U11,9,Resident9 Last9,6915
2025-01-25,1,Sunset Gardens,P1-U12,,,0
2025-01-25,1,Sunset Gardens,P1-U13,11,Resident11 Last11,4505
2025-01-25,1,Sunset Gardens,P1-U14,12,Resident12 Last12,6471
2025-01-25,1,Sunset Gardens,P1-U15,,,0
2025-01-25,1,Sunset Gardens,P1-U16,,,0
2025-01-25,1,Sunset Gardens,P1-U17,,,0
2025-01-25,1,Sunset Gardens,P1-U18,13,Resident13 Last13,3438
2025-01-25,1,Sunset Gardens,P1-U19,14,Resident14 Last14,5725
2025-01-25,1,Sunset Gardens,P1-U20,,,0
2025-01-25,1,Sunset Gardens,P1-U21,15,Resident15 Last15,7434
2025-01-25,1,Sunset Gardens,P1-U22,,,0
2025-01-25,1,Sunset Gardens,P1-U23,,,0
2025-01-25,1,Sunset Gardens,P1-U24,89,Resident89 Last89,4218
2025-01-25,1,Sunset Gardens,P1-U25,,,0
2025-01-25,1,Sunset Gardens,P1-U26,16,Resident16 Last16,6062
2025-01-25,1,Sunset Gardens,P1-U27,,,0
2025-01-25,1,Sunset Gardens,P1-U28,17,Resident17 Last17,4390
2025-01-25,1,Sunset Gardens,P1-U29,18,Resident18 Last18,3165
2025-01-25,1,Sunset Gardens,P1-U30,91,Resident91 Last91,6743
2025-01-25,1,Sunset Gardens,P1-U31,19,Resident19 Last19,3698
2025-01-25,1,Sunset Gardens,P1-U32,,,0
2025-01-25,1,Sunset Gardens,P1-U33,,,0
2025-01-25,1,Sunset Gardens,P1-U34,97,Resident97 Last97,3693
2025-01-25,1,Sunset Gardens,P1-U35,,,0
2025-01-25,1,Sunset Gardens,P1-U36,,,0
2025-01-25,1,Sunset Gardens,P1-U37,23,Resident23 Last23,6826
2025-01-25,1,Sunset Gardens,P1-U38,24,Resident24 Last24,5319
2025-01-25,1,Sunset Gardens,P1-U39,,,0
2025-01-25,1,Sunset Gardens,P1-U40,25,Resident25 Last25,3203
2025-01-25,1,Sunset Gardens,P1-U41,,,0
2025-01-25,1,Sunset Gardens,P1-U42,,,0
2025-01-25,1,Sunset Gardens,P1-U43,,,0
2025-01-25,1,Sunset Gardens,P1-U44,26,Resident26 Last26,4150
2025-01-25,1,Sunset Gardens,P1-U45,27,Resident27 Last27,3792
2025-01-25,1,Sunset Gardens,P1-U46,28,Resident28 Last28,4656
2025-01-25,1,Sunset Gardens,P1-U47,,,0
2025-01-25,1,Sunset Gardens,P1-U48,92,Resident92 Last92,7230
2025-01-25,1,Sunset Gardens,P1-U49,29,Resident29 Last29,4138
2025-01-25,1,Sunset Gardens,P1-U50,30,Resident30 Last30,6031
2025-01-25,2,Meadowbrook Senior Living,P2-U01,99,Resident99 Last99,6317
2025-01-25,2,Meadowbrook Senior Living,P2-U02,31,Resident31 Last31,3643
2025-01-25,2,Meadowbrook Senior Living,P2-U03,,,0
2025-01-25,2,Meadowbrook Senior Living,P2-U04,,,0
2025-01-25,2,Meadowbrook Senior Living,P2-U05,32,Resident32 Last32,5524
2025-01-25,2,Meadowbrook Senior Living,P2-U06,,,0
2025-01-25,2,Meadowbrook Senior Living,P2-U07,98,Resident98 Last98,5808
2025-01-25,2,Meadowbrook Senior Living,P2-U08,33,Resident33 Last33,7164
2025-01-25,2,Meadowbrook Senior Living,P2-U09,34,Resident34 Last34,6565
2025-01-25,2,Meadowbrook Senior Living,P2-U10,,,0
2025-01-25,2,Meadowbrook Senior Living,P2-U11,,,0
2025-01-25,2,Meadowbrook Senior Living,P2-U12,35,Resident35 Last35,5476
2025-01-25,2,Meadowbrook Senior Living,P2-U13,36,Resident36 Last36,4795
2025-01-25,2,Meadowbrook Senior Living,P2-U14,37,Resident37 Last37,6972
2025-01-25,2,Meadowbrook Senior Living,P2-U15,,,0
2025-01-25,2,Meadowbrook Senior Living,P2-U16,38,Resident38 Last38,6144
2025-01-25,2,Meadowbrook Senior Living,P2-U17,39,Resident39 Last39,3646
2025-01-25,2,Meadowbrook Senior Living,P2-U18,40,Resident40 Last40,6397
2025-01-25,2,Meadowbrook Senior Living,P2-U19,,,0
2025-01-25,2,Meadowbrook Senior Living,P2-U20,41,Resident41 Last41,3058
2025-01-25,2,Meadowbrook Senior Living,P2-U21,42,Resident42 Last42,4782
2025-01-25,2,Meadowbrook Senior Living,P2-U22,43,Resident43 Last43,5894
2025-01-25,2,Meadowbrook Senior Living,P2-U23,,,0
2025-01-25,2,Meadowbrook Senior Living,P2-U24,44,Resident44 Last44,7471
2025-01-25,2,Meadowbrook Senior Living,P2-U25,,,0
2025-01-25,2,Meadowbrook Senior Living,P2-U26,,,0
2025-01-25,2,Meadowbrook Senior Living,P2-U27,,,0
2025-01-25,2,Meadowbrook Senior Living,P2-U28,,,0
2025-01-25,2,Meadowbrook Senior Living,P2-U29,,,0
2025-01-25,2,Meadowbrook Senior Living,P2-U30,,,0
2025-01-25,2,Meadowbrook Senior Living,P2-U31,,,0
2025-01-25,2,Meadowbrook Senior Living,P2-U32,,,0
2025-01-25,2,Meadowbrook Senior Living,P2-U33,,,0
2025-01-25,2,Meadowbrook Senior Living,P2-U34,,,0
2025-01-25,2,Meadowbrook Senior Living,P2-U35,,,0
2025-01-25,2,Meadowbrook Senior Living,P2-U36,,,0
2025-01-25,2,Meadowbrook Senior Living,P2-U37,47,Resident47 Last47,5894
2025-01-25,2,Meadowbrook Senior Living,P2-U38,48,Resident48 Last48,3847
2025-01-25,2,Meadowbrook Senior Living,P2-U39,,,0
2025-01-25,2,Meadowbrook Senior Living,P2-U40,50,Resident50 Last50,5383
2025-01-25,2,Meadowbrook Senior Living,P2-U41,,,0
2025-01-25,2,Meadowbrook Senior Living,P2-U42,51,Resident51 Last51,6956
2025-01-25,2,Meadowbrook Senior Living,P2-U43,,,0
2025-01-25,2,Meadowbrook Senior Living,P2-U44,53,Resident53 Last53,6044
2025-01-25,2,Meadowbrook Senior Living,P2-U45,,,0
2025-01-25,2,Meadowbrook Senior Living,P2-U46,54,Resident54 Last54,4954
2025-01-25,2,Meadowbrook Senior Living,P2-U47,55,Resident55 Last55,7311
2025-01-25,2,Meadowbrook Senior Living,P2-U48,56,Resident56 Last56,3751
2025-01-25,2,Meadowbrook Senior Living,P2-U49,57,Resident57 Last57,3429
2025-01-25,2,Meadowbrook Senior Living,P2-U50,,,0
2025-01-25,3,Riverside Retirement Community,P3-U01,58,Resident58 Last58,6334
2025-01-25,3,Riverside Retirement Community,P3-U02,,,0
2025-01-25,3,Riverside Retirement Community,P3-U03,,,0
2025-01-25,3,Riverside Retirement Community,P3-U04,,,0
2025-01-25,3,Riverside Retirement Community,P3-U05,,,0
2025-01-25,3,Riverside Retirement Community,P3-U06,60,Resident60 Last60,4602
2025-01-25,3,Riverside Retirement Community,P3-U07,61,Resident61 Last61,3142
2025-01-25,3,Riverside Retirement Community,P3-U08,62,Resident62 Last62,5599
2025-01-25,3,Riverside Retirement Community,P3-U09,63,Resident63 Last63,4741
2025-01-25,3,Riverside Retirement Community,P3-U10,,,0
2025-01-25,3,Riverside Retirement Community,P3-U11,96,Resident96 Last96,3484
2025-01-25,3,Riverside Retirement Community,P3-U12,,,0
2025-01-25,3,Riverside Retirement Community,P3-U13,,,0
2025-01-25,3,Riverside Retirement Community,P3-U14,64,Resident64 Last64,4016
2025-01-25,3,Riverside Retirement Community,P3-U15,65,Resident65 Last65,5094
2025-01-25,3,Riverside Retirement Community,P3-U16,66,Resident66 Last66,7369
2025-01-25,3,Riverside Retirement Community,P3-U17,,,0
2025-01-25,3,Riverside Retirement Community,P3-U18,,,0
2025-01-25,3,Riverside Retirement Community,P3-U19,,,0
2025-01-25,3,Riverside Retirement Community,P3-U20,,,0
2025-01-25,3,Riverside Retirement Community,P3-U21,,,0
2025-01-25,3,Riverside Retirement Community,P3-U22,71,Resident71 Last71,3684
2025-01-25,3,Riverside Retirement Community,P3-U23,72,Resident72 Last72,3763
2025-01-25,3,Riverside Retirement Community,P3-U24,73,Resident73 Last73,3612
2025-01-25,3,Riverside Retirement Community,P3-U25,74,Resident74 Last74,6679
2025-01-25,3,Riverside Retirement Community,P3-U26,,,0
2025-01-25,3,Riverside Retirement Community,P3-U27,,,0
2025-01-25,3,Riverside Retirement Community,P3-U28,,,0
2025-01-25,3,Riverside Retirement Community,P3-U29,,,0
2025-01-25,3,Riverside Retirement Community,P3-U30,,,0
2025-01-25,3,Riverside Retirement Community,P3-U31,,,0
2025-01-25,3,Riverside Retirement Community,P3-U32,75,Resident75 Last75,6998
2025-01-25,3,Riverside Retirement Community,P3-U33,,,0
2025-01-25,3,Riverside Retirement Community,P3-U34,77,Resident77 Last77,4456
2025-01-25,3,Riverside Retirement Community,P3-U35,,,0
2025-01-25,3,Riverside Retirement Community,P3-U36,78,Resident78 Last78,6502
2025-01-25,3,Riverside Retirement Community,P3-U37,,,0
2025-01-25,3,Riverside Retirement Community,P3-U38,79,Resident79 Last79,7014
2025-01-25,3,Riverside Retirement Community,P3-U39,80,Resident80 Last80,4317
2025-01-25,3,Riverside Retirement Community,P3-U40,81,Resident81 Last81,5835
2025-01-25,3,Riverside Retirement Community,P3-U41,82,Resident82 Last82,3465
2025-01-25,3,Riverside Retirement Community,P3-U42,83,Resident83 Last83,4381
2025-01-25,3,Riverside Retirement Community,P3-U43,,,0
2025-01-25,3,Riverside Retirement Community,P3-U44,84,Resident84 Last84,6325
2025-01-25,3,Riverside Retirement Community,P3-U45,,,0
2025-01-25,3,Riverside Retirement Community,P3-U46,,,0
2025-01-25,3,Riverside Retirement Community,P3-U47,85,Resident85 Last85,6135
2025-01-25,3,Riverside Retirement Community,P3-U48,86,Resident86 Last86,4208
2025-01-25,3,Riverside Retirement Community,P3-U49,87,Resident87 Last87,4723
2025-01-25,3,Riverside Retirement Community,P3-U50,88,Resident88 Last88,3664
2025-01-26,1,Sunset Gardens,P1-U01,,,0
2025-01-26,1,Sunset Gardens,P1-U02,1,Resident1 Last1,4103
2025-01-26,1,Sunset Gardens,P1-U03,2,Resident2 Last2,4626
2025-01-26,1,Sunset Gardens,P1-U04,,,0
2025-01-26,1,Sunset Gardens,P1-U05,4,Resident4 Last4,4469
2025-01-26,1,Sunset Gardens,P1-U06,,,0
2025-01-26,1,Sunset Gardens,P1-U07,5,Resident5 Last5,6368
2025-01-26,1,Sunset Gardens,P1-U08,6,Resident6 Last6,4726
2025-01-26,1,Sunset Gardens,P1-U09,,,0
2025-01-26,1,Sunset Gardens,P1-U10,8,Resident8 Last8,5207
2025-01-26,1,Sunset Gardens,P1-U11,9,Resident9 Last9,6915
2025-01-26,1,Sunset Gardens,P1-U12,,,0
2025-01-26,1,Sunset Gardens,P1-U13,11,Resident11 Last11,4505
2025-01-26,1,Sunset Gardens,P1-U14,12,Resident12 Last12,6471
2025-01-26,1,Sunset Gardens,P1-U15,,,0
2025-01-26,1,Sunset Gardens,P1-U16,,,0
2025-01-26,1,Sunset Gardens,P1-U17,,,0
2025-01-26,1,Sunset Gardens,P1-U18,13,Resident13 Last13,3438
2025-01-26,1,Sunset Gardens,P1-U19,14,Resident14 Last14,5725
2025-01-26,1,Sunset Gardens,P1-U20,,,0
2025-01-26,1,Sunset Gardens,P1-U21,15,Resident15 Last15,7434
2025-01-26,1,Sunset Gardens,P1-U22,,,0
2025-01-26,1,Sunset Gardens,P1-U23,,,0
2025-01-26,1,Sunset Gardens,P1-U24,89,Resident89 Last89,4218
2025-01-26,1,Sunset Gardens,P1-U25,,,0
2025-01-26,1,Sunset Gardens,P1-U26,16,Resident16 Last16,6062
2025-01-26,1,Sunset Gardens,P1-U27,,,0
2025-01-26,1,Sunset Gardens,P1-U28,17,Resident17 Last17,4390
2025-01-26,1,Sunset Gardens,P1-U29,18,Resident18 Last18,3165
2025-01-26,1,Sunset Gardens,P1-U30,91,Resident91 Last91,6743
2025-01-26,1,Sunset Gardens,P1-U31,19,Resident19 Last19,3698
2025-01-26,1,Sunset Gardens,P1-U32,,,0
2025-01-26,1,Sunset Gardens,P1-U33,,,0
2025-01-26,1,Sunset Gardens,P1-U34,97,Resident97 Last97,3693
2025-01-26,1,Sunset Gardens,P1-U35,,,0
2025-01-26,1,Sunset Gardens,P1-U36,,,0
2025-01-26,1,Sunset Gardens,P1-U37,23,Resident23 Last23,6826
2025-01-26,1,Sunset Gardens,P1-U38,24,Resident24 Last24,5319
2025-01-26,1,Sunset Gardens,P1-U39,,,0
2025-01-26,1,Sunset Gardens,P1-U40,25,Resident25 Last25,3203
2025-01-26,1,Sunset Gardens,P1-U41,,,0
2025-01-26,1,Sunset Gardens,P1-U42,,,0
2025-01-26,1,Sunset Gardens,P1-U43,,,0
2025-01-26,1,Sunset Gardens,P1-U44,26,Resident26 Last26,4150
2025-01-26,1,Sunset Gardens,P1-U45,27,Resident27 Last27,3792
2025-01-26,1,Sunset Gardens,P1-U46,28,Resident28 Last28,4656
2025-01-26,1,Sunset Gardens,P1-U47,,,0
2025-01-26,1,Sunset Gardens,P1-U48,92,Resident92 Last92,7230
2025-01-26,1,Sunset Gardens,P1-U49,29,Resident29 Last29,4138
2025-01-26,1,Sunset Gardens,P1-U50,30,Resident30 Last30,6031
2025-01-26,2,Meadowbrook Senior Living,P2-U01,99,Resident99 Last99,6317
2025-01-26,2,Meadowbrook Senior Living,P2-U02,31,Resident31 Last31,3643
2025-01-26,2,Meadowbrook Senior Living,P2-U03,,,0
2025-01-26,2,Meadowbrook Senior Living,P2-U04,,,0
2025-01-26,2,Meadowbrook Senior Living,P2-U05,32,Resident32 Last32,5524
2025-01-26,2,Meadowbrook Senior Living,P2-U06,,,0
2025-01-26,2,Meadowbrook Senior Living,P2-U07,98,Resident98 Last98,5808
2025-01-26,2,Meadowbrook Senior Living,P2-U08,33,Resident33 Last33,7164
2025-01-26,2,Meadowbrook Senior Living,P2-U09,34,Resident34 Last34,6565
2025-01-26,2,Meadowbrook Senior Living,P2-U10,,,0
2025-01-26,2,Meadowbrook Senior Living,P2-U11,,,0
2025-01-26,2,Meadowbrook Senior Living,P2-U12,35,Resident35 Last35,5476
2025-01-26,2,Meadowbrook Senior Living,P2-U13,36,Resident36 Last36,4795
2025-01-26,2,Meadowbrook Senior Living,P2-U14,37,Resident37 Last37,6972
2025-01-26,2,Meadowbrook Senior Living,P2-U15,,,0
2025-01-26,2,Meadowbrook Senior Living,P2-U16,38,Resident38 Last38,6144
2025-01-26,2,Meadowbrook Senior Living,P2-U17,39,Resident39 Last39,3646
2025-01-26,2,Meadowbrook Senior Living,P2-U18,40,Resident40 Last40,6397
2025-01-26,2,Meadowbrook Senior Living,P2-U19,,,0
2025-01-26,2,Meadowbrook Senior Living,P2-U20,41,Resident41 Last41,3058
2025-01-26,2,Meadowbrook Senior Living,P2-U21,42,Resident42 Last42,4782
2025-01-26,2,Meadowbrook Senior Living,P2-U22,43,Resident43 Last43,5894
2025-01-26,2,Meadowbrook Senior Living,P2-U23,,,0
2025-01-26,2,Meadowbrook Senior Living,P2-U24,44,Resident44 Last44,7471
2025-01-26,2,Meadowbrook Senior Living,P2-U25,,,0
2025-01-26,2,Meadowbrook Senior Living,P2-U26,,,0
2025-01-26,2,Meadowbrook Senior Living,P2-U27,,,0
2025-01-26,2,Meadowbrook Senior Living,P2-U28,,,0
2025-01-26,2,Meadowbrook Senior Living,P2-U29,,,0
2025-01-26,2,Meadowbrook Senior Living,P2-U30,,,0
2025-01-26,2,Meadowbrook Senior Living,P2-U31,,,0
2025-01-26,2,Meadowbrook Senior Living,P2-U32,,,0
2025-01-26,2,Meadowbrook Senior Living,P2-U33,,,0
2025-01-26,2,Meadowbrook Senior Living,P2-U34,,,0
2025-01-26,2,Meadowbrook Senior Living,P2-U35,,,0
2025-01-26,2,Meadowbrook Senior Living,P2-U36,,,0
2025-01-26,2,Meadowbrook Senior Living,P2-U37,47,Resident47 Last47,5894
2025-01-26,2,Meadowbrook Senior Living,P2-U38,48,Resident48 Last48,3847
2025-01-26,2,Meadowbrook Senior Living,P2-U39,,,0
2025-01-26,2,Meadowbrook Senior Living,P2-U40,50,Resident50 Last50,5383
2025-01-26,2,Meadowbrook Senior Living,P2-U41,,,0
2025-01-26,2,Meadowbrook Senior Living,P2-U42,51,Resident51 Last51,6956
2025-01-26,2,Meadowbrook Senior Living,P2-U43,,,0
2025-01-26,2,Meadowbrook Senior Living,P2-U44,53,Resident53 Last53,6044
2025-01-26,2,Meadowbrook Senior Living,P2-U45,,,0
2025-01-26,2,Meadowbrook Senior Living,P2-U46,54,Resident54 Last54,4954
2025-01-26,2,Meadowbrook Senior Living,P2-U47,55,Resident55 Last55,7311
2025-01-26,2,Meadowbrook Senior Living,P2-U48,56,Resident56 Last56,3751
2025-01-26,2,Meadowbrook Senior Living,P2-U49,57,Resident57 Last57,3429
2025-01-26,2,Meadowbrook Senior Living,P2-U50,,,0
2025-01-26,3,Riverside Retirement Community,P3-U01,58,Resident58 Last58,6334
2025-01-26,3,Riverside Retirement Community,P3-U02,,,0
2025-01-26,3,Riverside Retirement Community,P3-U03,,,0
2025-01-26,3,Riverside Retirement Community,P3-U04,,,0
2025-01-26,3,Riverside Retirement Community,P3-U05,,,0
2025-01-26,3,Riverside Retirement Community,P3-U06,60,Resident60 Last60,4602
2025-01-26,3,Riverside Retirement Community,P3-U07,61,Resident61 Last61,3142
2025-01-26,3,Riverside Retirement Community,P3-U08,62,Resident62 Last62,5599
2025-01-26,3,Riverside Retirement Community,P3-U09,63,Resident63 Last63,4741
2025-01-26,3,Riverside Retirement Community,P3-U10,,,0
2025-01-26,3,Riverside Retirement Community,P3-U11,96,Resident96 Last96,3484
2025-01-26,3,Riverside Retirement Community,P3-U12,,,0
2025-01-26,3,Riverside Retirement Community,P3-U13,,,0
2025-01-26,3,Riverside Retirement Community,P3-U14,64,Resident64 Last64,4016
2025-01-26,3,Riverside Retirement Community,P3-U15,65,Resident65 Last65,5094
2025-01-26,3,Riverside Retirement Community,P3-U16,66,Resident66 Last66,7369
2025-01-26,3,Riverside Retirement Community,P3-U17,,,0
2025-01-26,3,Riverside Retirement Community,P3-U18,,,0
2025-01-26,3,Riverside Retirement Community,P3-U19,,,0
2025-01-26,3,Riverside Retirement Community,P3-U20,,,0
2025-01-26,3,Riverside Retirement Community,P3-U21,,,0
2025-01-26,3,Riverside Retirement Community,P3-U22,71,Resident71 Last71,3684
2025-01-26,3,Riverside Retirement Community,P3-U23,72,Resident72 Last72,3763
2025-01-26,3,Riverside Retirement Community,P3-U24,73,Resident73 Last73,3612
2025-01-26,3,Riverside Retirement Community,P3-U25,74,Resident74 Last74,6679
2025-01-26,3,Riverside Retirement Community,P3-U26,,,0
2025-01-26,3,Riverside Retirement Community,P3-U27,,,0
2025-01-26,3,Riverside Retirement Community,P3-U28,,,0
2025-01-26,3,Riverside Retirement Community,P3-U29,,,0
2025-01-26,3,Riverside Retirement Community,P3-U30,,,0
2025-01-26,3,Riverside Retirement Community,P3-U31,,,0
2025-01-26,3,Riverside Retirement Community,P3-U32,75,Resident75 Last75,6998
2025-01-26,3,Riverside Retirement Community,P3-U33,,,0
2025-01-26,3,Riverside Retirement Community,P3-U34,77,Resident77 Last77,4456
2025-01-26,3,Riverside Retirement Community,P3-U35,,,0
2025-01-26,3,Riverside Retirement Community,P3-U36,78,Resident78 Last78,6502
2025-01-26,3,Riverside Retirement Community,P3-U37,100,Resident100 Last100,6425
2025-01-26,3,Riverside Retirement Community,P3-U38,79,Resident79 Last79,7014
2025-01-26,3,Riverside Retirement Community,P3-U39,80,Resident80 Last80,4317
2025-01-26,3,Riverside Retirement Community,P3-U40,81,Resident81 Last81,5835
2025-01-26,3,Riverside Retirement Community,P3-U41,82,Resident82 Last82,3465
2025-01-26,3,Riverside Retirement Community,P3-U42,83,Resident83 Last83,4381
2025-01-26,3,Riverside Retirement Community,P3-U43,,,0
2025-01-26,3,Riverside Retirement Community,P3-U44,84,Resident84 Last84,6325
2025-01-26,3,Riverside Retirement Community,P3-U45,,,0
2025-01-26,3,Riverside Retirement Community,P3-U46,,,0
2025-01-26,3,Riverside Retirement Community,P3-U47,85,Resident85 Last85,6135
2025-01-26,3,Riverside Retirement Community,P3-U48,86,Resident86 Last86,4208
2025-01-26,3,Riverside Retirement Community,P3-U49,87,Resident87 Last87,4723
2025-01-26,3,Riverside Retirement Community,P3-U50,88,Resident88 Last88,3664
2025-01-27,1,Sunset Gardens,P1-U01,,,0
2025-01-27,1,Sunset Gardens,P1-U02,1,Resident1 Last1,4103
2025-01-27,1,Sunset Gardens,P1-U03,2,Resident2 Last2,4626
2025-01-27,1,Sunset Gardens,P1-U04,,,0
2025-01-27,1,Sunset Gardens,P1-U05,4,Resident4 Last4,4469
2025-01-27,1,Sunset Gardens,P1-U06,,,0
2025-01-27,1,Sunset Gardens,P1-U07,5,Resident5 Last5,6368
2025-01-27,1,Sunset Gardens,P1-U08,6,Resident6 Last6,4726
2025-01-27,1,Sunset Gardens,P1-U09,,,0
2025-01-27,1,Sunset Gardens,P1-U10,8,Resident8 Last8,5207
2025-01-27,1,Sunset Gardens,P1-U11,9,Resident9 Last9,6915
2025-01-27,1,Sunset Gardens,P1-U12,,,0
2025-01-27,1,Sunset Gardens,P1-U13,11,Resident11 Last11,4505
2025-01-27,1,Sunset Gardens,P1-U14,12,Resident12 Last12,6471
2025-01-27,1,Sunset Gardens,P1-U15,,,0
2025-01-27,1,Sunset Gardens,P1-U16,,,0
2025-01-27,1,Sunset Gardens,P1-U17,,,0
2025-01-27,1,Sunset Gardens,P1-U18,13,Resident13 Last13,3438
2025-01-27,1,Sunset Gardens,P1-U19,14,Resident14 Last14,5725
2025-01-27,1,Sunset Gardens,P1-U20,,,0
2025-01-27,1,Sunset Gardens,P1-U21,15,Resident15 Last15,7434
2025-01-27,1,Sunset Gardens,P1-U22,,,0
2025-01-27,1,Sunset Gardens,P1-U23,,,0
2025-01-27,1,Sunset Gardens,P1-U24,89,Resident89 Last89,4218
2025-01-27,1,Sunset Gardens,P1-U25,,,0
2025-01-27,1,Sunset Gardens,P1-U26,16,Resident16 Last16,6062
2025-01-27,1,Sunset Gardens,P1-U27,,,0
2025-01-27,1,Sunset Gardens,P1-U28,17,Resident17 Last17,4390
2025-01-27,1,Sunset Gardens,P1-U29,18,Resident18 Last18,3165
2025-01-27,1,Sunset Gardens,P1-U30,91,Resident91 Last91,6743
2025-01-27,1,Sunset Gardens,P1-U31,19,Resident19 Last19,3698
2025-01-27,1,Sunset Gardens,P1-U32,,,0
2025-01-27,1,Sunset Gardens,P1-U33,,,0
2025-01-27,1,Sunset Gardens,P1-U34,97,Resident97 Last97,3693
2025-01-27,1,Sunset Gardens,P1-U35,,,0
2025-01-27,1,Sunset Gardens,P1-U36,,,0
2025-01-27,1,Sunset Gardens,P1-U37,23,Resident23 Last23,6826
2025-01-27,1,Sunset Gardens,P1-U38,24,Resident24 Last24,5319
2025-01-27,1,Sunset Gardens,P1-U39,,,0
2025-01-27,1,Sunset Gardens,P1-U40,25,Resident25 Last25,3203
2025-01-27,1,Sunset Gardens,P1-U41,,,0
2025-01-27,1,Sunset Gardens,P1-U42,,,0
2025-01-27,1,Sunset Gardens,P1-U43,,,0
2025-01-27,1,Sunset Gardens,P1-U44,26,Resident26 Last26,4150
2025-01-27,1,Sunset Gardens,P1-U45,27,Resident27 Last27,3792
2025-01-27,1,Sunset Gardens,P1-U46,28,Resident28 Last28,4656
2025-01-27,1,Sunset Gardens,P1-U47,,,0
2025-01-27,1,Sunset Gardens,P1-U48,92,Resident92 Last92,7230
2025-01-27,1,Sunset Gardens,P1-U49,29,Resident29 Last29,4138
2025-01-27,1,Sunset Gardens,P1-U50,30,Resident30 Last30,6031
2025-01-27,2,Meadowbrook Senior Living,P2-U01,99,Resident99 Last99,6317
2025-01-27,2,Meadowbrook Senior Living,P2-U02,31,Resident31 Last31,3643
2025-01-27,2,Meadowbrook Senior Living,P2-U03,,,0
2025-01-27,2,Meadowbrook Senior Living,P2-U04,,,0
2025-01-27,2,Meadowbrook Senior Living,P2-U05,32,Resident32 Last32,5524
2025-01-27,2,Meadowbrook Senior Living,P2-U06,,,0
2025-01-27,2,Meadowbrook Senior Living,P2-U07,98,Resident98 Last98,5808
2025-01-27,2,Meadowbrook Senior Living,P2-U08,33,Resident33 Last33,7164
2025-01-27,2,Meadowbrook Senior Living,P2-U09,34,Resident34 Last34,6565
2025-01-27,2,Meadowbrook Senior Living,P2-U10,,,0
2025-01-27,2,Meadowbrook Senior Living,P2-U11,,,0
2025-01-27,2,Meadowbrook Senior Living,P2-U12,35,Resident35 Last35,5476
2025-01-27,2,Meadowbrook Senior Living,P2-U13,36,Resident36 Last36,4795
2025-01-27,2,Meadowbrook Senior Living,P2-U14,37,Resident37 Last37,6972
2025-01-27,2,Meadowbrook Senior Living,P2-U15,,,0
2025-01-27,2,Meadowbrook Senior Living,P2-U16,38,Resident38 Last38,6144
2025-01-27,2,Meadowbrook Senior Living,P2-U17,39,Resident39 Last39,3646
2025-01-27,2,Meadowbrook Senior Living,P2-U18,40,Resident40 Last40,6397
2025-01-27,2,Meadowbrook Senior Living,P2-U19,,,0
2025-01-27,2,Meadowbrook Senior Living,P2-U20,41,Resident41 Last41,3058
2025-01-27,2,Meadowbrook Senior Living,P2-U21,42,Resident42 Last42,4782
2025-01-27,2,Meadowbrook Senior Living,P2-U22,43,Resident43 Last43,5894
2025-01-27,2,Meadowbrook Senior Living,P2-U23,,,0
2025-01-27,2,Meadowbrook Senior Living,P2-U24,44,Resident44 Last44,7471
2025-01-27,2,Meadowbrook Senior Living,P2-U25,,,0
2025-01-27,2,Meadowbrook Senior Living,P2-U26,,,0
2025-01-27,2,Meadowbrook Senior Living,P2-U27,,,0
2025-01-27,2,Meadowbrook Senior Living,P2-U28,,,0
2025-01-27,2,Meadowbrook Senior Living,P2-U29,,,0
2025-01-27,2,Meadowbrook Senior Living,P2-U30,,,0
2025-01-27,2,Meadowbrook Senior Living,P2-U31,,,0
2025-01-27,2,Meadowbrook Senior Living,P2-U32,95,Resident95 Last95,7376
2025-01-27,2,Meadowbrook Senior Living,P2-U33,,,0
2025-01-27,2,Meadowbrook Senior Living,P2-U34,,,0
2025-01-27,2,Meadowbrook Senior Living,P2-U35,,,0
2025-01-27,2,Meadowbrook Senior Living,P2-U36,,,0
2025-01-27,2,Meadowbrook Senior Living,P2-U37,47,Resident47 Last47,5894
2025-01-27,2,Meadowbrook Senior Living,P2-U38,48,Resident48 Last48,3847
2025-01-27,2,Meadowbrook Senior Living,P2-U39,,,0
2025-01-27,2,Meadowbrook Senior Living,P2-U40,50,Resident50 Last50,5383
2025-01-27,2,Meadowbrook Senior Living,P2-U41,,,0
2025-01-27,2,Meadowbrook Senior Living,P2-U42,51,Resident51 Last51,6956
2025-01-27,2,Meadowbrook Senior Living,P2-U43,,,0
2025-01-27,2,Meadowbrook Senior Living,P2-U44,53,Resident53 Last53,6044
2025-01-27,2,Meadowbrook Senior Living,P2-U45,,,0
2025-01-27,2,Meadowbrook Senior Living,P2-U46,54,Resident54 Last54,4954
2025-01-27,2,Meadowbrook Senior Living,P2-U47,55,Resident55 Last55,7311
2025-01-27,2,Meadowbrook Senior Living,P2-U48,56,Resident56 Last56,3751
2025-01-27,2,Meadowbrook Senior Living,P2-U49,57,Resident57 Last57,3429
2025-01-27,2,Meadowbrook Senior Living,P2-U50,,,0
2025-01-27,3,Riverside Retirement Community,P3-U01,58,Resident58 Last58,6334
2025-01-27,3,Riverside Retirement Community,P3-U02,,,0
2025-01-27,3,Riverside Retirement Community,P3-U03,,,0
2025-01-27,3,Riverside Retirement Community,P3-U04,,,0
2025-01-27,3,Riverside Retirement Community,P3-U05,,,0
2025-01-27,3,Riverside Retirement Community,P3-U06,60,Resident60 Last60,4602
2025-01-27,3,Riverside Retirement Community,P3-U07,61,Resident61 Last61,3142
2025-01-27,3,Riverside Retirement Community,P3-U08,62,Resident62 Last62,5599
2025-01-27,3,Riverside Retirement Community,P3-U09,63,Resident63 Last63,4741
2025-01-27,3,Riverside Retirement Community,P3-U10,,,0
2025-01-27,3,Riverside Retirement Community,P3-U11,96,Resident96 Last96,3484
2025-01-27,3,Riverside Retirement Community,P3-U12,,,0
2025-01-27,3,Riverside Retirement Community,P3-U13,,,0
2025-01-27,3,Riverside Retirement Community,P3-U14,64,Resident64 Last64,4016
2025-01-27,3,Riverside Retirement Community,P3-U15,65,Resident65 Last65,5094
2025-01-27,3,Riverside Retirement Community,P3-U16,66,Resident66 Last66,7369
2025-01-27,3,Riverside Retirement Community,P3-U17,,,0
2025-01-27,3,Riverside Retirement Community,P3-U18,,,0
2025-01-27,3,Riverside Retirement Community,P3-U19,,,0
2025-01-27,3,Riverside Retirement Community,P3-U20,,,0
2025-01-27,3,Riverside Retirement Community,P3-U21,,,0
2025-01-27,3,Riverside Retirement Community,P3-U22,71,Resident71 Last71,3684
2025-01-27,3,Riverside Retirement Community,P3-U23,72,Resident72 Last72,3763
2025-01-27,3,Riverside Retirement Community,P3-U24,73,Resident73 Last73,3612
2025-01-27,3,Riverside Retirement Community,P3-U25,74,Resident74 Last74,6679
2025-01-27,3,Riverside Retirement Community,P3-U26,,,0
2025-01-27,3,Riverside Retirement Community,P3-U27,,,0
2025-01-27,3,Riverside Retirement Community,P3-U28,,,0
2025-01-27,3,Riverside Retirement Community,P3-U29,,,0
2025-01-27,3,Riverside Retirement Community,P3-U30,,,0
2025-01-27,3,Riverside Retirement Community,P3-U31,,,0
2025-01-27,3,Riverside Retirement Community,P3-U32,75,Resident75 Last75,6998
2025-01-27,3,Riverside Retirement Community,P3-U33,,,0
2025-01-27,3,Riverside Retirement Community,P3-U34,77,Resident77 Last77,4456
2025-01-27,3,Riverside Retirement Community,P3-U35,,,0
2025-01-27,3,Riverside Retirement Community,P3-U36,78,Resident78 Last78,6502
2025-01-27,3,Riverside Retirement Community,P3-U37,100,Resident100 Last100,6425
2025-01-27,3,Riverside Retirement Community,P3-U38,79,Resident79 Last79,7014
2025-01-27,3,Riverside Retirement Community,P3-U39,80,Resident80 Last80,4317
2025-01-27,3,Riverside Retirement Community,P3-U40,81,Resident81 Last81,5835
2025-01-27,3,Riverside Retirement Community,P3-U41,82,Resident82 Last82,3465
2025-01-27,3,Riverside Retirement Community,P3-U42,83,Resident83 Last83,4381
2025-01-27,3,Riverside Retirement Community,P3-U43,,,0
2025-01-27,3,Riverside Retirement Community,P3-U44,84,Resident84 Last84,6325
2025-01-27,3,Riverside Retirement Community,P3-U45,,,0
2025-01-27,3,Riverside Retirement Community,P3-U46,,,0
2025-01-27,3,Riverside Retirement Community,P3-U47,85,Resident85 Last85,6135
2025-01-27,3,Riverside Retirement Community,P3-U48,86,Resident86 Last86,4208
2025-01-27,3,Riverside Retirement Community,P3-U49,87,Resident87 Last87,4723
2025-01-27,3,Riverside Retirement Community,P3-U50,88,Resident88 Last88,3664
2025-01-28,1,Sunset Gardens,P1-U01,,,0
2025-01-28,1,Sunset Gardens,P1-U02,1,Resident1 Last1,4103
2025-01-28,1,Sunset Gardens,P1-U03,2,Resident2 Last2,4626
2025-01-28,1,Sunset Gardens,P1-U04,,,0
2025-01-28,1,Sunset Gardens,P1-U05,4,Resident4 Last4,4469
2025-01-28,1,Sunset Gardens,P1-U06,,,0
2025-01-28,1,Sunset Gardens,P1-U07,5,Resident5 Last5,6368
2025-01-28,1,Sunset Gardens,P1-U08,6,Resident6 Last6,4726
2025-01-28,1,Sunset Gardens,P1-U09,,,0
2025-01-28,1,Sunset Gardens,P1-U10,8,Resident8 Last8,5207
2025-01-28,1,Sunset Gardens,P1-U11,9,Resident9 Last9,6915
2025-01-28,1,Sunset Gardens,P1-U12,,,0
2025-01-28,1,Sunset Gardens,P1-U13,11,Resident11 Last11,4505
2025-01-28,1,Sunset Gardens,P1-U14,12,Resident12 Last12,6471
2025-01-28,1,Sunset Gardens,P1-U15,,,0
2025-01-28,1,Sunset Gardens,P1-U16,,,0
2025-01-28,1,Sunset Gardens,P1-U17,,,0
2025-01-28,1,Sunset Gardens,P1-U18,13,Resident13 Last13,3438
2025-01-28,1,Sunset Gardens,P1-U19,14,Resident14 Last14,5725
2025-01-28,1,Sunset Gardens,P1-U20,,,0
2025-01-28,1,Sunset Gardens,P1-U21,15,Resident15 Last15,7434
2025-01-28,1,Sunset Gardens,P1-U22,,,0
2025-01-28,1,Sunset Gardens,P1-U23,,,0
2025-01-28,1,Sunset Gardens,P1-U24,89,Resident89 Last89,4218
2025-01-28,1,Sunset Gardens,P1-U25,,,0
2025-01-28,1,Sunset Gardens,P1-U26,16,Resident16 Last16,6062
2025-01-28,1,Sunset Gardens,P1-U27,,,0
2025-01-28,1,Sunset Gardens,P1-U28,17,Resident17 Last17,4390
2025-01-28,1,Sunset Gardens,P1-U29,18,Resident18 Last18,3165
2025-01-28,1,Sunset Gardens,P1-U30,91,Resident91 Last91,6743
2025-01-28,1,Sunset Gardens,P1-U31,19,Resident19 Last19,3698
2025-01-28,1,Sunset Gardens,P1-U32,,,0
2025-01-28,1,Sunset Gardens,P1-U33,,,0
2025-01-28,1,Sunset Gardens,P1-U34,97,Resident97 Last97,3693
2025-01-28,1,Sunset Gardens,P1-U35,,,0
2025-01-28,1,Sunset Gardens,P1-U36,,,0
2025-01-28,1,Sunset Gardens,P1-U37,23,Resident23 Last23,6826
2025-01-28,1,Sunset Gardens,P1-U38,24,Resident24 Last24,5319
2025-01-28,1,Sunset Gardens,P1-U39,,,0
2025-01-28,1,Sunset Gardens,P1-U40,25,Resident25 Last25,3203
2025-01-28,1,Sunset Gardens,P1-U41,,,0
2025-01-28,1,Sunset Gardens,P1-U42,,,0
2025-01-28,1,Sunset Gardens,P1-U43,,,0
2025-01-28,1,Sunset Gardens,P1-U44,26,Resident26 Last26,4150
2025-01-28,1,Sunset Gardens,P1-U45,27,Resident27 Last27,3792
2025-01-28,1,Sunset Gardens,P1-U46,28,Resident28 Last28,4656
2025-01-28,1,Sunset Gardens,P1-U47,,,0
2025-01-28,1,Sunset Gardens,P1-U48,92,Resident92 Last92,7230
2025-01-28,1,Sunset Gardens,P1-U49,29,Resident29 Last29,4138
2025-01-28,1,Sunset Gardens,P1-U50,30,Resident30 Last30,6031
2025-01-28,2,Meadowbrook Senior Living,P2-U01,99,Resident99 Last99,6317
2025-01-28,2,Meadowbrook Senior Living,P2-U02,31,Resident31 Last31,3643
2025-01-28,2,Meadowbrook Senior Living,P2-U03,,,0
2025-01-28,2,Meadowbrook Senior Living,P2-U04,,,0
2025-01-28,2,Meadowbrook Senior Living,P2-U05,32,Resident32 Last32,5524
2025-01-28,2,Meadowbrook Senior Living,P2-U06,,,0
2025-01-28,2,Meadowbrook Senior Living,P2-U07,98,Resident98 Last98,5808
2025-01-28,2,Meadowbrook Senior Living,P2-U08,33,Resident33 Last33,7164
2025-01-28,2,Meadowbrook Senior Living,P2-U09,34,Resident34 Last34,6565
2025-01-28,2,Meadowbrook Senior Living,P2-U10,,,0
2025-01-28,2,Meadowbrook Senior Living,P2-U11,,,0
2025-01-28,2,Meadowbrook Senior Living,P2-U12,35,Resident35 Last35,5476
2025-01-28,2,Meadowbrook Senior Living,P2-U13,36,Resident36 Last36,4795
2025-01-28,2,Meadowbrook Senior Living,P2-U14,37,Resident37 Last37,6972
2025-01-28,2,Meadowbrook Senior Living,P2-U15,,,0
2025-01-28,2,Meadowbrook Senior Living,P2-U16,38,Resident38 Last38,6144
2025-01-28,2,Meadowbrook Senior Living,P2-U17,39,Resident39 Last39,3646
2025-01-28,2,Meadowbrook Senior Living,P2-U18,40,Resident40 Last40,6397
2025-01-28,2,Meadowbrook Senior Living,P2-U19,,,0
2025-01-28,2,Meadowbrook Senior Living,P2-U20,41,Resident41 Last41,3058
2025-01-28,2,Meadowbrook Senior Living,P2-U21,42,Resident42 Last42,4782
2025-01-28,2,Meadowbrook Senior Living,P2-U22,43,Resident43 Last43,5894
2025-01-28,2,Meadowbrook Senior Living,P2-U23,,,0
2025-01-28,2,Meadowbrook Senior Living,P2-U24,44,Resident44 Last44,7471
2025-01-28,2,Meadowbrook Senior Living,P2-U25,,,0
2025-01-28,2,Meadowbrook Senior Living,P2-U26,,,0
2025-01-28,2,Meadowbrook Senior Living,P2-U27,,,0
2025-01-28,2,Meadowbrook Senior Living,P2-U28,,,0
2025-01-28,2,Meadowbrook Senior Living,P2-U29,,,0
2025-01-28,2,Meadowbrook Senior Living,P2-U30,,,0
2025-01-28,2,Meadowbrook Senior Living,P2-U31,,,0
2025-01-28,2,Meadowbrook Senior Living,P2-U32,95,Resident95 Last95,7376
2025-01-28,2,Meadowbrook Senior Living,P2-U33,,,0
2025-01-28,2,Meadowbrook Senior Living,P2-U34,,,0
2025-01-28,2,Meadowbrook Senior Living,P2-U35,,,0
2025-01-28,2,Meadowbrook Senior Living,P2-U36,,,0
2025-01-28,2,Meadowbrook Senior Living,P2-U37,47,Resident47 Last47,5894
2025-01-28,2,Meadowbrook Senior Living,P2-U38,48,Resident48 Last48,3847
2025-01-28,2,Meadowbrook Senior Living,P2-U39,,,0
2025-01-28,2,Meadowbrook Senior Living,P2-U40,50,Resident50 Last50,5383
2025-01-28,2,Meadowbrook Senior Living,P2-U41,,,0
2025-01-28,2,Meadowbrook Senior Living,P2-U42,51,Resident51 Last51,6956
2025-01-28,2,Meadowbrook Senior Living,P2-U43,,,0
2025-01-28,2,Meadowbrook Senior Living,P2-U44,53,Resident53 Last53,6044
2025-01-28,2,Meadowbrook Senior Living,P2-U45,,,0
2025-01-28,2,Meadowbrook Senior Living,P2-U46,54,Resident54 Last54,4954
2025-01-28,2,Meadowbrook Senior Living,P2-U47,55,Resident55 Last55,7311
2025-01-28,2,Meadowbrook Senior Living,P2-U48,56,Resident56 Last56,3751
2025-01-28,2,Meadowbrook Senior Living,P2-U49,57,Resident57 Last57,3429
2025-01-28,2,Meadowbrook Senior Living,P2-U50,,,0
2025-01-28,3,Riverside Retirement Community,P3-U01,58,Resident58 Last58,6334
2025-01-28,3,Riverside Retirement Community,P3-U02,,,0
2025-01-28,3,Riverside Retirement Community,P3-U03,,,0
2025-01-28,3,Riverside Retirement Community,P3-U04,,,0
2025-01-28,3,Riverside Retirement Community,P3-U05,,,0
2025-01-28,3,Riverside Retirement Community,P3-U06,60,Resident60 Last60,4602
2025-01-28,3,Riverside Retirement Community,P3-U07,61,Resident61 Last61,3142
2025-01-28,3,Riverside Retirement Community,P3-U08,62,Resident62 Last62,5599
2025-01-28,3,Riverside Retirement Community,P3-U09,63,Resident63 Last63,4741
2025-01-28,3,Riverside Retirement Community,P3-U10,,,0
2025-01-28,3,Riverside Retirement Community,P3-U11,96,Resident96 Last96,3484
2025-01-28,3,Riverside Retirement Community,P3-U12,,,0
2025-01-28,3,Riverside Retirement Community,P3-U13,,,0
2025-01-28,3,Riverside Retirement Community,P3-U14,64,Resident64 Last64,4016
2025-01-28,3,Riverside Retirement Community,P3-U15,65,Resident65 Last65,5094
2025-01-28,3,Riverside Retirement Community,P3-U16,66,Resident66 Last66,7369
2025-01-28,3,Riverside Retirement Community,P3-U17,,,0
2025-01-28,3,Riverside Retirement Community,P3-U18,,,0
2025-01-28,3,Riverside Retirement Community,P3-U19,,,0
2025-01-28,3,Riverside Retirement Community,P3-U20,,,0
2025-01-28,3,Riverside Retirement Community,P3-U21,,,0
2025-01-28,3,Riverside Retirement Community,P3-U22,71,Resident71 Last71,3684
2025-01-28,3,Riverside Retirement Community,P3-U23,72,Resident72 Last72,3763
2025-01-28,3,Riverside Retirement Community,P3-U24,73,Resident73 Last73,3612
2025-01-28,3,Riverside Retirement Community,P3-U25,74,Resident74 Last74,6679
2025-01-28,3,Riverside Retirement Community,P3-U26,,,0
2025-01-28,3,Riverside Retirement Community,P3-U27,,,0
2025-01-28,3,Riverside Retirement Community,P3-U28,,,0
2025-01-28,3,Riverside Retirement Community,P3-U29,,,0
2025-01-28,3,Riverside Retirement Community,P3-U30,,,0
2025-01-28,3,Riverside Retirement Community,P3-U31,,,0
2025-01-28,3,Riverside Retirement Community,P3-U32,75,Resident75 Last75,6998
2025-01-28,3,Riverside Retirement Community,P3-U33,,,0
2025-01-28,3,Riverside Retirement Community,P3-U34,77,Resident77 Last77,4456
2025-01-28,3,Riverside Retirement Community,P3-U35,,,0
2025-01-28,3,Riverside Retirement Community,P3-U36,78,Resident78 Last78,6502
2025-01-28,3,Riverside Retirement Community,P3-U37,100,Resident100 Last100,6425
2025-01-28,3,Riverside Retirement Community,P3-U38,79,Resident79 Last79,7014
2025-01-28,3,Riverside Retirement Community,P3-U39,80,Resident80 Last80,4317
2025-01-28,3,Riverside Retirement Community,P3-U40,81,Resident81 Last81,5835
2025-01-28,3,Riverside Retirement Community,P3-U41,82,Resident82 Last82,3465
2025-01-28,3,Riverside Retirement Community,P3-U42,83,Resident83 Last83,4381
2025-01-28,3,Riverside Retirement Community,P3-U43,,,0
2025-01-28,3,Riverside Retirement Community,P3-U44,84,Resident84 Last84,6325
2025-01-28,3,Riverside Retirement Community,P3-U45,,,0
2025-01-28,3,Riverside Retirement Community,P3-U46,,,0
2025-01-28,3,Riverside Retirement Community,P3-U47,85,Resident85 Last85,6135
2025-01-28,3,Riverside Retirement Community,P3-U48,86,Resident86 Last86,4208
2025-01-28,3,Riverside Retirement Community,P3-U49,87,Resident87 Last87,4723
2025-01-28,3,Riverside Retirement Community,P3-U50,88,Resident88 Last88,3664
2025-01-29,1,Sunset Gardens,P1-U01,,,0
2025-01-29,1,Sunset Gardens,P1-U02,1,Resident1 Last1,4103
2025-01-29,1,Sunset Gardens,P1-U03,2,Resident2 Last2,4626
2025-01-29,1,Sunset Gardens,P1-U04,,,0
2025-01-29,1,Sunset Gardens,P1-U05,4,Resident4 Last4,4469
2025-01-29,1,Sunset Gardens,P1-U06,,,0
2025-01-29,1,Sunset Gardens,P1-U07,5,Resident5 Last5,6368
2025-01-29,1,Sunset Gardens,P1-U08,6,Resident6 Last6,4726
2025-01-29,1,Sunset Gardens,P1-U09,,,0
2025-01-29,1,Sunset Gardens,P1-U10,8,Resident8 Last8,5207
2025-01-29,1,Sunset Gardens,P1-U11,9,Resident9 Last9,6915
2025-01-29,1,Sunset Gardens,P1-U12,,,0
2025-01-29,1,Sunset Gardens,P1-U13,11,Resident11 Last11,4505
2025-01-29,1,Sunset Gardens,P1-U14,12,Resident12 Last12,6471
2025-01-29,1,Sunset Gardens,P1-U15,,,0
2025-01-29,1,Sunset Gardens,P1-U16,,,0
2025-01-29,1,Sunset Gardens,P1-U17,,,0
2025-01-29,1,Sunset Gardens,P1-U18,13,Resident13 Last13,3438
2025-01-29,1,Sunset Gardens,P1-U19,14,Resident14 Last14,5725
2025-01-29,1,Sunset Gardens,P1-U20,,,0
2025-01-29,1,Sunset Gardens,P1-U21,15,Resident15 Last15,7434
2025-01-29,1,Sunset Gardens,P1-U22,,,0
2025-01-29,1,Sunset Gardens,P1-U23,,,0
2025-01-29,1,Sunset Gardens,P1-U24,89,Resident89 Last89,4218
2025-01-29,1,Sunset Gardens,P1-U25,,,0
2025-01-29,1,Sunset Gardens,P1-U26,16,Resident16 Last16,6062
2025-01-29,1,Sunset Gardens,P1-U27,,,0
2025-01-29,1,Sunset Gardens,P1-U28,17,Resident17 Last17,4390
2025-01-29,1,Sunset Gardens,P1-U29,18,Resident18 Last18,3165
2025-01-29,1,Sunset Gardens,P1-U30,91,Resident91 Last91,6743
2025-01-29,1,Sunset Gardens,P1-U31,19,Resident19 Last19,3698
2025-01-29,1,Sunset Gardens,P1-U32,,,0
2025-01-29,1,Sunset Gardens,P1-U33,,,0
2025-01-29,1,Sunset Gardens,P1-U34,97,Resident97 Last97,3693
2025-01-29,1,Sunset Gardens,P1-U35,,,0
2025-01-29,1,Sunset Gardens,P1-U36,,,0
2025-01-29,1,Sunset Gardens,P1-U37,23,Resident23 Last23,6826
2025-01-29,1,Sunset Gardens,P1-U38,24,Resident24 Last24,5319
2025-01-29,1,Sunset Gardens,P1-U39,,,0
2025-01-29,1,Sunset Gardens,P1-U40,25,Resident25 Last25,3203
2025-01-29,1,Sunset Gardens,P1-U41,,,0
2025-01-29,1,Sunset Gardens,P1-U42,,,0
2025-01-29,1,Sunset Gardens,P1-U43,,,0
2025-01-29,1,Sunset Gardens,P1-U44,26,Resident26 Last26,4150
2025-01-29,1,Sunset Gardens,P1-U45,27,Resident27 Last27,3792
2025-01-29,1,Sunset Gardens,P1-U46,28,Resident28 Last28,4656
2025-01-29,1,Sunset Gardens,P1-U47,,,0
2025-01-29,1,Sunset Gardens,P1-U48,92,Resident92 Last92,7230
2025-01-29,1,Sunset Gardens,P1-U49,29,Resident29 Last29,4138
2025-01-29,1,Sunset Gardens,P1-U50,30,Resident30 Last30,6031
2025-01-29,2,Meadowbrook Senior Living,P2-U01,99,Resident99 Last99,6317
2025-01-29,2,Meadowbrook Senior Living,P2-U02,31,Resident31 Last31,3643
2025-01-29,2,Meadowbrook Senior Living,P2-U03,,,0
2025-01-29,2,Meadowbrook Senior Living,P2-U04,,,0
2025-01-29,2,Meadowbrook Senior Living,P2-U05,32,Resident32 Last32,5524
2025-01-29,2,Meadowbrook Senior Living,P2-U06,,,0
2025-01-29,2,Meadowbrook Senior Living,P2-U07,98,Resident98 Last98,5808
2025-01-29,2,Meadowbrook Senior Living,P2-U08,33,Resident33 Last33,7164
2025-01-29,2,Meadowbrook Senior Living,P2-U09,34,Resident34 Last34,6565
2025-01-29,2,Meadowbrook Senior Living,P2-U10,,,0
2025-01-29,2,Meadowbrook Senior Living,P2-U11,,,0
2025-01-29,2,Meadowbrook Senior Living,P2-U12,35,Resident35 Last35,5476
2025-01-29,2,Meadowbrook Senior Living,P2-U13,36,Resident36 Last36,4795
2025-01-29,2,Meadowbrook Senior Living,P2-U14,37,Resident37 Last37,6972
2025-01-29,2,Meadowbrook Senior Living,P2-U15,,,0
2025-01-29,2,Meadowbrook Senior Living,P2-U16,38,Resident38 Last38,6144
2025-01-29,2,Meadowbrook Senior Living,P2-U17,39,Resident39 Last39,3646
2025-01-29,2,Meadowbrook Senior Living,P2-U18,40,Resident40 Last40,6397
2025-01-29,2,Meadowbrook Senior Living,P2-U19,,,0
2025-01-29,2,Meadowbrook Senior Living,P2-U20,41,Resident41 Last41,3058
2025-01-29,2,Meadowbrook Senior Living,P2-U21,42,Resident42 Last42,4782
2025-01-29,2,Meadowbrook Senior Living,P2-U22,43,Resident43 Last43,5894
2025-01-29,2,Meadowbrook Senior Living,P2-U23,,,0
2025-01-29,2,Meadowbrook Senior Living,P2-U24,44,Resident44 Last44,7471
2025-01-29,2,Meadowbrook Senior Living,P2-U25,,,0
2025-01-29,2,Meadowbrook Senior Living,P2-U26,,,0
2025-01-29,2,Meadowbrook Senior Living,P2-U27,,,0
2025-01-29,2,Meadowbrook Senior Living,P2-U28,,,0
2025-01-29,2,Meadowbrook Senior Living,P2-U29,,,0
2025-01-29,2,Meadowbrook Senior Living,P2-U30,,,0
2025-01-29,2,Meadowbrook Senior Living,P2-U31,,,0
2025-01-29,2,Meadowbrook Senior Living,P2-U32,95,Resident95 Last95,7376
2025-01-29,2,Meadowbrook Senior Living,P2-U33,,,0
2025-01-29,2,Meadowbrook Senior Living,P2-U34,,,0
2025-01-29,2,Meadowbrook Senior Living,P2-U35,,,0
2025-01-29,2,Meadowbrook Senior Living,P2-U36,,,0
2025-01-29,2,Meadowbrook Senior Living,P2-U37,47,Resident47 Last47,5894
2025-01-29,2,Meadowbrook Senior Living,P2-U38,48,Resident48 Last48,3847
2025-01-29,2,Meadowbrook Senior Living,P2-U39,,,0
2025-01-29,2,Meadowbrook Senior Living,P2-U40,50,Resident50 Last50,5383
2025-01-29,2,Meadowbrook Senior Living,P2-U41,,,0
2025-01-29,2,Meadowbrook Senior Living,P2-U42,51,Resident51 Last51,6956
2025-01-29,2,Meadowbrook Senior Living,P2-U43,,,0
2025-01-29,2,Meadowbrook Senior Living,P2-U44,53,Resident53 Last53,6044
2025-01-29,2,Meadowbrook Senior Living,P2-U45,,,0
2025-01-29,2,Meadowbrook Senior Living,P2-U46,54,Resident54 Last54,4954
2025-01-29,2,Meadowbrook Senior Living,P2-U47,55,Resident55 Last55,7311
2025-01-29,2,Meadowbrook Senior Living,P2-U48,56,Resident56 Last56,3751
2025-01-29,2,Meadowbrook Senior Living,P2-U49,57,Resident57 Last57,3429
2025-01-29,2,Meadowbrook Senior Living,P2-U50,,,0
2025-01-29,3,Riverside Retirement Community,P3-U01,58,Resident58 Last58,6334
2025-01-29,3,Riverside Retirement Community,P3-U02,,,0
2025-01-29,3,Riverside Retirement Community,P3-U03,,,0
2025-01-29,3,Riverside Retirement Community,P3-U04,,,0
2025-01-29,3,Riverside Retirement Community,P3-U05,,,0
2025-01-29,3,Riverside Retirement Community,P3-U06,60,Resident60 Last60,4602
2025-01-29,3,Riverside Retirement Community,P3-U07,61,Resident61 Last61,3142
2025-01-29,3,Riverside Retirement Community,P3-U08,62,Resident62 Last62,5599
2025-01-29,3,Riverside Retirement Community,P3-U09,63,Resident63 Last63,4741
2025-01-29,3,Riverside Retirement Community,P3-U10,,,0
2025-01-29,3,Riverside Retirement Community,P3-U11,96,Resident96 Last96,3484
2025-01-29,3,Riverside Retirement Community,P3-U12,,,0
2025-01-29,3,Riverside Retirement Community,P3-U13,,,0
2025-01-29,3,Riverside Retirement Community,P3-U14,64,Resident64 Last64,4016
2025-01-29,3,Riverside Retirement Community,P3-U15,65,Resident65 Last65,5094
2025-01-29,3,Riverside Retirement Community,P3-U16,66,Resident66 Last66,7369
2025-01-29,3,Riverside Retirement Community,P3-U17,,,0
2025-01-29,3,Riverside Retirement Community,P3-U18,,,0
2025-01-29,3,Riverside Retirement Community,P3-U19,,,0
2025-01-29,3,Riverside Retirement Community,P3-U20,,,0
2025-01-29,3,Riverside Retirement Community,P3-U21,,,0
2025-01-29,3,Riverside Retirement Community,P3-U22,71,Resident71 Last71,3684
2025-01-29,3,Riverside Retirement Community,P3-U23,72,Resident72 Last72,3763
2025-01-29,3,Riverside Retirement Community,P3-U24,73,Resident73 Last73,3612
2025-01-29,3,Riverside Retirement Community,P3-U25,74,Resident74 Last74,6679
2025-01-29,3,Riverside Retirement Community,P3-U26,,,0
2025-01-29,3,Riverside Retirement Community,P3-U27,,,0
2025-01-29,3,Riverside Retirement Community,P3-U28,,,0
2025-01-29,3,Riverside Retirement Community,P3-U29,,,0
2025-01-29,3,Riverside Retirement Community,P3-U30,,,0
2025-01-29,3,Riverside Retirement Community,P3-U31,,,0
2025-01-29,3,Riverside Retirement Community,P3-U32,75,Resident75 Last75,6998
2025-01-29,3,Riverside Retirement Community,P3-U33,,,0
2025-01-29,3,Riverside Retirement Community,P3-U34,77,Resident77 Last77,4456
2025-01-29,3,Riverside Retirement Community,P3-U35,,,0
2025-01-29,3,Riverside Retirement Community,P3-U36,78,Resident78 Last78,6502
2025-01-29,3,Riverside Retirement Community,P3-U37,100,Resident100 Last100,6425
2025-01-29,3,Riverside Retirement Community,P3-U38,79,Resident79 Last79,7014
2025-01-29,3,Riverside Retirement Community,P3-U39,80,Resident80 Last80,4317
2025-01-29,3,Riverside Retirement Community,P3-U40,81,Resident81 Last81,5835
2025-01-29,3,Riverside Retirement Community,P3-U41,82,Resident82 Last82,3465
2025-01-29,3,Riverside Retirement Community,P3-U42,83,Resident83 Last83,4381
2025-01-29,3,Riverside Retirement Community,P3-U43,,,0
2025-01-29,3,Riverside Retirement Community,P3-U44,84,Resident84 Last84,6325
2025-01-29,3,Riverside Retirement Community,P3-U45,,,0
2025-01-29,3,Riverside Retirement Community,P3-U46,,,0
2025-01-29,3,Riverside Retirement Community,P3-U47,85,Resident85 Last85,6135
2025-01-29,3,Riverside Retirement Community,P3-U48,86,Resident86 Last86,4208
2025-01-29,3,Riverside Retirement Community,P3-U49,87,Resident87 Last87,4723
2025-01-29,3,Riverside Retirement Community,P3-U50,88,Resident88 Last88,3664
2025-01-30,1,Sunset Gardens,P1-U01,,,0
2025-01-30,1,Sunset Gardens,P1-U02,1,Resident1 Last1,4103
2025-01-30,1,Sunset Gardens,P1-U03,2,Resident2 Last2,4626
2025-01-30,1,Sunset Gardens,P1-U04,,,0
2025-01-30,1,Sunset Gardens,P1-U05,4,Resident4 Last4,4469
2025-01-30,1,Sunset Gardens,P1-U06,,,0
2025-01-30,1,Sunset Gardens,P1-U07,5,Resident5 Last5,6368
2025-01-30,1,Sunset Gardens,P1-U08,6,Resident6 Last6,4726
2025-01-30,1,Sunset Gardens,P1-U09,,,0
2025-01-30,1,Sunset Gardens,P1-U10,8,Resident8 Last8,5207
2025-01-30,1,Sunset Gardens,P1-U11,9,Resident9 Last9,6915
2025-01-30,1,Sunset Gardens,P1-U12,,,0
2025-01-30,1,Sunset Gardens,P1-U13,11,Resident11 Last11,4505
2025-01-30,1,Sunset Gardens,P1-U14,,,0
2025-01-30,1,Sunset Gardens,P1-U15,,,0
2025-01-30,1,Sunset Gardens,P1-U16,,,0
2025-01-30,1,Sunset Gardens,P1-U17,,,0
2025-01-30,1,Sunset Gardens,P1-U18,13,Resident13 Last13,3438
2025-01-30,1,Sunset Gardens,P1-U19,14,Resident14 Last14,5725
2025-01-30,1,Sunset Gardens,P1-U20,,,0
2025-01-30,1,Sunset Gardens,P1-U21,15,Resident15 Last15,7434
2025-01-30,1,Sunset Gardens,P1-U22,,,0
2025-01-30,1,Sunset Gardens,P1-U23,,,0
2025-01-30,1,Sunset Gardens,P1-U24,89,Resident89 Last89,4218
2025-01-30,1,Sunset Gardens,P1-U25,,,0
2025-01-30,1,Sunset Gardens,P1-U26,16,Resident16 Last16,6062
2025-01-30,1,Sunset Gardens,P1-U27,,,0
2025-01-30,1,Sunset Gardens,P1-U28,17,Resident17 Last17,4390
2025-01-30,1,Sunset Gardens,P1-U29,18,Resident18 Last18,3165
2025-01-30,1,Sunset Gardens,P1-U30,91,Resident91 Last91,6743
2025-01-30,1,Sunset Gardens,P1-U31,19,Resident19 Last19,3698
2025-01-30,1,Sunset Gardens,P1-U32,,,0
2025-01-30,1,Sunset Gardens,P1-U33,,,0
2025-01-30,1,Sunset Gardens,P1-U34,97,Resident97 Last97,3693
2025-01-30,1,Sunset Gardens,P1-U35,,,0
2025-01-30,1,Sunset Gardens,P1-U36,,,0
2025-01-30,1,Sunset Gardens,P1-U37,23,Resident23 Last23,6826
2025-01-30,1,Sunset Gardens,P1-U38,24,Resident24 Last24,5319
2025-01-30,1,Sunset Gardens,P1-U39,,,0
2025-01-30,1,Sunset Gardens,P1-U40,25,Resident25 Last25,3203
2025-01-30,1,Sunset Gardens,P1-U41,,,0
2025-01-30,1,Sunset Gardens,P1-U42,,,0
2025-01-30,1,Sunset Gardens,P1-U43,,,0
2025-01-30,1,Sunset Gardens,P1-U44,26,Resident26 Last26,4150
2025-01-30,1,Sunset Gardens,P1-U45,27,Resident27 Last27,3792
2025-01-30,1,Sunset Gardens,P1-U46,28,Resident28 Last28,4656
2025-01-30,1,Sunset Gardens,P1-U47,,,0
2025-01-30,1,Sunset Gardens,P1-U48,92,Resident92 Last92,7230
2025-01-30,1,Sunset Gardens,P1-U49,29,Resident29 Last29,4138
2025-01-30,1,Sunset Gardens,P1-U50,30,Resident30 Last30,6031
2025-01-30,2,Meadowbrook Senior Living,P2-U01,99,Resident99 Last99,6317
2025-01-30,2,Meadowbrook Senior Living,P2-U02,31,Resident31 Last31,3643
2025-01-30,2,Meadowbrook Senior Living,P2-U03,,,0
2025-01-30,2,Meadowbrook Senior Living,P2-U04,,,0
2025-01-30,2,Meadowbrook Senior Living,P2-U05,32,Resident32 Last32,5524
2025-01-30,2,Meadowbrook Senior Living,P2-U06,,,0
2025-01-30,2,Meadowbrook Senior Living,P2-U07,98,Resident98 Last98,5808
2025-01-30,2,Meadowbrook Senior Living,P2-U08,33,Resident33 Last33,7164
2025-01-30,2,Meadowbrook Senior Living,P2-U09,,,0
2025-01-30,2,Meadowbrook Senior Living,P2-U10,,,0
2025-01-30,2,Meadowbrook Senior Living,P2-U11,,,0
2025-01-30,2,Meadowbrook Senior Living,P2-U12,35,Resident35 Last35,5476
2025-01-30,2,Meadowbrook Senior Living,P2-U13,36,Resident36 Last36,4795
2025-01-30,2,Meadowbrook Senior Living,P2-U14,37,Resident37 Last37,6972
2025-01-30,2,Meadowbrook Senior Living,P2-U15,,,0
2025-01-30,2,Meadowbrook Senior Living,P2-U16,38,Resident38 Last38,6144
2025-01-30,2,Meadowbrook Senior Living,P2-U17,39,Resident39 Last39,3646
2025-01-30,2,Meadowbrook Senior Living,P2-U18,40,Resident40 Last40,6397
2025-01-30,2,Meadowbrook Senior Living,P2-U19,,,0
2025-01-30,2,Meadowbrook Senior Living,P2-U20,41,Resident41 Last41,3058
2025-01-30,2,Meadowbrook Senior Living,P2-U21,42,Resident42 Last42,4782
2025-01-30,2,Meadowbrook Senior Living,P2-U22,43,Resident43 Last43,5894
2025-01-30,2,Meadowbrook Senior Living,P2-U23,,,0
2025-01-30,2,Meadowbrook Senior Living,P2-U24,44,Resident44 Last44,7471
2025-01-30,2,Meadowbrook Senior Living,P2-U25,,,0
2025-01-30,2,Meadowbrook Senior Living,P2-U26,,,0
2025-01-30,2,Meadowbrook Senior Living,P2-U27,,,0
2025-01-30,2,Meadowbrook Senior Living,P2-U28,,,0
2025-01-30,2,Meadowbrook Senior Living,P2-U29,,,0
2025-01-30,2,Meadowbrook Senior Living,P2-U30,,,0
2025-01-30,2,Meadowbrook Senior Living,P2-U31,,,0
2025-01-30,2,Meadowbrook Senior Living,P2-U32,95,Resident95 Last95,7376
2025-01-30,2,Meadowbrook Senior Living,P2-U33,,,0
2025-01-30,2,Meadowbrook Senior Living,P2-U34,,,0
2025-01-30,2,Meadowbrook Senior Living,P2-U35,,,0
2025-01-30,2,Meadowbrook Senior Living,P2-U36,,,0
2025-01-30,2,Meadowbrook Senior Living,P2-U37,47,Resident47 Last47,5894
2025-01-30,2,Meadowbrook Senior Living,P2-U38,48,Resident48 Last48,3847
2025-01-30,2,Meadowbrook Senior Living,P2-U39,,,0
2025-01-30,2,Meadowbrook Senior Living,P2-U40,50,Resident50 Last50,5383
2025-01-30,2,Meadowbrook Senior Living,P2-U41,,,0
2025-01-30,2,Meadowbrook Senior Living,P2-U42,51,Resident51 Last51,6956
2025-01-30,2,Meadowbrook Senior Living,P2-U43,,,0
2025-01-30,2,Meadowbrook Senior Living,P2-U44,53,Resident53 Last53,6044
2025-01-30,2,Meadowbrook Senior Living,P2-U45,,,0
2025-01-30,2,Meadowbrook Senior Living,P2-U46,54,Resident54 Last54,4954
2025-01-30,2,Meadowbrook Senior Living,P2-U47,55,Resident55 Last55,7311
2025-01-30,2,Meadowbrook Senior Living,P2-U48,56,Resident56 Last56,3751
2025-01-30,2,Meadowbrook Senior Living,P2-U49,57,Resident57 Last57,3429
2025-01-30,2,Meadowbrook Senior Living,P2-U50,,,0
2025-01-30,3,Riverside Retirement Community,P3-U01,58,Resident58 Last58,6334
2025-01-30,3,Riverside Retirement Community,P3-U02,,,0
2025-01-30,3,Riverside Retirement Community,P3-U03,,,0
2025-01-30,3,Riverside Retirement Community,P3-U04,,,0
2025-01-30,3,Riverside Retirement Community,P3-U05,,,0
2025-01-30,3,Riverside Retirement Community,P3-U06,60,Resident60 Last60,4602
2025-01-30,3,Riverside Retirement Community,P3-U07,61,Resident61 Last61,3142
2025-01-30,3,Riverside Retirement Community,P3-U08,62,Resident62 Last62,5599
2025-01-30,3,Riverside Retirement Community,P3-U09,63,Resident63 Last63,4741
2025-01-30,3,Riverside Retirement Community,P3-U10,,,0
2025-01-30,3,Riverside Retirement Community,P3-U11,96,Resident96 Last96,3484
2025-01-30,3,Riverside Retirement Community,P3-U12,,,0
2025-01-30,3,Riverside Retirement Community,P3-U13,,,0
2025-01-30,3,Riverside Retirement Community,P3-U14,64,Resident64 Last64,4016
2025-01-30,3,Riverside Retirement Community,P3-U15,65,Resident65 Last65,5094
2025-01-30,3,Riverside Retirement Community,P3-U16,66,Resident66 Last66,7369
2025-01-30,3,Riverside Retirement Community,P3-U17,,,0
2025-01-30,3,Riverside Retirement Community,P3-U18,,,0
2025-01-30,3,Riverside Retirement Community,P3-U19,,,0
2025-01-30,3,Riverside Retirement Community,P3-U20,,,0
2025-01-30,3,Riverside Retirement Community,P3-U21,,,0
2025-01-30,3,Riverside Retirement Community,P3-U22,71,Resident71 Last71,3684
2025-01-30,3,Riverside Retirement Community,P3-U23,72,Resident72 Last72,3763
2025-01-30,3,Riverside Retirement Community,P3-U24,73,Resident73 Last73,3612
2025-01-30,3,Riverside Retirement Community,P3-U25,74,Resident74 Last74,6679
2025-01-30,3,Riverside Retirement Community,P3-U26,,,0
2025-01-30,3,Riverside Retirement Community,P3-U27,,,0
2025-01-30,3,Riverside Retirement Community,P3-U28,,,0
2025-01-30,3,Riverside Retirement Community,P3-U29,,,0
2025-01-30,3,Riverside Retirement Community,P3-U30,,,0
2025-01-30,3,Riverside Retirement Community,P3-U31,,,0
2025-01-30,3,Riverside Retirement Community,P3-U32,75,Resident75 Last75,6998
2025-01-30,3,Riverside Retirement Community,P3-U33,,,0
2025-01-30,3,Riverside Retirement Community,P3-U34,77,Resident77 Last77,4456
2025-01-30,3,Riverside Retirement Community,P3-U35,,,0
2025-01-30,3,Riverside Retirement Community,P3-U36,78,Resident78 Last78,6502
2025-01-30,3,Riverside Retirement Community,P3-U37,100,Resident100 Last100,6425
2025-01-30,3,Riverside Retirement Community,P3-U38,79,Resident79 Last79,7014
2025-01-30,3,Riverside Retirement Community,P3-U39,80,Resident80 Last80,4317
2025-01-30,3,Riverside Retirement Community,P3-U40,81,Resident81 Last81,5835
2025-01-30,3,Riverside Retirement Community,P3-U41,82,Resident82 Last82,3465
2025-01-30,3,Riverside Retirement Community,P3-U42,83,Resident83 Last83,4381
2025-01-30,3,Riverside Retirement Community,P3-U43,,,0
2025-01-30,3,Riverside Retirement Community,P3-U44,84,Resident84 Last84,6325
2025-01-30,3,Riverside Retirement Community,P3-U45,,,0
2025-01-30,3,Riverside Retirement Community,P3-U46,,,0
2025-01-30,3,Riverside Retirement Community,P3-U47,85,Resident85 Last85,6135
2025-01-30,3,Riverside Retirement Community,P3-U48,86,Resident86 Last86,4208
2025-01-30,3,Riverside Retirement Community,P3-U49,87,Resident87 Last87,4723
2025-01-30,3,Riverside Retirement Community,P3-U50,88,Resident88 Last88,3664
2025-01-31,1,Sunset Gardens,P1-U01,,,0
2025-01-31,1,Sunset Gardens,P1-U02,1,Resident1 Last1,4103
2025-01-31,1,Sunset Gardens,P1-U03,2,Resident2 Last2,4626
2025-01-31,1,Sunset Gardens,P1-U04,,,0
2025-01-31,1,Sunset Gardens,P1-U05,4,Resident4 Last4,4469
2025-01-31,1,Sunset Gardens,P1-U06,,,0
2025-01-31,1,Sunset Gardens,P1-U07,5,Resident5 Last5,6368
2025-01-31,1,Sunset Gardens,P1-U08,6,Resident6 Last6,4726
2025-01-31,1,Sunset Gardens,P1-U09,,,0
2025-01-31,1,Sunset Gardens,P1-U10,8,Resident8 Last8,5207
2025-01-31,1,Sunset Gardens,P1-U11,9,Resident9 Last9,6915
2025-01-31,1,Sunset Gardens,P1-U12,,,0
2025-01-31,1,Sunset Gardens,P1-U13,11,Resident11 Last11,4505
2025-01-31,1,Sunset Gardens,P1-U14,,,0
2025-01-31,1,Sunset Gardens,P1-U15,,,0
2025-01-31,1,Sunset Gardens,P1-U16,,,0
2025-01-31,1,Sunset Gardens,P1-U17,,,0
2025-01-31,1,Sunset Gardens,P1-U18,13,Resident13 Last13,3438
2025-01-31,1,Sunset Gardens,P1-U19,14,Resident14 Last14,5725
2025-01-31,1,Sunset Gardens,P1-U20,,,0
2025-01-31,1,Sunset Gardens,P1-U21,15,Resident15 Last15,7434
2025-01-31,1,Sunset Gardens,P1-U22,,,0
2025-01-31,1,Sunset Gardens,P1-U23,,,0
2025-01-31,1,Sunset Gardens,P1-U24,89,Resident89 Last89,4218
2025-01-31,1,Sunset Gardens,P1-U25,,,0
2025-01-31,1,Sunset Gardens,P1-U26,16,Resident16 Last16,6062
2025-01-31,1,Sunset Gardens,P1-U27,,,0
2025-01-31,1,Sunset Gardens,P1-U28,17,Resident17 Last17,4390
2025-01-31,1,Sunset Gardens,P1-U29,18,Resident18 Last18,3165
2025-01-31,1,Sunset Gardens,P1-U30,91,Resident91 Last91,6743
2025-01-31,1,Sunset Gardens,P1-U31,19,Resident19 Last19,3698
2025-01-31,1,Sunset Gardens,P1-U32,,,0
2025-01-31,1,Sunset Gardens,P1-U33,,,0
2025-01-31,1,Sunset Gardens,P1-U34,97,Resident97 Last97,3693
2025-01-31,1,Sunset Gardens,P1-U35,,,0
2025-01-31,1,Sunset Gardens,P1-U36,,,0
2025-01-31,1,Sunset Gardens,P1-U37,23,Resident23 Last23,6826
2025-01-31,1,Sunset Gardens,P1-U38,24,Resident24 Last24,5319
2025-01-31,1,Sunset Gardens,P1-U39,,,0
2025-01-31,1,Sunset Gardens,P1-U40,25,Resident25 Last25,3203
2025-01-31,1,Sunset Gardens,P1-U41,,,0
2025-01-31,1,Sunset Gardens,P1-U42,,,0
2025-01-31,1,Sunset Gardens,P1-U43,,,0
2025-01-31,1,Sunset Gardens,P1-U44,26,Resident26 Last26,4150
2025-01-31,1,Sunset Gardens,P1-U45,27,Resident27 Last27,3792
2025-01-31,1,Sunset Gardens,P1-U46,28,Resident28 Last28,4656
2025-01-31,1,Sunset Gardens,P1-U47,,,0
2025-01-31,1,Sunset Gardens,P1-U48,92,Resident92 Last92,7230
2025-01-31,1,Sunset Gardens,P1-U49,29,Resident29 Last29,4138
2025-01-31,1,Sunset Gardens,P1-U50,30,Resident30 Last30,6031
2025-01-31,2,Meadowbrook Senior Living,P2-U01,99,Resident99 Last99,6317
2025-01-31,2,Meadowbrook Senior Living,P2-U02,31,Resident31 Last31,3643
2025-01-31,2,Meadowbrook Senior Living,P2-U03,,,0
2025-01-31,2,Meadowbrook Senior Living,P2-U04,,,0
2025-01-31,2,Meadowbrook Senior Living,P2-U05,32,Resident32 Last32,5524
2025-01-31,2,Meadowbrook Senior Living,P2-U06,,,0
2025-01-31,2,Meadowbrook Senior Living,P2-U07,98,Resident98 Last98,5808
2025-01-31,2,Meadowbrook Senior Living,P2-U08,33,Resident33 Last33,7164
2025-01-31,2,Meadowbrook Senior Living,P2-U09,,,0
2025-01-31,2,Meadowbrook Senior Living,P2-U10,,,0
2025-01-31,2,Meadowbrook Senior Living,P2-U11,,,0
2025-01-31,2,Meadowbrook Senior Living,P2-U12,35,Resident35 Last35,5476
2025-01-31,2,Meadowbrook Senior Living,P2-U13,36,Resident36 Last36,4795
2025-01-31,2,Meadowbrook Senior Living,P2-U14,37,Resident37 Last37,6972
2025-01-31,2,Meadowbrook Senior Living,P2-U15,,,0
2025-01-31,2,Meadowbrook Senior Living,P2-U16,38,Resident38 Last38,6144
2025-01-31,2,Meadowbrook Senior Living,P2-U17,39,Resident39 Last39,3646
2025-01-31,2,Meadowbrook Senior Living,P2-U18,40,Resident40 Last40,6397
2025-01-31,2,Meadowbrook Senior Living,P2-U19,,,0
2025-01-31,2,Meadowbrook Senior Living,P2-U20,41,Resident41 Last41,3058
2025-01-31,2,Meadowbrook Senior Living,P2-U21,42,Resident42 Last42,4782
2025-01-31,2,Meadowbrook Senior Living,P2-U22,43,Resident43 Last43,5894
2025-01-31,2,Meadowbrook Senior Living,P2-U23,,,0
2025-01-31,2,Meadowbrook Senior Living,P2-U24,44,Resident44 Last44,7471
2025-01-31,2,Meadowbrook Senior Living,P2-U25,,,0
2025-01-31,2,Meadowbrook Senior Living,P2-U26,,,0
2025-01-31,2,Meadowbrook Senior Living,P2-U27,,,0
2025-01-31,2,Meadowbrook Senior Living,P2-U28,,,0
2025-01-31,2,Meadowbrook Senior Living,P2-U29,,,0
2025-01-31,2,Meadowbrook Senior Living,P2-U30,,,0
2025-01-31,2,Meadowbrook Senior Living,P2-U31,,,0
2025-01-31,2,Meadowbrook Senior Living,P2-U32,95,Resident95 Last95,7376
2025-01-31,2,Meadowbrook Senior Living,P2-U33,,,0
2025-01-31,2,Meadowbrook Senior Living,P2-U34,,,0
2025-01-31,2,Meadowbrook Senior Living,P2-U35,,,0
2025-01-31,2,Meadowbrook Senior Living,P2-U36,,,0
2025-01-31,2,Meadowbrook Senior Living,P2-U37,47,Resident47 Last47,5894
2025-01-31,2,Meadowbrook Senior Living,P2-U38,48,Resident48 Last48,3847
2025-01-31,2,Meadowbrook Senior Living,P2-U39,,,0
2025-01-31,2,Meadowbrook Senior Living,P2-U40,50,Resident50 Last50,5383
2025-01-31,2,Meadowbrook Senior Living,P2-U41,,,0
2025-01-31,2,Meadowbrook Senior Living,P2-U42,51,Resident51 Last51,6956
2025-01-31,2,Meadowbrook Senior Living,P2-U43,,,0
2025-01-31,2,Meadowbrook Senior Living,P2-U44,53,Resident53 Last53,6044
2025-01-31,2,Meadowbrook Senior Living,P2-U45,,,0
2025-01-31,2,Meadowbrook Senior Living,P2-U46,54,Resident54 Last54,4954
2025-01-31,2,Meadowbrook Senior Living,P2-U47,55,Resident55 Last55,7311
2025-01-31,2,Meadowbrook Senior Living,P2-U48,56,Resident56 Last56,3751
2025-01-31,2,Meadowbrook Senior Living,P2-U49,57,Resident57 Last57,3429
2025-01-31,2,Meadowbrook Senior Living,P2-U50,,,0
2025-01-31,3,Riverside Retirement Community,P3-U01,58,Resident58 Last58,6334
2025-01-31,3,Riverside Retirement Community,P3-U02,,,0
2025-01-31,3,Riverside Retirement Community,P3-U03,,,0
2025-01-31,3,Riverside Retirement Community,P3-U04,,,0
2025-01-31,3,Riverside Retirement Community,P3-U05,,,0
2025-01-31,3,Riverside Retirement Community,P3-U06,60,Resident60 Last60,4602
2025-01-31,3,Riverside Retirement Community,P3-U07,61,Resident61 Last61,3142
2025-01-31,3,Riverside Retirement Community,P3-U08,62,Resident62 Last62,5599
2025-01-31,3,Riverside Retirement Community,P3-U09,63,Resident63 Last63,4741
2025-01-31,3,Riverside Retirement Community,P3-U10,,,0
2025-01-31,3,Riverside Retirement Community,P3-U11,96,Resident96 Last96,3484
2025-01-31,3,Riverside Retirement Community,P3-U12,,,0
2025-01-31,3,Riverside Retirement Community,P3-U13,,,0
2025-01-31,3,Riverside Retirement Community,P3-U14,64,Resident64 Last64,4016
2025-01-31,3,Riverside Retirement Community,P3-U15,65,Resident65 Last65,5094
2025-01-31,3,Riverside Retirement Community,P3-U16,66,Resident66 Last66,7369
2025-01-31,3,Riverside Retirement Community,P3-U17,,,0
2025-01-31,3,Riverside Retirement Community,P3-U18,,,0
2025-01-31,3,Riverside Retirement Community,P3-U19,,,0
2025-01-31,3,Riverside Retirement Community,P3-U20,,,0
2025-01-31,3,Riverside Retirement Community,P3-U21,,,0
2025-01-31,3,Riverside Retirement Community,P3-U22,71,Resident71 Last71,3684
2025-01-31,3,Riverside Retirement Community,P3-U23,72,Resident72 Last72,3763
2025-01-31,3,Riverside Retirement Community,P3-U24,73,Resident73 Last73,3612
2025-01-31,3,Riverside Retirement Community,P3-U25,74,Resident74 Last74,6679
2025-01-31,3,Riverside Retirement Community,P3-U26,,,0
2025-01-31,3,Riverside Retirement Community,P3-U27,,,0
2025-01-31,3,Riverside Retirement Community,P3-U28,,,0
2025-01-31,3,Riverside Retirement Community,P3-U29,,,0
2025-01-31,3,Riverside Retirement Community,P3-U30,,,0
2025-01-31,3,Riverside Retirement Community,P3-U31,,,0
2025-01-31,3,Riverside Retirement Community,P3-U32,75,Resident75 Last75,6998
2025-01-31,3,Riverside Retirement Community,P3-U33,,,0
2025-01-31,3,Riverside Retirement Community,P3-U34,77,Resident77 Last77,4456
2025-01-31,3,Riverside Retirement Community,P3-U35,,,0
2025-01-31,3,Riverside Retirement Community,P3-U36,78,Resident78 Last78,6502
2025-01-31,3,Riverside Retirement Community,P3-U37,100,Resident100 Last100,6425
2025-01-31,3,Riverside Retirement Community,P3-U38,79,Resident79 Last79,7014
2025-01-31,3,Riverside Retirement Community,P3-U39,80,Resident80 Last80,4317
2025-01-31,3,Riverside Retirement Community,P3-U40,81,Resident81 Last81,5835
2025-01-31,3,Riverside Retirement Community,P3-U41,82,Resident82 Last82,3465
2025-01-31,3,Riverside Retirement Community,P3-U42,83,Resident83 Last83,4381
2025-01-31,3,Riverside Retirement Community,P3-U43,,,0
2025-01-31,3,Riverside Retirement Community,P3-U44,84,Resident84 Last84,6325
2025-01-31,3,Riverside Retirement Community,P3-U45,,,0
2025-01-31,3,Riverside Retirement Community,P3-U46,,,0
2025-01-31,3,Riverside Retirement Community,P3-U47,85,Resident85 Last85,6135
2025-01-31,3,Riverside Retirement Community,P3-U48,86,Resident86 Last86,4208
2025-01-31,3,Riverside Retirement Community,P3-U49,87,Resident87 Last87,4723
2025-01-31,3,Riverside Retirement Community,P3-U50,88,Resident88 Last88,3664
2025-02-01,1,Sunset Gardens,P1-U01,,,0
2025-02-01,1,Sunset Gardens,P1-U02,1,Resident1 Last1,4103
2025-02-01,1,Sunset Gardens,P1-U03,2,Resident2 Last2,4626
2025-02-01,1,Sunset Gardens,P1-U04,,,0
2025-02-01,1,Sunset Gardens,P1-U05,4,Resident4 Last4,4469
2025-02-01,1,Sunset Gardens,P1-U06,,,0
2025-02-01,1,Sunset Gardens,P1-U07,5,Resident5 Last5,6368
2025-02-01,1,Sunset Gardens,P1-U08,6,Resident6 Last6,4726
2025-02-01,1,Sunset Gardens,P1-U09,,,0
2025-02-01,1,Sunset Gardens,P1-U10,8,Resident8 Last8,5207
2025-02-01,1,Sunset Gardens,P1-U11,9,Resident9 Last9,6915
2025-02-01,1,Sunset Gardens,P1-U12,,,0
2025-02-01,1,Sunset Gardens,P1-U13,11,Resident11 Last11,4505
2025-02-01,1,Sunset Gardens,P1-U14,,,0
2025-02-01,1,Sunset Gardens,P1-U15,,,0
2025-02-01,1,Sunset Gardens,P1-U16,,,0
2025-02-01,1,Sunset Gardens,P1-U17,,,0
2025-02-01,1,Sunset Gardens,P1-U18,13,Resident13 Last13,3438
2025-02-01,1,Sunset Gardens,P1-U19,14,Resident14 Last14,5725
2025-02-01,1,Sunset Gardens,P1-U20,,,0
2025-02-01,1,Sunset Gardens,P1-U21,15,Resident15 Last15,7434
2025-02-01,1,Sunset Gardens,P1-U22,,,0
2025-02-01,1,Sunset Gardens,P1-U23,,,0
2025-02-01,1,Sunset Gardens,P1-U24,89,Resident89 Last89,4218
2025-02-01,1,Sunset Gardens,P1-U25,,,0
2025-02-01,1,Sunset Gardens,P1-U26,16,Resident16 Last16,6062
2025-02-01,1,Sunset Gardens,P1-U27,,,0
2025-02-01,1,Sunset Gardens,P1-U28,17,Resident17 Last17,4390
2025-02-01,1,Sunset Gardens,P1-U29,18,Resident18 Last18,3165
2025-02-01,1,Sunset Gardens,P1-U30,91,Resident91 Last91,6743
2025-02-01,1,Sunset Gardens,P1-U31,19,Resident19 Last19,3698
2025-02-01,1,Sunset Gardens,P1-U32,,,0
2025-02-01,1,Sunset Gardens,P1-U33,,,0
2025-02-01,1,Sunset Gardens,P1-U34,97,Resident97 Last97,3693
2025-02-01,1,Sunset Gardens,P1-U35,,,0
2025-02-01,1,Sunset Gardens,P1-U36,,,0
2025-02-01,1,Sunset Gardens,P1-U37,23,Resident23 Last23,6826
2025-02-01,1,Sunset Gardens,P1-U38,24,Resident24 Last24,5319
2025-02-01,1,Sunset Gardens,P1-U39,,,0
2025-02-01,1,Sunset Gardens,P1-U40,25,Resident25 Last25,3203
2025-02-01,1,Sunset Gardens,P1-U41,,,0
2025-02-01,1,Sunset Gardens,P1-U42,,,0
2025-02-01,1,Sunset Gardens,P1-U43,,,0
2025-02-01,1,Sunset Gardens,P1-U44,26,Resident26 Last26,4150
2025-02-01,1,Sunset Gardens,P1-U45,27,Resident27 Last27,3792
2025-02-01,1,Sunset Gardens,P1-U46,28,Resident28 Last28,4656
2025-02-01,1,Sunset Gardens,P1-U47,,,0
2025-02-01,1,Sunset Gardens,P1-U48,92,Resident92 Last92,7230
2025-02-01,1,Sunset Gardens,P1-U49,29,Resident29 Last29,4138
2025-02-01,1,Sunset Gardens,P1-U50,30,Resident30 Last30,6031
2025-02-01,2,Meadowbrook Senior Living,P2-U01,99,Resident99 Last99,6317
2025-02-01,2,Meadowbrook Senior Living,P2-U02,31,Resident31 Last31,3643
2025-02-01,2,Meadowbrook Senior Living,P2-U03,,,0
2025-02-01,2,Meadowbrook Senior Living,P2-U04,,,0
2025-02-01,2,Meadowbrook Senior Living,P2-U05,32,Resident32 Last32,5524
2025-02-01,2,Meadowbrook Senior Living,P2-U06,,,0
2025-02-01,2,Meadowbrook Senior Living,P2-U07,98,Resident98 Last98,5808
2025-02-01,2,Meadowbrook Senior Living,P2-U08,33,Resident33 Last33,7164
2025-02-01,2,Meadowbrook Senior Living,P2-U09,,,0
2025-02-01,2,Meadowbrook Senior Living,P2-U10,,,0
2025-02-01,2,Meadowbrook Senior Living,P2-U11,,,0
2025-02-01,2,Meadowbrook Senior Living,P2-U12,35,Resident35 Last35,5476
2025-02-01,2,Meadowbrook Senior Living,P2-U13,36,Resident36 Last36,4795
2025-02-01,2,Meadowbrook Senior Living,P2-U14,37,Resident37 Last37,6972
2025-02-01,2,Meadowbrook Senior Living,P2-U15,,,0
2025-02-01,2,Meadowbrook Senior Living,P2-U16,38,Resident38 Last38,6144
2025-02-01,2,Meadowbrook Senior Living,P2-U17,39,Resident39 Last39,3646
2025-02-01,2,Meadowbrook Senior Living,P2-U18,40,Resident40 Last40,6397
2025-02-01,2,Meadowbrook Senior Living,P2-U19,,,0
2025-02-01,2,Meadowbrook Senior Living,P2-U20,41,Resident41 Last41,3058
2025-02-01,2,Meadowbrook Senior Living,P2-U21,42,Resident42 Last42,4782
2025-02-01,2,Meadowbrook Senior Living,P2-U22,43,Resident43 Last43,5894
2025-02-01,2,Meadowbrook Senior Living,P2-U23,,,0
2025-02-01,2,Meadowbrook Senior Living,P2-U24,44,Resident44 Last44,7471
2025-02-01,2,Meadowbrook Senior Living,P2-U25,,,0
2025-02-01,2,Meadowbrook Senior Living,P2-U26,,,0
2025-02-01,2,Meadowbrook Senior Living,P2-U27,,,0
2025-02-01,2,Meadowbrook Senior Living,P2-U28,,,0
2025-02-01,2,Meadowbrook Senior Living,P2-U29,,,0
2025-02-01,2,Meadowbrook Senior Living,P2-U30,,,0
2025-02-01,2,Meadowbrook Senior Living,P2-U31,,,0
2025-02-01,2,Meadowbrook Senior Living,P2-U32,95,Resident95 Last95,7376
2025-02-01,2,Meadowbrook Senior Living,P2-U33,,,0
2025-02-01,2,Meadowbrook Senior Living,P2-U34,,,0
2025-02-01,2,Meadowbrook Senior Living,P2-U35,,,0
2025-02-01,2,Meadowbrook Senior Living,P2-U36,,,0
2025-02-01,2,Meadowbrook Senior Living,P2-U37,47,Resident47 Last47,5894
2025-02-01,2,Meadowbrook Senior Living,P2-U38,48,Resident48 Last48,3847
2025-02-01,2,Meadowbrook Senior Living,P2-U39,,,0
2025-02-01,2,Meadowbrook Senior Living,P2-U40,50,Resident50 Last50,5383
2025-02-01,2,Meadowbrook Senior Living,P2-U41,,,0
2025-02-01,2,Meadowbrook Senior Living,P2-U42,51,Resident51 Last51,6956
2025-02-01,2,Meadowbrook Senior Living,P2-U43,,,0
2025-02-01,2,Meadowbrook Senior Living,P2-U44,53,Resident53 Last53,6044
2025-02-01,2,Meadowbrook Senior Living,P2-U45,,,0
2025-02-01,2,Meadowbrook Senior Living,P2-U46,54,Resident54 Last54,4954
2025-02-01,2,Meadowbrook Senior Living,P2-U47,55,Resident55 Last55,7311
2025-02-01,2,Meadowbrook Senior Living,P2-U48,56,Resident56 Last56,3751
2025-02-01,2,Meadowbrook Senior Living,P2-U49,57,Resident57 Last57,3429
2025-02-01,2,Meadowbrook Senior Living,P2-U50,,,0
2025-02-01,3,Riverside Retirement Community,P3-U01,58,Resident58 Last58,6334
2025-02-01,3,Riverside Retirement Community,P3-U02,,,0
2025-02-01,3,Riverside Retirement Community,P3-U03,,,0
2025-02-01,3,Riverside Retirement Community,P3-U04,,,0
2025-02-01,3,Riverside Retirement Community,P3-U05,,,0
2025-02-01,3,Riverside Retirement Community,P3-U06,60,Resident60 Last60,4602
2025-02-01,3,Riverside Retirement Community,P3-U07,61,Resident61 Last61,3142
2025-02-01,3,Riverside Retirement Community,P3-U08,62,Resident62 Last62,5599
2025-02-01,3,Riverside Retirement Community,P3-U09,63,Resident63 Last63,4741
2025-02-01,3,Riverside Retirement Community,P3-U10,,,0
2025-02-01,3,Riverside Retirement Community,P3-U11,96,Resident96 Last96,3484
2025-02-01,3,Riverside Retirement Community,P3-U12,,,0
2025-02-01,3,Riverside Retirement Community,P3-U13,,,0
2025-02-01,3,Riverside Retirement Community,P3-U14,64,Resident64 Last64,4016
2025-02-01,3,Riverside Retirement Community,P3-U15,65,Resident65 Last65,5094
2025-02-01,3,Riverside Retirement Community,P3-U16,66,Resident66 Last66,7369
2025-02-01,3,Riverside Retirement Community,P3-U17,,,0
2025-02-01,3,Riverside Retirement Community,P3-U18,,,0
2025-02-01,3,Riverside Retirement Community,P3-U19,,,0
2025-02-01,3,Riverside Retirement Community,P3-U20,,,0
2025-02-01,3,Riverside Retirement Community,P3-U21,,,0
2025-02-01,3,Riverside Retirement Community,P3-U22,71,Resident71 Last71,3684
2025-02-01,3,Riverside Retirement Community,P3-U23,72,Resident72 Last72,3763
2025-02-01,3,Riverside Retirement Community,P3-U24,73,Resident73 Last73,3612
2025-02-01,3,Riverside Retirement Community,P3-U25,74,Resident74 Last74,6679
2025-02-01,3,Riverside Retirement Community,P3-U26,,,0
2025-02-01,3,Riverside Retirement Community,P3-U27,,,0
2025-02-01,3,Riverside Retirement Community,P3-U28,,,0
2025-02-01,3,Riverside Retirement Community,P3-U29,,,0
2025-02-01,3,Riverside Retirement Community,P3-U30,,,0
2025-02-01,3,Riverside Retirement Community,P3-U31,,,0
2025-02-01,3,Riverside Retirement Community,P3-U32,75,Resident75 Last75,6998
2025-02-01,3,Riverside Retirement Community,P3-U33,,,0
2025-02-01,3,Riverside Retirement Community,P3-U34,77,Resident77 Last77,4456
2025-02-01,3,Riverside Retirement Community,P3-U35,,,0
2025-02-01,3,Riverside Retirement Community,P3-U36,78,Resident78 Last78,6502
2025-02-01,3,Riverside Retirement Community,P3-U37,100,Resident100 Last100,6425
2025-02-01,3,Riverside Retirement Community,P3-U38,79,Resident79 Last79,7014
2025-02-01,3,Riverside Retirement Community,P3-U39,80,Resident80 Last80,4317
2025-02-01,3,Riverside Retirement Community,P3-U40,81,Resident81 Last81,5835
2025-02-01,3,Riverside Retirement Community,P3-U41,82,Resident82 Last82,3465
2025-02-01,3,Riverside Retirement Community,P3-U42,83,Resident83 Last83,4381
2025-02-01,3,Riverside Retirement Community,P3-U43,,,0
2025-02-01,3,Riverside Retirement Community,P3-U44,84,Resident84 Last84,6325
2025-02-01,3,Riverside Retirement Community,P3-U45,,,0
2025-02-01,3,Riverside Retirement Community,P3-U46,,,0
2025-02-01,3,Riverside Retirement Community,P3-U47,85,Resident85 Last85,6135
2025-02-01,3,Riverside Retirement Community,P3-U48,86,Resident86 Last86,4208
2025-02-01,3,Riverside Retirement Community,P3-U49,87,Resident87 Last87,4723
2025-02-01,3,Riverside Retirement Community,P3-U50,88,Resident88 Last88,3664
2025-02-02,1,Sunset Gardens,P1-U01,,,0
2025-02-02,1,Sunset Gardens,P1-U02,1,Resident1 Last1,4103
2025-02-02,1,Sunset Gardens,P1-U03,2,Resident2 Last2,4626
2025-02-02,1,Sunset Gardens,P1-U04,,,0
2025-02-02,1,Sunset Gardens,P1-U05,4,Resident4 Last4,4469
2025-02-02,1,Sunset Gardens,P1-U06,,,0
2025-02-02,1,Sunset Gardens,P1-U07,5,Resident5 Last5,6368
2025-02-02,1,Sunset Gardens,P1-U08,6,Resident6 Last6,4726
2025-02-02,1,Sunset Gardens,P1-U09,,,0
2025-02-02,1,Sunset Gardens,P1-U10,8,Resident8 Last8,5207
2025-02-02,1,Sunset Gardens,P1-U11,9,Resident9 Last9,6915
2025-02-02,1,Sunset Gardens,P1-U12,,,0
2025-02-02,1,Sunset Gardens,P1-U13,11,Resident11 Last11,4505
2025-02-02,1,Sunset Gardens,P1-U14,,,0
2025-02-02,1,Sunset Gardens,P1-U15,,,0
2025-02-02,1,Sunset Gardens,P1-U16,,,0
2025-02-02,1,Sunset Gardens,P1-U17,,,0
2025-02-02,1,Sunset Gardens,P1-U18,13,Resident13 Last13,3438
2025-02-02,1,Sunset Gardens,P1-U19,14,Resident14 Last14,5725
2025-02-02,1,Sunset Gardens,P1-U20,,,0
2025-02-02,1,Sunset Gardens,P1-U21,15,Resident15 Last15,7434
2025-02-02,1,Sunset Gardens,P1-U22,,,0
2025-02-02,1,Sunset Gardens,P1-U23,,,0
2025-02-02,1,Sunset Gardens,P1-U24,89,Resident89 Last89,4218
2025-02-02,1,Sunset Gardens,P1-U25,,,0
2025-02-02,1,Sunset Gardens,P1-U26,16,Resident16 Last16,6062
2025-02-02,1,Sunset Gardens,P1-U27,,,0
2025-02-02,1,Sunset Gardens,P1-U28,17,Resident17 Last17,4390
2025-02-02,1,Sunset Gardens,P1-U29,18,Resident18 Last18,3165
2025-02-02,1,Sunset Gardens,P1-U30,91,Resident91 Last91,6743
2025-02-02,1,Sunset Gardens,P1-U31,19,Resident19 Last19,3698
2025-02-02,1,Sunset Gardens,P1-U32,,,0
2025-02-02,1,Sunset Gardens,P1-U33,,,0
2025-02-02,1,Sunset Gardens,P1-U34,97,Resident97 Last97,3693
2025-02-02,1,Sunset Gardens,P1-U35,,,0
2025-02-02,1,Sunset Gardens,P1-U36,,,0
2025-02-02,1,Sunset Gardens,P1-U37,23,Resident23 Last23,6826
2025-02-02,1,Sunset Gardens,P1-U38,24,Resident24 Last24,5319
2025-02-02,1,Sunset Gardens,P1-U39,,,0
2025-02-02,1,Sunset Gardens,P1-U40,25,Resident25 Last25,3203
2025-02-02,1,Sunset Gardens,P1-U41,,,0
2025-02-02,1,Sunset Gardens,P1-U42,,,0
2025-02-02,1,Sunset Gardens,P1-U43,,,0
2025-02-02,1,Sunset Gardens,P1-U44,26,Resident26 Last26,4150
2025-02-02,1,Sunset Gardens,P1-U45,27,Resident27 Last27,3792
2025-02-02,1,Sunset Gardens,P1-U46,28,Resident28 Last28,4656
2025-02-02,1,Sunset Gardens,P1-U47,,,0
2025-02-02,1,Sunset Gardens,P1-U48,92,Resident92 Last92,7230
2025-02-02,1,Sunset Gardens,P1-U49,29,Resident29 Last29,4138
2025-02-02,1,Sunset Gardens,P1-U50,30,Resident30 Last30,6031
2025-02-02,2,Meadowbrook Senior Living,P2-U01,99,Resident99 Last99,6317
2025-02-02,2,Meadowbrook Senior Living,P2-U02,31,Resident31 Last31,3643
2025-02-02,2,Meadowbrook Senior Living,P2-U03,,,0
2025-02-02,2,Meadowbrook Senior Living,P2-U04,,,0
2025-02-02,2,Meadowbrook Senior Living,P2-U05,32,Resident32 Last32,5524
2025-02-02,2,Meadowbrook Senior Living,P2-U06,,,0
2025-02-02,2,Meadowbrook Senior Living,P2-U07,98,Resident98 Last98,5808
2025-02-02,2,Meadowbrook Senior Living,P2-U08,33,Resident33 Last33,7164
2025-02-02,2,Meadowbrook Senior Living,P2-U09,,,0
2025-02-02,2,Meadowbrook Senior Living,P2-U10,,,0
2025-02-02,2,Meadowbrook Senior Living,P2-U11,,,0
2025-02-02,2,Meadowbrook Senior Living,P2-U12,35,Resident35 Last35,5476
2025-02-02,2,Meadowbrook Senior Living,P2-U13,36,Resident36 Last36,4795
2025-02-02,2,Meadowbrook Senior Living,P2-U14,37,Resident37 Last37,6972
2025-02-02,2,Meadowbrook Senior Living,P2-U15,,,0
2025-02-02,2,Meadowbrook Senior Living,P2-U16,38,Resident38 Last38,6144
2025-02-02,2,Meadowbrook Senior Living,P2-U17,39,Resident39 Last39,3646
2025-02-02,2,Meadowbrook Senior Living,P2-U18,40,Resident40 Last40,6397
2025-02-02,2,Meadowbrook Senior Living,P2-U19,,,0
2025-02-02,2,Meadowbrook Senior Living,P2-U20,41,Resident41 Last41,3058
2025-02-02,2,Meadowbrook Senior Living,P2-U21,42,Resident42 Last42,4782
2025-02-02,2,Meadowbrook Senior Living,P2-U22,43,Resident43 Last43,5894
2025-02-02,2,Meadowbrook Senior Living,P2-U23,,,0
2025-02-02,2,Meadowbrook Senior Living,P2-U24,44,Resident44 Last44,7471
2025-02-02,2,Meadowbrook Senior Living,P2-U25,,,0
2025-02-02,2,Meadowbrook Senior Living,P2-U26,,,0
2025-02-02,2,Meadowbrook Senior Living,P2-U27,,,0
2025-02-02,2,Meadowbrook Senior Living,P2-U28,,,0
2025-02-02,2,Meadowbrook Senior Living,P2-U29,,,0
2025-02-02,2,Meadowbrook Senior Living,P2-U30,,,0
2025-02-02,2,Meadowbrook Senior Living,P2-U31,,,0
2025-02-02,2,Meadowbrook Senior Living,P2-U32,95,Resident95 Last95,7376
2025-02-02,2,Meadowbrook Senior Living,P2-U33,,,0
2025-02-02,2,Meadowbrook Senior Living,P2-U34,,,0
2025-02-02,2,Meadowbrook Senior Living,P2-U35,,,0
2025-02-02,2,Meadowbrook Senior Living,P2-U36,,,0
2025-02-02,2,Meadowbrook Senior Living,P2-U37,47,Resident47 Last47,5894
2025-02-02,2,Meadowbrook Senior Living,P2-U38,48,Resident48 Last48,3847
2025-02-02,2,Meadowbrook Senior Living,P2-U39,,,0
2025-02-02,2,Meadowbrook Senior Living,P2-U40,50,Resident50 Last50,5383
2025-02-02,2,Meadowbrook Senior Living,P2-U41,,,0
2025-02-02,2,Meadowbrook Senior Living,P2-U42,51,Resident51 Last51,6956
2025-02-02,2,Meadowbrook Senior Living,P2-U43,,,0
2025-02-02,2,Meadowbrook Senior Living,P2-U44,53,Resident53 Last53,6044
2025-02-02,2,Meadowbrook Senior Living,P2-U45,93,Resident93 Last93,5535
2025-02-02,2,Meadowbrook Senior Living,P2-U46,54,Resident54 Last54,4954
2025-02-02,2,Meadowbrook Senior Living,P2-U47,55,Resident55 Last55,7311
2025-02-02,2,Meadowbrook Senior Living,P2-U48,56,Resident56 Last56,3751
2025-02-02,2,Meadowbrook Senior Living,P2-U49,57,Resident57 Last57,3429
2025-02-02,2,Meadowbrook Senior Living,P2-U50,,,0
2025-02-02,3,Riverside Retirement Community,P3-U01,58,Resident58 Last58,6334
2025-02-02,3,Riverside Retirement Community,P3-U02,,,0
2025-02-02,3,Riverside Retirement Community,P3-U03,,,0
2025-02-02,3,Riverside Retirement Community,P3-U04,,,0
2025-02-02,3,Riverside Retirement Community,P3-U05,,,0
2025-02-02,3,Riverside Retirement Community,P3-U06,60,Resident60 Last60,4602
2025-02-02,3,Riverside Retirement Community,P3-U07,61,Resident61 Last61,3142
2025-02-02,3,Riverside Retirement Community,P3-U08,62,Resident62 Last62,5599
2025-02-02,3,Riverside Retirement Community,P3-U09,63,Resident63 Last63,4741
2025-02-02,3,Riverside Retirement Community,P3-U10,,,0
2025-02-02,3,Riverside Retirement Community,P3-U11,96,Resident96 Last96,3484
2025-02-02,3,Riverside Retirement Community,P3-U12,,,0
2025-02-02,3,Riverside Retirement Community,P3-U13,,,0
2025-02-02,3,Riverside Retirement Community,P3-U14,64,Resident64 Last64,4016
2025-02-02,3,Riverside Retirement Community,P3-U15,65,Resident65 Last65,5094
2025-02-02,3,Riverside Retirement Community,P3-U16,66,Resident66 Last66,7369
2025-02-02,3,Riverside Retirement Community,P3-U17,,,0
2025-02-02,3,Riverside Retirement Community,P3-U18,,,0
2025-02-02,3,Riverside Retirement Community,P3-U19,,,0
2025-02-02,3,Riverside Retirement Community,P3-U20,,,0
2025-02-02,3,Riverside Retirement Community,P3-U21,,,0
2025-02-02,3,Riverside Retirement Community,P3-U22,71,Resident71 Last71,3684
2025-02-02,3,Riverside Retirement Community,P3-U23,72,Resident72 Last72,3763
2025-02-02,3,Riverside Retirement Community,P3-U24,73,Resident73 Last73,3612
2025-02-02,3,Riverside Retirement Community,P3-U25,74,Resident74 Last74,6679
2025-02-02,3,Riverside Retirement Community,P3-U26,,,0
2025-02-02,3,Riverside Retirement Community,P3-U27,,,0
2025-02-02,3,Riverside Retirement Community,P3-U28,,,0
2025-02-02,3,Riverside Retirement Community,P3-U29,,,0
2025-02-02,3,Riverside Retirement Community,P3-U30,,,0
2025-02-02,3,Riverside Retirement Community,P3-U31,,,0
2025-02-02,3,Riverside Retirement Community,P3-U32,75,Resident75 Last75,6998
2025-02-02,3,Riverside Retirement Community,P3-U33,,,0
2025-02-02,3,Riverside Retirement Community,P3-U34,77,Resident77 Last77,4456
2025-02-02,3,Riverside Retirement Community,P3-U35,,,0
2025-02-02,3,Riverside Retirement Community,P3-U36,78,Resident78 Last78,6502
2025-02-02,3,Riverside Retirement Community,P3-U37,100,Resident100 Last100,6425
2025-02-02,3,Riverside Retirement Community,P3-U38,79,Resident79 Last79,7014
2025-02-02,3,Riverside Retirement Community,P3-U39,80,Resident80 Last80,4317
2025-02-02,3,Riverside Retirement Community,P3-U40,81,Resident81 Last81,5835
2025-02-02,3,Riverside Retirement Community,P3-U41,82,Resident82 Last82,3465
2025-02-02,3,Riverside Retirement Community,P3-U42,83,Resident83 Last83,4381
2025-02-02,3,Riverside Retirement Community,P3-U43,,,0
2025-02-02,3,Riverside Retirement Community,P3-U44,84,Resident84 Last84,6325
2025-02-02,3,Riverside Retirement Community,P3-U45,,,0
2025-02-02,3,Riverside Retirement Community,P3-U46,,,0
2025-02-02,3,Riverside Retirement Community,P3-U47,85,Resident85 Last85,6135
2025-02-02,3,Riverside Retirement Community,P3-U48,86,Resident86 Last86,4208
2025-02-02,3,Riverside Retirement Community,P3-U49,87,Resident87 Last87,4723
2025-02-02,3,Riverside Retirement Community,P3-U50,88,Resident88 Last88,3664
2025-02-03,1,Sunset Gardens,P1-U01,,,0
2025-02-03,1,Sunset Gardens,P1-U02,1,Resident1 Last1,4103
2025-02-03,1,Sunset Gardens,P1-U03,2,Resident2 Last2,4626
2025-02-03,1,Sunset Gardens,P1-U04,,,0
2025-02-03,1,Sunset Gardens,P1-U05,4,Resident4 Last4,4469
2025-02-03,1,Sunset Gardens,P1-U06,,,0
2025-02-03,1,Sunset Gardens,P1-U07,5,Resident5 Last5,6368
2025-02-03,1,Sunset Gardens,P1-U08,6,Resident6 Last6,4726
2025-02-03,1,Sunset Gardens,P1-U09,,,0
2025-02-03,1,Sunset Gardens,P1-U10,8,Resident8 Last8,5207
2025-02-03,1,Sunset Gardens,P1-U11,9,Resident9 Last9,6915
2025-02-03,1,Sunset Gardens,P1-U12,,,0
2025-02-03,1,Sunset Gardens,P1-U13,11,Resident11 Last11,4505
2025-02-03,1,Sunset Gardens,P1-U14,,,0
2025-02-03,1,Sunset Gardens,P1-U15,,,0
2025-02-03,1,Sunset Gardens,P1-U16,,,0
2025-02-03,1,Sunset Gardens,P1-U17,,,0
2025-02-03,1,Sunset Gardens,P1-U18,13,Resident13 Last13,3438
2025-02-03,1,Sunset Gardens,P1-U19,14,Resident14 Last14,5725
2025-02-03,1,Sunset Gardens,P1-U20,,,0
2025-02-03,1,Sunset Gardens,P1-U21,15,Resident15 Last15,7434
2025-02-03,1,Sunset Gardens,P1-U22,,,0
2025-02-03,1,Sunset Gardens,P1-U23,,,0
2025-02-03,1,Sunset Gardens,P1-U24,89,Resident89 Last89,4218
2025-02-03,1,Sunset Gardens,P1-U25,,,0
2025-02-03,1,Sunset Gardens,P1-U26,16,Resident16 Last16,6062
2025-02-03,1,Sunset Gardens,P1-U27,,,0
2025-02-03,1,Sunset Gardens,P1-U28,17,Resident17 Last17,4390
2025-02-03,1,Sunset Gardens,P1-U29,18,Resident18 Last18,3165
2025-02-03,1,Sunset Gardens,P1-U30,91,Resident91 Last91,6743
2025-02-03,1,Sunset Gardens,P1-U31,19,Resident19 Last19,3698
2025-02-03,1,Sunset Gardens,P1-U32,,,0
2025-02-03,1,Sunset Gardens,P1-U33,,,0
2025-02-03,1,Sunset Gardens,P1-U34,97,Resident97 Last97,3693
2025-02-03,1,Sunset Gardens,P1-U35,,,0
2025-02-03,1,Sunset Gardens,P1-U36,,,0
2025-02-03,1,Sunset Gardens,P1-U37,23,Resident23 Last23,6826
2025-02-03,1,Sunset Gardens,P1-U38,24,Resident24 Last24,5319
2025-02-03,1,Sunset Gardens,P1-U39,,,0
2025-02-03,1,Sunset Gardens,P1-U40,25,Resident25 Last25,3203
2025-02-03,1,Sunset Gardens,P1-U41,,,0
2025-02-03,1,Sunset Gardens,P1-U42,,,0
2025-02-03,1,Sunset Gardens,P1-U43,,,0
2025-02-03,1,Sunset Gardens,P1-U44,26,Resident26 Last26,4150
2025-02-03,1,Sunset Gardens,P1-U45,27,Resident27 Last27,3792
2025-02-03,1,Sunset Gardens,P1-U46,28,Resident28 Last28,4656
2025-02-03,1,Sunset Gardens,P1-U47,,,0
2025-02-03,1,Sunset Gardens,P1-U48,92,Resident92 Last92,7230
2025-02-03,1,Sunset Gardens,P1-U49,29,Resident29 Last29,4138
2025-02-03,1,Sunset Gardens,P1-U50,30,Resident30 Last30,6031
2025-02-03,2,Meadowbrook Senior Living,P2-U01,99,Resident99 Last99,6317
2025-02-03,2,Meadowbrook Senior Living,P2-U02,31,Resident31 Last31,3643
2025-02-03,2,Meadowbrook Senior Living,P2-U03,,,0
2025-02-03,2,Meadowbrook Senior Living,P2-U04,,,0
2025-02-03,2,Meadowbrook Senior Living,P2-U05,32,Resident32 Last32,5524
2025-02-03,2,Meadowbrook Senior Living,P2-U06,,,0
2025-02-03,2,Meadowbrook Senior Living,P2-U07,98,Resident98 Last98,5808
2025-02-03,2,Meadowbrook Senior Living,P2-U08,33,Resident33 Last33,7164
2025-02-03,2,Meadowbrook Senior Living,P2-U09,,,0
2025-02-03,2,Meadowbrook Senior Living,P2-U10,,,0
2025-02-03,2,Meadowbrook Senior Living,P2-U11,,,0
2025-02-03,2,Meadowbrook Senior Living,P2-U12,35,Resident35 Last35,5476
2025-02-03,2,Meadowbrook Senior Living,P2-U13,36,Resident36 Last36,4795
2025-02-03,2,Meadowbrook Senior Living,P2-U14,37,Resident37 Last37,6972
2025-02-03,2,Meadowbrook Senior Living,P2-U15,,,0
2025-02-03,2,Meadowbrook Senior Living,P2-U16,38,Resident38 Last38,6144
2025-02-03,2,Meadowbrook Senior Living,P2-U17,39,Resident39 Last39,3646
2025-02-03,2,Meadowbrook Senior Living,P2-U18,40,Resident40 Last40,6397
2025-02-03,2,Meadowbrook Senior Living,P2-U19,,,0
2025-02-03,2,Meadowbrook Senior Living,P2-U20,41,Resident41 Last41,3058
2025-02-03,2,Meadowbrook Senior Living,P2-U21,42,Resident42 Last42,4782
2025-02-03,2,Meadowbrook Senior Living,P2-U22,43,Resident43 Last43,5894
2025-02-03,2,Meadowbrook Senior Living,P2-U23,,,0
2025-02-03,2,Meadowbrook Senior Living,P2-U24,44,Resident44 Last44,7471
2025-02-03,2,Meadowbrook Senior Living,P2-U25,,,0
2025-02-03,2,Meadowbrook Senior Living,P2-U26,,,0
2025-02-03,2,Meadowbrook Senior Living,P2-U27,,,0
2025-02-03,2,Meadowbrook Senior Living,P2-U28,,,0
2025-02-03,2,Meadowbrook Senior Living,P2-U29,,,0
2025-02-03,2,Meadowbrook Senior Living,P2-U30,,,0
2025-02-03,2,Meadowbrook Senior Living,P2-U31,,,0
2025-02-03,2,Meadowbrook Senior Living,P2-U32,95,Resident95 Last95,7376
2025-02-03,2,Meadowbrook Senior Living,P2-U33,,,0
2025-02-03,2,Meadowbrook Senior Living,P2-U34,,,0
2025-02-03,2,Meadowbrook Senior Living,P2-U35,,,0
2025-02-03,2,Meadowbrook Senior Living,P2-U36,,,0
2025-02-03,2,Meadowbrook Senior Living,P2-U37,47,Resident47 Last47,5894
2025-02-03,2,Meadowbrook Senior Living,P2-U38,48,Resident48 Last48,3847
2025-02-03,2,Meadowbrook Senior Living,P2-U39,,,0
2025-02-03,2,Meadowbrook Senior Living,P2-U40,50,Resident50 Last50,5383
2025-02-03,2,Meadowbrook Senior Living,P2-U41,,,0
2025-02-03,2,Meadowbrook Senior Living,P2-U42,51,Resident51 Last51,6956
2025-02-03,2,Meadowbrook Senior Living,P2-U43,,,0
2025-02-03,2,Meadowbrook Senior Living,P2-U44,53,Resident53 Last53,6044
2025-02-03,2,Meadowbrook Senior Living,P2-U45,93,Resident93 Last93,5535
2025-02-03,2,Meadowbrook Senior Living,P2-U46,54,Resident54 Last54,4954
2025-02-03,2,Meadowbrook Senior Living,P2-U47,55,Resident55 Last55,7311
2025-02-03,2,Meadowbrook Senior Living,P2-U48,56,Resident56 Last56,3751
2025-02-03,2,Meadowbrook Senior Living,P2-U49,57,Resident57 Last57,3429
2025-02-03,2,Meadowbrook Senior Living,P2-U50,,,0
2025-02-03,3,Riverside Retirement Community,P3-U01,58,Resident58 Last58,6334
2025-02-03,3,Riverside Retirement Community,P3-U02,,,0
2025-02-03,3,Riverside Retirement Community,P3-U03,,,0
2025-02-03,3,Riverside Retirement Community,P3-U04,,,0
2025-02-03,3,Riverside Retirement Community,P3-U05,,,0
2025-02-03,3,Riverside Retirement Community,P3-U06,60,Resident60 Last60,4602
2025-02-03,3,Riverside Retirement Community,P3-U07,61,Resident61 Last61,3142
2025-02-03,3,Riverside Retirement Community,P3-U08,62,Resident62 Last62,5599
2025-02-03,3,Riverside Retirement Community,P3-U09,63,Resident63 Last63,4741
2025-02-03,3,Riverside Retirement Community,P3-U10,,,0
2025-02-03,3,Riverside Retirement Community,P3-U11,96,Resident96 Last96,3484
2025-02-03,3,Riverside Retirement Community,P3-U12,,,0
2025-02-03,3,Riverside Retirement Community,P3-U13,,,0
2025-02-03,3,Riverside Retirement Community,P3-U14,64,Resident64 Last64,4016
2025-02-03,3,Riverside Retirement Community,P3-U15,65,Resident65 Last65,5094
2025-02-03,3,Riverside Retirement Community,P3-U16,66,Resident66 Last66,7369
2025-02-03,3,Riverside Retirement Community,P3-U17,,,0
2025-02-03,3,Riverside Retirement Community,P3-U18,,,0
2025-02-03,3,Riverside Retirement Community,P3-U19,,,0
2025-02-03,3,Riverside Retirement Community,P3-U20,,,0
2025-02-03,3,Riverside Retirement Community,P3-U21,,,0
2025-02-03,3,Riverside Retirement Community,P3-U22,71,Resident71 Last71,3684
2025-02-03,3,Riverside Retirement Community,P3-U23,72,Resident72 Last72,3763
2025-02-03,3,Riverside Retirement Community,P3-U24,73,Resident73 Last73,3612
2025-02-03,3,Riverside Retirement Community,P3-U25,74,Resident74 Last74,6679
2025-02-03,3,Riverside Retirement Community,P3-U26,,,0
2025-02-03,3,Riverside Retirement Community,P3-U27,,,0
2025-02-03,3,Riverside Retirement Community,P3-U28,,,0
2025-02-03,3,Riverside Retirement Community,P3-U29,,,0
2025-02-03,3,Riverside Retirement Community,P3-U30,,,0
2025-02-03,3,Riverside Retirement Community,P3-U31,,,0
2025-02-03,3,Riverside Retirement Community,P3-U32,75,Resident75 Last75,6998
2025-02-03,3,Riverside Retirement Community,P3-U33,,,0
2025-02-03,3,Riverside Retirement Community,P3-U34,77,Resident77 Last77,4456
2025-02-03,3,Riverside Retirement Community,P3-U35,,,0
2025-02-03,3,Riverside Retirement Community,P3-U36,78,Resident78 Last78,6502
2025-02-03,3,Riverside Retirement Community,P3-U37,100,Resident100 Last100,6425
2025-02-03,3,Riverside Retirement Community,P3-U38,79,Resident79 Last79,7014
2025-02-03,3,Riverside Retirement Community,P3-U39,80,Resident80 Last80,4317
2025-02-03,3,Riverside Retirement Community,P3-U40,81,Resident81 Last81,5835
2025-02-03,3,Riverside Retirement Community,P3-U41,82,Resident82 Last82,3465
2025-02-03,3,Riverside Retirement Community,P3-U42,83,Resident83 Last83,4381
2025-02-03,3,Riverside Retirement Community,P3-U43,,,0
2025-02-03,3,Riverside Retirement Community,P3-U44,84,Resident84 Last84,6325
2025-02-03,3,Riverside Retirement Community,P3-U45,,,0
2025-02-03,3,Riverside Retirement Community,P3-U46,,,0
2025-02-03,3,Riverside Retirement Community,P3-U47,85,Resident85 Last85,6135
2025-02-03,3,Riverside Retirement Community,P3-U48,86,Resident86 Last86,4208
2025-02-03,3,Riverside Retirement Community,P3-U49,87,Resident87 Last87,4723
2025-02-03,3,Riverside Retirement Community,P3-U50,88,Resident88 Last88,3664
2025-02-04,1,Sunset Gardens,P1-U01,,,0
2025-02-04,1,Sunset Gardens,P1-U02,1,Resident1 Last1,4103
2025-02-04,1,Sunset Gardens,P1-U03,2,Resident2 Last2,4626
2025-02-04,1,Sunset Gardens,P1-U04,,,0
2025-02-04,1,Sunset Gardens,P1-U05,4,Resident4 Last4,4469
2025-02-04,1,Sunset Gardens,P1-U06,,,0
2025-02-04,1,Sunset Gardens,P1-U07,5,Resident5 Last5,6368
2025-02-04,1,Sunset Gardens,P1-U08,6,Resident6 Last6,4726
2025-02-04,1,Sunset Gardens,P1-U09,,,0
2025-02-04,1,Sunset Gardens,P1-U10,8,Resident8 Last8,5207
2025-02-04,1,Sunset Gardens,P1-U11,9,Resident9 Last9,6915
2025-02-04,1,Sunset Gardens,P1-U12,,,0
2025-02-04,1,Sunset Gardens,P1-U13,11,Resident11 Last11,4505
2025-02-04,1,Sunset Gardens,P1-U14,,,0
2025-02-04,1,Sunset Gardens,P1-U15,,,0
2025-02-04,1,Sunset Gardens,P1-U16,,,0
2025-02-04,1,Sunset Gardens,P1-U17,,,0
2025-02-04,1,Sunset Gardens,P1-U18,13,Resident13 Last13,3438
2025-02-04,1,Sunset Gardens,P1-U19,14,Resident14 Last14,5725
2025-02-04,1,Sunset Gardens,P1-U20,,,0
2025-02-04,1,Sunset Gardens,P1-U21,15,Resident15 Last15,7434
2025-02-04,1,Sunset Gardens,P1-U22,,,0
2025-02-04,1,Sunset Gardens,P1-U23,,,0
2025-02-04,1,Sunset Gardens,P1-U24,89,Resident89 Last89,4218
2025-02-04,1,Sunset Gardens,P1-U25,,,0
2025-02-04,1,Sunset Gardens,P1-U26,16,Resident16 Last16,6062
2025-02-04,1,Sunset Gardens,P1-U27,,,0
2025-02-04,1,Sunset Gardens,P1-U28,17,Resident17 Last17,4390
2025-02-04,1,Sunset Gardens,P1-U29,18,Resident18 Last18,3165
2025-02-04,1,Sunset Gardens,P1-U30,91,Resident91 Last91,6743
2025-02-04,1,Sunset Gardens,P1-U31,19,Resident19 Last19,3698
2025-02-04,1,Sunset Gardens,P1-U32,,,0
2025-02-04,1,Sunset Gardens,P1-U33,,,0
2025-02-04,1,Sunset Gardens,P1-U34,97,Resident97 Last97,3693
2025-02-04,1,Sunset Gardens,P1-U35,,,0
2025-02-04,1,Sunset Gardens,P1-U36,,,0
2025-02-04,1,Sunset Gardens,P1-U37,23,Resident23 Last23,6826
2025-02-04,1,Sunset Gardens,P1-U38,24,Resident24 Last24,5319
2025-02-04,1,Sunset Gardens,P1-U39,,,0
2025-02-04,1,Sunset Gardens,P1-U40,25,Resident25 Last25,3203
2025-02-04,1,Sunset Gardens,P1-U41,,,0
2025-02-04,1,Sunset Gardens,P1-U42,,,0
2025-02-04,1,Sunset Gardens,P1-U43,,,0
2025-02-04,1,Sunset Gardens,P1-U44,26,Resident26 Last26,4150
2025-02-04,1,Sunset Gardens,P1-U45,27,Resident27 Last27,3792
2025-02-04,1,Sunset Gardens,P1-U46,28,Resident28 Last28,4656
2025-02-04,1,Sunset Gardens,P1-U47,,,0
2025-02-04,1,Sunset Gardens,P1-U48,92,Resident92 Last92,7230
2025-02-04,1,Sunset Gardens,P1-U49,29,Resident29 Last29,4138
2025-02-04,1,Sunset Gardens,P1-U50,30,Resident30 Last30,6031
2025-02-04,2,Meadowbrook Senior Living,P2-U01,99,Resident99 Last99,6317
2025-02-04,2,Meadowbrook Senior Living,P2-U02,31,Resident31 Last31,3643
2025-02-04,2,Meadowbrook Senior Living,P2-U03,,,0
2025-02-04,2,Meadowbrook Senior Living,P2-U04,,,0
2025-02-04,2,Meadowbrook Senior Living,P2-U05,32,Resident32 Last32,5524
2025-02-04,2,Meadowbrook Senior Living,P2-U06,,,0
2025-02-04,2,Meadowbrook Senior Living,P2-U07,98,Resident98 Last98,5808
2025-02-04,2,Meadowbrook Senior Living,P2-U08,33,Resident33 Last33,7164
2025-02-04,2,Meadowbrook Senior Living,P2-U09,,,0
2025-02-04,2,Meadowbrook Senior Living,P2-U10,,,0
2025-02-04,2,Meadowbrook Senior Living,P2-U11,,,0
2025-02-04,2,Meadowbrook Senior Living,P2-U12,35,Resident35 Last35,5476
2025-02-04,2,Meadowbrook Senior Living,P2-U13,36,Resident36 Last36,4795
2025-02-04,2,Meadowbrook Senior Living,P2-U14,37,Resident37 Last37,6972
2025-02-04,2,Meadowbrook Senior Living,P2-U15,,,0
2025-02-04,2,Meadowbrook Senior Living,P2-U16,38,Resident38 Last38,6144
2025-02-04,2,Meadowbrook Senior Living,P2-U17,39,Resident39 Last39,3646
2025-02-04,2,Meadowbrook Senior Living,P2-U18,40,Resident40 Last40,6397
2025-02-04,2,Meadowbrook Senior Living,P2-U19,,,0
2025-02-04,2,Meadowbrook Senior Living,P2-U20,41,Resident41 Last41,3058
2025-02-04,2,Meadowbrook Senior Living,P2-U21,42,Resident42 Last42,4782
2025-02-04,2,Meadowbrook Senior Living,P2-U22,43,Resident43 Last43,5894
2025-02-04,2,Meadowbrook Senior Living,P2-U23,,,0
2025-02-04,2,Meadowbrook Senior Living,P2-U24,44,Resident44 Last44,7471
2025-02-04,2,Meadowbrook Senior Living,P2-U25,,,0
2025-02-04,2,Meadowbrook Senior Living,P2-U26,,,0
2025-02-04,2,Meadowbrook Senior Living,P2-U27,,,0
2025-02-04,2,Meadowbrook Senior Living,P2-U28,,,0
2025-02-04,2,Meadowbrook Senior Living,P2-U29,,,0
2025-02-04,2,Meadowbrook Senior Living,P2-U30,,,0
2025-02-04,2,Meadowbrook Senior Living,P2-U31,,,0
2025-02-04,2,Meadowbrook Senior Living,P2-U32,95,Resident95 Last95,7376
2025-02-04,2,Meadowbrook Senior Living,P2-U33,,,0
2025-02-04,2,Meadowbrook Senior Living,P2-U34,,,0
2025-02-04,2,Meadowbrook Senior Living,P2-U35,,,0
2025-02-04,2,Meadowbrook Senior Living,P2-U36,,,0
2025-02-04,2,Meadowbrook Senior Living,P2-U37,47,Resident47 Last47,5894
2025-02-04,2,Meadowbrook Senior Living,P2-U38,48,Resident48 Last48,3847
2025-02-04,2,Meadowbrook Senior Living,P2-U39,,,0
2025-02-04,2,Meadowbrook Senior Living,P2-U40,50,Resident50 Last50,5383
2025-02-04,2,Meadowbrook Senior Living,P2-U41,,,0
2025-02-04,2,Meadowbrook Senior Living,P2-U42,51,Resident51 Last51,6956
2025-02-04,2,Meadowbrook Senior Living,P2-U43,,,0
2025-02-04,2,Meadowbrook Senior Living,P2-U44,53,Resident53 Last53,6044
2025-02-04,2,Meadowbrook Senior Living,P2-U45,93,Resident93 Last93,5535
2025-02-04,2,Meadowbrook Senior Living,P2-U46,54,Resident54 Last54,4954
2025-02-04,2,Meadowbrook Senior Living,P2-U47,55,Resident55 Last55,7311
2025-02-04,2,Meadowbrook Senior Living,P2-U48,56,Resident56 Last56,3751
2025-02-04,2,Meadowbrook Senior Living,P2-U49,57,Resident57 Last57,3429
2025-02-04,2,Meadowbrook Senior Living,P2-U50,,,0
2025-02-04,3,Riverside Retirement Community,P3-U01,58,Resident58 Last58,6334
2025-02-04,3,Riverside Retirement Community,P3-U02,,,0
2025-02-04,3,Riverside Retirement Community,P3-U03,,,0
2025-02-04,3,Riverside Retirement Community,P3-U04,,,0
2025-02-04,3,Riverside Retirement Community,P3-U05,,,0
2025-02-04,3,Riverside Retirement Community,P3-U06,60,Resident60 Last60,4602
2025-02-04,3,Riverside Retirement Community,P3-U07,61,Resident61 Last61,3142
2025-02-04,3,Riverside Retirement Community,P3-U08,62,Resident62 Last62,5599
2025-02-04,3,Riverside Retirement Community,P3-U09,63,Resident63 Last63,4741
2025-02-04,3,Riverside Retirement Community,P3-U10,,,0
2025-02-04,3,Riverside Retirement Community,P3-U11,96,Resident96 Last96,3484
2025-02-04,3,Riverside Retirement Community,P3-U12,,,0
2025-02-04,3,Riverside Retirement Community,P3-U13,,,0
2025-02-04,3,Riverside Retirement Community,P3-U14,64,Resident64 Last64,4016
2025-02-04,3,Riverside Retirement Community,P3-U15,65,Resident65 Last65,5094
2025-02-04,3,Riverside Retirement Community,P3-U16,66,Resident66 Last66,7369
2025-02-04,3,Riverside Retirement Community,P3-U17,,,0
2025-02-04,3,Riverside Retirement Community,P3-U18,,,0
2025-02-04,3,Riverside Retirement Community,P3-U19,,,0
2025-02-04,3,Riverside Retirement Community,P3-U20,,,0
2025-02-04,3,Riverside Retirement Community,P3-U21,,,0
2025-02-04,3,Riverside Retirement Community,P3-U22,71,Resident71 Last71,3684
2025-02-04,3,Riverside Retirement Community,P3-U23,72,Resident72 Last72,3763
2025-02-04,3,Riverside Retirement Community,P3-U24,73,Resident73 Last73,3612
2025-02-04,3,Riverside Retirement Community,P3-U25,74,Resident74 Last74,6679
2025-02-04,3,Riverside Retirement Community,P3-U26,,,0
2025-02-04,3,Riverside Retirement Community,P3-U27,,,0
2025-02-04,3,Riverside Retirement Community,P3-U28,,,0
2025-02-04,3,Riverside Retirement Community,P3-U29,,,0
2025-02-04,3,Riverside Retirement Community,P3-U30,,,0
2025-02-04,3,Riverside Retirement Community,P3-U31,,,0
2025-02-04,3,Riverside Retirement Community,P3-U32,75,Resident75 Last75,6998
2025-02-04,3,Riverside Retirement Community,P3-U33,,,0
2025-02-04,3,Riverside Retirement Community,P3-U34,77,Resident77 Last77,4456
2025-02-04,3,Riverside Retirement Community,P3-U35,,,0
2025-02-04,3,Riverside Retirement Community,P3-U36,78,Resident78 Last78,6502
2025-02-04,3,Riverside Retirement Community,P3-U37,100,Resident100 Last100,6425
2025-02-04,3,Riverside Retirement Community,P3-U38,79,Resident79 Last79,7014
2025-02-04,3,Riverside Retirement Community,P3-U39,80,Resident80 Last80,4317
2025-02-04,3,Riverside Retirement Community,P3-U40,81,Resident81 Last81,5835
2025-02-04,3,Riverside Retirement Community,P3-U41,82,Resident82 Last82,3465
2025-02-04,3,Riverside Retirement Community,P3-U42,83,Resident83 Last83,4381
2025-02-04,3,Riverside Retirement Community,P3-U43,,,0
2025-02-04,3,Riverside Retirement Community,P3-U44,84,Resident84 Last84,6325
2025-02-04,3,Riverside Retirement Community,P3-U45,,,0
2025-02-04,3,Riverside Retirement Community,P3-U46,,,0
2025-02-04,3,Riverside Retirement Community,P3-U47,85,Resident85 Last85,6135
2025-02-04,3,Riverside Retirement Community,P3-U48,86,Resident86 Last86,4208
2025-02-04,3,Riverside Retirement Community,P3-U49,87,Resident87 Last87,4723
2025-02-04,3,Riverside Retirement Community,P3-U50,88,Resident88 Last88,3664
2025-02-05,1,Sunset Gardens,P1-U01,,,0
2025-02-05,1,Sunset Gardens,P1-U02,1,Resident1 Last1,4103
2025-02-05,1,Sunset Gardens,P1-U03,2,Resident2 Last2,4626
2025-02-05,1,Sunset Gardens,P1-U04,,,0
2025-02-05,1,Sunset Gardens,P1-U05,4,Resident4 Last4,4469
2025-02-05,1,Sunset Gardens,P1-U06,,,0
2025-02-05,1,Sunset Gardens,P1-U07,5,Resident5 Last5,6368
2025-02-05,1,Sunset Gardens,P1-U08,6,Resident6 Last6,4726
2025-02-05,1,Sunset Gardens,P1-U09,,,0
2025-02-05,1,Sunset Gardens,P1-U10,8,Resident8 Last8,5207
2025-02-05,1,Sunset Gardens,P1-U11,9,Resident9 Last9,6915
2025-02-05,1,Sunset Gardens,P1-U12,,,0
2025-02-05,1,Sunset Gardens,P1-U13,11,Resident11 Last11,4505
2025-02-05,1,Sunset Gardens,P1-U14,,,0
2025-02-05,1,Sunset Gardens,P1-U15,,,0
2025-02-05,1,Sunset Gardens,P1-U16,,,0
2025-02-05,1,Sunset Gardens,P1-U17,,,0
2025-02-05,1,Sunset Gardens,P1-U18,13,Resident13 Last13,3438
2025-02-05,1,Sunset Gardens,P1-U19,14,Resident14 Last14,5725
2025-02-05,1,Sunset Gardens,P1-U20,,,0
2025-02-05,1,Sunset Gardens,P1-U21,15,Resident15 Last15,7434
2025-02-05,1,Sunset Gardens,P1-U22,,,0
2025-02-05,1,Sunset Gardens,P1-U23,,,0
2025-02-05,1,Sunset Gardens,P1-U24,89,Resident89 Last89,4218
2025-02-05,1,Sunset Gardens,P1-U25,,,0
2025-02-05,1,Sunset Gardens,P1-U26,16,Resident16 Last16,6062
2025-02-05,1,Sunset Gardens,P1-U27,,,0
2025-02-05,1,Sunset Gardens,P1-U28,17,Resident17 Last17,4390
2025-02-05,1,Sunset Gardens,P1-U29,18,Resident18 Last18,3165
2025-02-05,1,Sunset Gardens,P1-U30,91,Resident91 Last91,6743
2025-02-05,1,Sunset Gardens,P1-U31,19,Resident19 Last19,3698
2025-02-05,1,Sunset Gardens,P1-U32,,,0
2025-02-05,1,Sunset Gardens,P1-U33,,,0
2025-02-05,1,Sunset Gardens,P1-U34,97,Resident97 Last97,3693
2025-02-05,1,Sunset Gardens,P1-U35,,,0
2025-02-05,1,Sunset Gardens,P1-U36,,,0
2025-02-05,1,Sunset Gardens,P1-U37,23,Resident23 Last23,6826
2025-02-05,1,Sunset Gardens,P1-U38,24,Resident24 Last24,5319
2025-02-05,1,Sunset Gardens,P1-U39,,,0
2025-02-05,1,Sunset Gardens,P1-U40,25,Resident25 Last25,3203
2025-02-05,1,Sunset Gardens,P1-U41,,,0
2025-02-05,1,Sunset Gardens,P1-U42,,,0
2025-02-05,1,Sunset Gardens,P1-U43,,,0
2025-02-05,1,Sunset Gardens,P1-U44,26,Resident26 Last26,4150
2025-02-05,1,Sunset Gardens,P1-U45,27,Resident27 Last27,3792
2025-02-05,1,Sunset Gardens,P1-U46,28,Resident28 Last28,4656
2025-02-05,1,Sunset Gardens,P1-U47,,,0
2025-02-05,1,Sunset Gardens,P1-U48,92,Resident92 Last92,7230
2025-02-05,1,Sunset Gardens,P1-U49,29,Resident29 Last29,4138
2025-02-05,1,Sunset Gardens,P1-U50,30,Resident30 Last30,6031
2025-02-05,2,Meadowbrook Senior Living,P2-U01,99,Resident99 Last99,6317
2025-02-05,2,Meadowbrook Senior Living,P2-U02,31,Resident31 Last31,3643
2025-02-05,2,Meadowbrook Senior Living,P2-U03,,,0
2025-02-05,2,Meadowbrook Senior Living,P2-U04,,,0
2025-02-05,2,Meadowbrook Senior Living,P2-U05,32,Resident32 Last32,5524
2025-02-05,2,Meadowbrook Senior Living,P2-U06,,,0
2025-02-05,2,Meadowbrook Senior Living,P2-U07,98,Resident98 Last98,5808
2025-02-05,2,Meadowbrook Senior Living,P2-U08,33,Resident33 Last33,7164
2025-02-05,2,Meadowbrook Senior Living,P2-U09,,,0
2025-02-05,2,Meadowbrook Senior Living,P2-U10,,,0
2025-02-05,2,Meadowbrook Senior Living,P2-U11,,,0
2025-02-05,2,Meadowbrook Senior Living,P2-U12,35,Resident35 Last35,5476
2025-02-05,2,Meadowbrook Senior Living,P2-U13,36,Resident36 Last36,4795
2025-02-05,2,Meadowbrook Senior Living,P2-U14,37,Resident37 Last37,6972
2025-02-05,2,Meadowbrook Senior Living,P2-U15,,,0
2025-02-05,2,Meadowbrook Senior Living,P2-U16,38,Resident38 Last38,6144
2025-02-05,2,Meadowbrook Senior Living,P2-U17,39,Resident39 Last39,3646
2025-02-05,2,Meadowbrook Senior Living,P2-U18,40,Resident40 Last40,6397
2025-02-05,2,Meadowbrook Senior Living,P2-U19,,,0
2025-02-05,2,Meadowbrook Senior Living,P2-U20,41,Resident41 Last41,3058
2025-02-05,2,Meadowbrook Senior Living,P2-U21,42,Resident42 Last42,4782
2025-02-05,2,Meadowbrook Senior Living,P2-U22,43,Resident43 Last43,5894
2025-02-05,2,Meadowbrook Senior Living,P2-U23,,,0
2025-02-05,2,Meadowbrook Senior Living,P2-U24,44,Resident44 Last44,7471
2025-02-05,2,Meadowbrook Senior Living,P2-U25,,,0
2025-02-05,2,Meadowbrook Senior Living,P2-U26,,,0
2025-02-05,2,Meadowbrook Senior Living,P2-U27,,,0
2025-02-05,2,Meadowbrook Senior Living,P2-U28,,,0
2025-02-05,2,Meadowbrook Senior Living,P2-U29,,,0
2025-02-05,2,Meadowbrook Senior Living,P2-U30,,,0
2025-02-05,2,Meadowbrook Senior Living,P2-U31,,,0
2025-02-05,2,Meadowbrook Senior Living,P2-U32,95,Resident95 Last95,7376
2025-02-05,2,Meadowbrook Senior Living,P2-U33,,,0
2025-02-05,2,Meadowbrook Senior Living,P2-U34,,,0
2025-02-05,2,Meadowbrook Senior Living,P2-U35,,,0
2025-02-05,2,Meadowbrook Senior Living,P2-U36,,,0
2025-02-05,2,Meadowbrook Senior Living,P2-U37,47,Resident47 Last47,5894
2025-02-05,2,Meadowbrook Senior Living,P2-U38,48,Resident48 Last48,3847
2025-02-05,2,Meadowbrook Senior Living,P2-U39,,,0
2025-02-05,2,Meadowbrook Senior Living,P2-U40,50,Resident50 Last50,5383
2025-02-05,2,Meadowbrook Senior Living,P2-U41,,,0
2025-02-05,2,Meadowbrook Senior Living,P2-U42,51,Resident51 Last51,6956
2025-02-05,2,Meadowbrook Senior Living,P2-U43,,,0
2025-02-05,2,Meadowbrook Senior Living,P2-U44,53,Resident53 Last53,6044
2025-02-05,2,Meadowbrook Senior Living,P2-U45,93,Resident93 Last93,5535
2025-02-05,2,Meadowbrook Senior Living,P2-U46,54,Resident54 Last54,4954
2025-02-05,2,Meadowbrook Senior Living,P2-U47,55,Resident55 Last55,7311
2025-02-05,2,Meadowbrook Senior Living,P2-U48,56,Resident56 Last56,3751
2025-02-05,2,Meadowbrook Senior Living,P2-U49,57,Resident57 Last57,3429
2025-02-05,2,Meadowbrook Senior Living,P2-U50,,,0
2025-02-05,3,Riverside Retirement Community,P3-U01,58,Resident58 Last58,6334
2025-02-05,3,Riverside Retirement Community,P3-U02,,,0
2025-02-05,3,Riverside Retirement Community,P3-U03,,,0
2025-02-05,3,Riverside Retirement Community,P3-U04,,,0
2025-02-05,3,Riverside Retirement Community,P3-U05,,,0
2025-02-05,3,Riverside Retirement Community,P3-U06,60,Resident60 Last60,4602
2025-02-05,3,Riverside Retirement Community,P3-U07,61,Resident61 Last61,3142
2025-02-05,3,Riverside Retirement Community,P3-U08,62,Resident62 Last62,5599
2025-02-05,3,Riverside Retirement Community,P3-U09,63,Resident63 Last63,4741
2025-02-05,3,Riverside Retirement Community,P3-U10,,,0
2025-02-05,3,Riverside Retirement Community,P3-U11,96,Resident96 Last96,3484
2025-02-05,3,Riverside Retirement Community,P3-U12,,,0
2025-02-05,3,Riverside Retirement Community,P3-U13,,,0
2025-02-05,3,Riverside Retirement Community,P3-U14,64,Resident64 Last64,4016
2025-02-05,3,Riverside Retirement Community,P3-U15,65,Resident65 Last65,5094
2025-02-05,3,Riverside Retirement Community,P3-U16,66,Resident66 Last66,7369
2025-02-05,3,Riverside Retirement Community,P3-U17,,,0
2025-02-05,3,Riverside Retirement Community,P3-U18,,,0
2025-02-05,3,Riverside Retirement Community,P3-U19,,,0
2025-02-05,3,Riverside Retirement Community,P3-U20,,,0
2025-02-05,3,Riverside Retirement Community,P3-U21,,,0
2025-02-05,3,Riverside Retirement Community,P3-U22,71,Resident71 Last71,3684
2025-02-05,3,Riverside Retirement Community,P3-U23,72,Resident72 Last72,3763
2025-02-05,3,Riverside Retirement Community,P3-U24,73,Resident73 Last73,3612
2025-02-05,3,Riverside Retirement Community,P3-U25,74,Resident74 Last74,6679
2025-02-05,3,Riverside Retirement Community,P3-U26,,,0
2025-02-05,3,Riverside Retirement Community,P3-U27,,,0
2025-02-05,3,Riverside Retirement Community,P3-U28,,,0
2025-02-05,3,Riverside Retirement Community,P3-U29,,,0
2025-02-05,3,Riverside Retirement Community,P3-U30,,,0
2025-02-05,3,Riverside Retirement Community,P3-U31,,,0
2025-02-05,3,Riverside Retirement Community,P3-U32,75,Resident75 Last75,6998
2025-02-05,3,Riverside Retirement Community,P3-U33,,,0
2025-02-05,3,Riverside Retirement Community,P3-U34,77,Resident77 Last77,4456
2025-02-05,3,Riverside Retirement Community,P3-U35,,,0
2025-02-05,3,Riverside Retirement Community,P3-U36,78,Resident78 Last78,6502
2025-02-05,3,Riverside Retirement Community,P3-U37,100,Resident100 Last100,6425
2025-02-05,3,Riverside Retirement Community,P3-U38,79,Resident79 Last79,7014
2025-02-05,3,Riverside Retirement Community,P3-U39,80,Resident80 Last80,4317
2025-02-05,3,Riverside Retirement Community,P3-U40,81,Resident81 Last81,5835
2025-02-05,3,Riverside Retirement Community,P3-U41,82,Resident82 Last82,3465
2025-02-05,3,Riverside Retirement Community,P3-U42,83,Resident83 Last83,4381
2025-02-05,3,Riverside Retirement Community,P3-U43,,,0
2025-02-05,3,Riverside Retirement Community,P3-U44,84,Resident84 Last84,6325
2025-02-05,3,Riverside Retirement Community,P3-U45,,,0
2025-02-05,3,Riverside Retirement Community,P3-U46,,,0
2025-02-05,3,Riverside Retirement Community,P3-U47,85,Resident85 Last85,6135
2025-02-05,3,Riverside Retirement Community,P3-U48,86,Resident86 Last86,4208
2025-02-05,3,Riverside Retirement Community,P3-U49,87,Resident87 Last87,4723
2025-02-05,3,Riverside Retirement Community,P3-U50,88,Resident88 Last88,3664
2025-02-06,1,Sunset Gardens,P1-U01,,,0
2025-02-06,1,Sunset Gardens,P1-U02,1,Resident1 Last1,4103
2025-02-06,1,Sunset Gardens,P1-U03,2,Resident2 Last2,4626
2025-02-06,1,Sunset Gardens,P1-U04,,,0
2025-02-06,1,Sunset Gardens,P1-U05,4,Resident4 Last4,4469
2025-02-06,1,Sunset Gardens,P1-U06,,,0
2025-02-06,1,Sunset Gardens,P1-U07,5,Resident5 Last5,6368
2025-02-06,1,Sunset Gardens,P1-U08,6,Resident6 Last6,4726
2025-02-06,1,Sunset Gardens,P1-U09,,,0
2025-02-06,1,Sunset Gardens,P1-U10,8,Resident8 Last8,5207
2025-02-06,1,Sunset Gardens,P1-U11,9,Resident9 Last9,6915
2025-02-06,1,Sunset Gardens,P1-U12,,,0
2025-02-06,1,Sunset Gardens,P1-U13,11,Resident11 Last11,4505
2025-02-06,1,Sunset Gardens,P1-U14,,,0
2025-02-06,1,Sunset Gardens,P1-U15,,,0
2025-02-06,1,Sunset Gardens,P1-U16,,,0
2025-02-06,1,Sunset Gardens,P1-U17,,,0
2025-02-06,1,Sunset Gardens,P1-U18,13,Resident13 Last13,3438
2025-02-06,1,Sunset Gardens,P1-U19,14,Resident14 Last14,5725
2025-02-06,1,Sunset Gardens,P1-U20,,,0
2025-02-06,1,Sunset Gardens,P1-U21,15,Resident15 Last15,7434
2025-02-06,1,Sunset Gardens,P1-U22,,,0
2025-02-06,1,Sunset Gardens,P1-U23,,,0
2025-02-06,1,Sunset Gardens,P1-U24,89,Resident89 Last89,4218
2025-02-06,1,Sunset Gardens,P1-U25,,,0
2025-02-06,1,Sunset Gardens,P1-U26,16,Resident16 Last16,6062
2025-02-06,1,Sunset Gardens,P1-U27,,,0
2025-02-06,1,Sunset Gardens,P1-U28,17,Resident17 Last17,4390
2025-02-06,1,Sunset Gardens,P1-U29,18,Resident18 Last18,3165
2025-02-06,1,Sunset Gardens,P1-U30,91,Resident91 Last91,6743
2025-02-06,1,Sunset Gardens,P1-U31,19,Resident19 Last19,3698
2025-02-06,1,Sunset Gardens,P1-U32,,,0
2025-02-06,1,Sunset Gardens,P1-U33,,,0
2025-02-06,1,Sunset Gardens,P1-U34,97,Resident97 Last97,3693
2025-02-06,1,Sunset Gardens,P1-U35,,,0
2025-02-06,1,Sunset Gardens,P1-U36,,,0
2025-02-06,1,Sunset Gardens,P1-U37,23,Resident23 Last23,6826
2025-02-06,1,Sunset Gardens,P1-U38,24,Resident24 Last24,5319
2025-02-06,1,Sunset Gardens,P1-U39,,,0
2025-02-06,1,Sunset Gardens,P1-U40,25,Resident25 Last25,3203
2025-02-06,1,Sunset Gardens,P1-U41,,,0
2025-02-06,1,Sunset Gardens,P1-U42,,,0
2025-02-06,1,Sunset Gardens,P1-U43,,,0
2025-02-06,1,Sunset Gardens,P1-U44,26,Resident26 Last26,4150
2025-02-06,1,Sunset Gardens,P1-U45,27,Resident27 Last27,3792
2025-02-06,1,Sunset Gardens,P1-U46,28,Resident28 Last28,4656
2025-02-06,1,Sunset Gardens,P1-U47,,,0
2025-02-06,1,Sunset Gardens,P1-U48,92,Resident92 Last92,7230
2025-02-06,1,Sunset Gardens,P1-U49,29,Resident29 Last29,4138
2025-02-06,1,Sunset Gardens,P1-U50,30,Resident30 Last30,6031
2025-02-06,2,Meadowbrook Senior Living,P2-U01,99,Resident99 Last99,6317
2025-02-06,2,Meadowbrook Senior Living,P2-U02,31,Resident31 Last31,3643
2025-02-06,2,Meadowbrook Senior Living,P2-U03,,,0
2025-02-06,2,Meadowbrook Senior Living,P2-U04,,,0
2025-02-06,2,Meadowbrook Senior Living,P2-U05,32,Resident32 Last32,5524
2025-02-06,2,Meadowbrook Senior Living,P2-U06,,,0
2025-02-06,2,Meadowbrook Senior Living,P2-U07,98,Resident98 Last98,5808
2025-02-06,2,Meadowbrook Senior Living,P2-U08,33,Resident33 Last33,7164
2025-02-06,2,Meadowbrook Senior Living,P2-U09,,,0
2025-02-06,2,Meadowbrook Senior Living,P2-U10,,,0
2025-02-06,2,Meadowbrook Senior Living,P2-U11,,,0
2025-02-06,2,Meadowbrook Senior Living,P2-U12,35,Resident35 Last35,5476
2025-02-06,2,Meadowbrook Senior Living,P2-U13,36,Resident36 Last36,4795
2025-02-06,2,Meadowbrook Senior Living,P2-U14,37,Resident37 Last37,6972
2025-02-06,2,Meadowbrook Senior Living,P2-U15,,,0
2025-02-06,2,Meadowbrook Senior Living,P2-U16,38,Resident38 Last38,6144
2025-02-06,2,Meadowbrook Senior Living,P2-U17,39,Resident39 Last39,3646
2025-02-06,2,Meadowbrook Senior Living,P2-U18,40,Resident40 Last40,6397
2025-02-06,2,Meadowbrook Senior Living,P2-U19,,,0
2025-02-06,2,Meadowbrook Senior Living,P2-U20,41,Resident41 Last41,3058
2025-02-06,2,Meadowbrook Senior Living,P2-U21,42,Resident42 Last42,4782
2025-02-06,2,Meadowbrook Senior Living,P2-U22,43,Resident43 Last43,5894
2025-02-06,2,Meadowbrook Senior Living,P2-U23,,,0
2025-02-06,2,Meadowbrook Senior Living,P2-U24,44,Resident44 Last44,7471
2025-02-06,2,Meadowbrook Senior Living,P2-U25,,,0
2025-02-06,2,Meadowbrook Senior Living,P2-U26,,,0
2025-02-06,2,Meadowbrook Senior Living,P2-U27,,,0
2025-02-06,2,Meadowbrook Senior Living,P2-U28,,,0
2025-02-06,2,Meadowbrook Senior Living,P2-U29,,,0
2025-02-06,2,Meadowbrook Senior Living,P2-U30,,,0
2025-02-06,2,Meadowbrook Senior Living,P2-U31,,,0
2025-02-06,2,Meadowbrook Senior Living,P2-U32,95,Resident95 Last95,7376
2025-02-06,2,Meadowbrook Senior Living,P2-U33,,,0
2025-02-06,2,Meadowbrook Senior Living,P2-U34,,,0
2025-02-06,2,Meadowbrook Senior Living,P2-U35,,,0
2025-02-06,2,Meadowbrook Senior Living,P2-U36,,,0
2025-02-06,2,Meadowbrook Senior Living,P2-U37,47,Resident47 Last47,5894
2025-02-06,2,Meadowbrook Senior Living,P2-U38,48,Resident48 Last48,3847
2025-02-06,2,Meadowbrook Senior Living,P2-U39,,,0
2025-02-06,2,Meadowbrook Senior Living,P2-U40,50,Resident50 Last50,5383
2025-02-06,2,Meadowbrook Senior Living,P2-U41,,,0
2025-02-06,2,Meadowbrook Senior Living,P2-U42,51,Resident51 Last51,6956
2025-02-06,2,Meadowbrook Senior Living,P2-U43,,,0
2025-02-06,2,Meadowbrook Senior Living,P2-U44,53,Resident53 Last53,6044
2025-02-06,2,Meadowbrook Senior Living,P2-U45,93,Resident93 Last93,5535
2025-02-06,2,Meadowbrook Senior Living,P2-U46,54,Resident54 Last54,4954
2025-02-06,2,Meadowbrook Senior Living,P2-U47,55,Resident55 Last55,7311
2025-02-06,2,Meadowbrook Senior Living,P2-U48,56,Resident56 Last56,3751
2025-02-06,2,Meadowbrook Senior Living,P2-U49,57,Resident57 Last57,3429
2025-02-06,2,Meadowbrook Senior Living,P2-U50,,,0
2025-02-06,3,Riverside Retirement Community,P3-U01,58,Resident58 Last58,6334
2025-02-06,3,Riverside Retirement Community,P3-U02,,,0
2025-02-06,3,Riverside Retirement Community,P3-U03,,,0
2025-02-06,3,Riverside Retirement Community,P3-U04,,,0
2025-02-06,3,Riverside Retirement Community,P3-U05,,,0
2025-02-06,3,Riverside Retirement Community,P3-U06,60,Resident60 Last60,4602
2025-02-06,3,Riverside Retirement Community,P3-U07,61,Resident61 Last61,3142
2025-02-06,3,Riverside Retirement Community,P3-U08,62,Resident62 Last62,5599
2025-02-06,3,Riverside Retirement Community,P3-U09,63,Resident63 Last63,4741
2025-02-06,3,Riverside Retirement Community,P3-U10,,,0
2025-02-06,3,Riverside Retirement Community,P3-U11,96,Resident96 Last96,3484
2025-02-06,3,Riverside Retirement Community,P3-U12,,,0
2025-02-06,3,Riverside Retirement Community,P3-U13,,,0
2025-02-06,3,Riverside Retirement Community,P3-U14,64,Resident64 Last64,4016
2025-02-06,3,Riverside Retirement Community,P3-U15,65,Resident65 Last65,5094
2025-02-06,3,Riverside Retirement Community,P3-U16,66,Resident66 Last66,7369
2025-02-06,3,Riverside Retirement Community,P3-U17,,,0
2025-02-06,3,Riverside Retirement Community,P3-U18,,,0
2025-02-06,3,Riverside Retirement Community,P3-U19,,,0
2025-02-06,3,Riverside Retirement Community,P3-U20,,,0
2025-02-06,3,Riverside Retirement Community,P3-U21,,,0
2025-02-06,3,Riverside Retirement Community,P3-U22,71,Resident71 Last71,3684
2025-02-06,3,Riverside Retirement Community,P3-U23,72,Resident72 Last72,3763
2025-02-06,3,Riverside Retirement Community,P3-U24,73,Resident73 Last73,3612
2025-02-06,3,Riverside Retirement Community,P3-U25,74,Resident74 Last74,6679
2025-02-06,3,Riverside Retirement Community,P3-U26,,,0
2025-02-06,3,Riverside Retirement Community,P3-U27,,,0
2025-02-06,3,Riverside Retirement Community,P3-U28,,,0
2025-02-06,3,Riverside Retirement Community,P3-U29,,,0
2025-02-06,3,Riverside Retirement Community,P3-U30,,,0
2025-02-06,3,Riverside Retirement Community,P3-U31,,,0
2025-02-06,3,Riverside Retirement Community,P3-U32,75,Resident75 Last75,6998
2025-02-06,3,Riverside Retirement Community,P3-U33,,,0
2025-02-06,3,Riverside Retirement Community,P3-U34,77,Resident77 Last77,4456
2025-02-06,3,Riverside Retirement Community,P3-U35,,,0
2025-02-06,3,Riverside Retirement Community,P3-U36,78,Resident78 Last78,6502
2025-02-06,3,Riverside Retirement Community,P3-U37,100,Resident100 Last100,6425
2025-02-06,3,Riverside Retirement Community,P3-U38,79,Resident79 Last79,7014
2025-02-06,3,Riverside Retirement Community,P3-U39,80,Resident80 Last80,4317
2025-02-06,3,Riverside Retirement Community,P3-U40,81,Resident81 Last81,5835
2025-02-06,3,Riverside Retirement Community,P3-U41,82,Resident82 Last82,3465
2025-02-06,3,Riverside Retirement Community,P3-U42,83,Resident83 Last83,4381
2025-02-06,3,Riverside Retirement Community,P3-U43,,,0
2025-02-06,3,Riverside Retirement Community,P3-U44,84,Resident84 Last84,6325
2025-02-06,3,Riverside Retirement Community,P3-U45,,,0
2025-02-06,3,Riverside Retirement Community,P3-U46,,,0
2025-02-06,3,Riverside Retirement Community,P3-U47,85,Resident85 Last85,6135
2025-02-06,3,Riverside Retirement Community,P3-U48,86,Resident86 Last86,4208
2025-02-06,3,Riverside Retirement Community,P3-U49,87,Resident87 Last87,4723
2025-02-06,3,Riverside Retirement Community,P3-U50,88,Resident88 Last88,3664
2025-02-07,1,Sunset Gardens,P1-U01,,,0
2025-02-07,1,Sunset Gardens,P1-U02,1,Resident1 Last1,4103
2025-02-07,1,Sunset Gardens,P1-U03,2,Resident2 Last2,4626
2025-02-07,1,Sunset Gardens,P1-U04,,,0
2025-02-07,1,Sunset Gardens,P1-U05,4,Resident4 Last4,4469
2025-02-07,1,Sunset Gardens,P1-U06,,,0
2025-02-07,1,Sunset Gardens,P1-U07,5,Resident5 Last5,6368
2025-02-07,1,Sunset Gardens,P1-U08,6,Resident6 Last6,4726
2025-02-07,1,Sunset Gardens,P1-U09,,,0
2025-02-07,1,Sunset Gardens,P1-U10,8,Resident8 Last8,5207
2025-02-07,1,Sunset Gardens,P1-U11,9,Resident9 Last9,6915
2025-02-07,1,Sunset Gardens,P1-U12,,,0
2025-02-07,1,Sunset Gardens,P1-U13,11,Resident11 Last11,4505
2025-02-07,1,Sunset Gardens,P1-U14,,,0
2025-02-07,1,Sunset Gardens,P1-U15,,,0
2025-02-07,1,Sunset Gardens,P1-U16,,,0
2025-02-07,1,Sunset Gardens,P1-U17,,,0
2025-02-07,1,Sunset Gardens,P1-U18,13,Resident13 Last13,3438
2025-02-07,1,Sunset Gardens,P1-U19,14,Resident14 Last14,5725
2025-02-07,1,Sunset Gardens,P1-U20,,,0
2025-02-07,1,Sunset Gardens,P1-U21,15,Resident15 Last15,7434
2025-02-07,1,Sunset Gardens,P1-U22,,,0
2025-02-07,1,Sunset Gardens,P1-U23,,,0
2025-02-07,1,Sunset Gardens,P1-U24,89,Resident89 Last89,4218
2025-02-07,1,Sunset Gardens,P1-U25,,,0
2025-02-07,1,Sunset Gardens,P1-U26,16,Resident16 Last16,6062
2025-02-07,1,Sunset Gardens,P1-U27,,,0
2025-02-07,1,Sunset Gardens,P1-U28,17,Resident17 Last17,4390
2025-02-07,1,Sunset Gardens,P1-U29,18,Resident18 Last18,3165
2025-02-07,1,Sunset Gardens,P1-U30,91,Resident91 Last91,6743
2025-02-07,1,Sunset Gardens,P1-U31,19,Resident19 Last19,3698
2025-02-07,1,Sunset Gardens,P1-U32,,,0
2025-02-07,1,Sunset Gardens,P1-U33,,,0
2025-02-07,1,Sunset Gardens,P1-U34,97,Resident97 Last97,3693
2025-02-07,1,Sunset Gardens,P1-U35,,,0
2025-02-07,1,Sunset Gardens,P1-U36,,,0
2025-02-07,1,Sunset Gardens,P1-U37,23,Resident23 Last23,6826
2025-02-07,1,Sunset Gardens,P1-U38,24,Resident24 Last24,5319
2025-02-07,1,Sunset Gardens,P1-U39,,,0
2025-02-07,1,Sunset Gardens,P1-U40,25,Resident25 Last25,3203
2025-02-07,1,Sunset Gardens,P1-U41,,,0
2025-02-07,1,Sunset Gardens,P1-U42,,,0
2025-02-07,1,Sunset Gardens,P1-U43,,,0
2025-02-07,1,Sunset Gardens,P1-U44,26,Resident26 Last26,4150
2025-02-07,1,Sunset Gardens,P1-U45,27,Resident27 Last27,3792
2025-02-07,1,Sunset Gardens,P1-U46,28,Resident28 Last28,4656
2025-02-07,1,Sunset Gardens,P1-U47,,,0
2025-02-07,1,Sunset Gardens,P1-U48,92,Resident92 Last92,7230
2025-02-07,1,Sunset Gardens,P1-U49,29,Resident29 Last29,4138
2025-02-07,1,Sunset Gardens,P1-U50,30,Resident30 Last30,6031
2025-02-07,2,Meadowbrook Senior Living,P2-U01,99,Resident99 Last99,6317
2025-02-07,2,Meadowbrook Senior Living,P2-U02,31,Resident31 Last31,3643
2025-02-07,2,Meadowbrook Senior Living,P2-U03,,,0
2025-02-07,2,Meadowbrook Senior Living,P2-U04,,,0
2025-02-07,2,Meadowbrook Senior Living,P2-U05,32,Resident32 Last32,5524
2025-02-07,2,Meadowbrook Senior Living,P2-U06,,,0
2025-02-07,2,Meadowbrook Senior Living,P2-U07,98,Resident98 Last98,5808
2025-02-07,2,Meadowbrook Senior Living,P2-U08,33,Resident33 Last33,7164
2025-02-07,2,Meadowbrook Senior Living,P2-U09,,,0
2025-02-07,2,Meadowbrook Senior Living,P2-U10,,,0
2025-02-07,2,Meadowbrook Senior Living,P2-U11,,,0
2025-02-07,2,Meadowbrook Senior Living,P2-U12,35,Resident35 Last35,5476
2025-02-07,2,Meadowbrook Senior Living,P2-U13,36,Resident36 Last36,4795
2025-02-07,2,Meadowbrook Senior Living,P2-U14,37,Resident37 Last37,6972
2025-02-07,2,Meadowbrook Senior Living,P2-U15,,,0
2025-02-07,2,Meadowbrook Senior Living,P2-U16,38,Resident38 Last38,6144
2025-02-07,2,Meadowbrook Senior Living,P2-U17,39,Resident39 Last39,3646
2025-02-07,2,Meadowbrook Senior Living,P2-U18,40,Resident40 Last40,6397
2025-02-07,2,Meadowbrook Senior Living,P2-U19,,,0
2025-02-07,2,Meadowbrook Senior Living,P2-U20,41,Resident41 Last41,3058
2025-02-07,2,Meadowbrook Senior Living,P2-U21,42,Resident42 Last42,4782
2025-02-07,2,Meadowbrook Senior Living,P2-U22,43,Resident43 Last43,5894
2025-02-07,2,Meadowbrook Senior Living,P2-U23,,,0
2025-02-07,2,Meadowbrook Senior Living,P2-U24,44,Resident44 Last44,7471
2025-02-07,2,Meadowbrook Senior Living,P2-U25,,,0
2025-02-07,2,Meadowbrook Senior Living,P2-U26,,,0
2025-02-07,2,Meadowbrook Senior Living,P2-U27,,,0
2025-02-07,2,Meadowbrook Senior Living,P2-U28,,,0
2025-02-07,2,Meadowbrook Senior Living,P2-U29,,,0
2025-02-07,2,Meadowbrook Senior Living,P2-U30,,,0
2025-02-07,2,Meadowbrook Senior Living,P2-U31,,,0
2025-02-07,2,Meadowbrook Senior Living,P2-U32,95,Resident95 Last95,7376
2025-02-07,2,Meadowbrook Senior Living,P2-U33,,,0
2025-02-07,2,Meadowbrook Senior Living,P2-U34,,,0
2025-02-07,2,Meadowbrook Senior Living,P2-U35,,,0
2025-02-07,2,Meadowbrook Senior Living,P2-U36,,,0
2025-02-07,2,Meadowbrook Senior Living,P2-U37,47,Resident47 Last47,5894
2025-02-07,2,Meadowbrook Senior Living,P2-U38,48,Resident48 Last48,3847
2025-02-07,2,Meadowbrook Senior Living,P2-U39,,,0
2025-02-07,2,Meadowbrook Senior Living,P2-U40,50,Resident50 Last50,5383
2025-02-07,2,Meadowbrook Senior Living,P2-U41,,,0
2025-02-07,2,Meadowbrook Senior Living,P2-U42,51,Resident51 Last51,6956
2025-02-07,2,Meadowbrook Senior Living,P2-U43,,,0
2025-02-07,2,Meadowbrook Senior Living,P2-U44,53,Resident53 Last53,6044
2025-02-07,2,Meadowbrook Senior Living,P2-U45,93,Resident93 Last93,5535
2025-02-07,2,Meadowbrook Senior Living,P2-U46,54,Resident54 Last54,4954
2025-02-07,2,Meadowbrook Senior Living,P2-U47,55,Resident55 Last55,7311
2025-02-07,2,Meadowbrook Senior Living,P2-U48,56,Resident56 Last56,3751
2025-02-07,2,Meadowbrook Senior Living,P2-U49,57,Resident57 Last57,3429
2025-02-07,2,Meadowbrook Senior Living,P2-U50,,,0
2025-02-07,3,Riverside Retirement Community,P3-U01,58,Resident58 Last58,6334
2025-02-07,3,Riverside Retirement Community,P3-U02,,,0
2025-02-07,3,Riverside Retirement Community,P3-U03,,,0
2025-02-07,3,Riverside Retirement Community,P3-U04,,,0
2025-02-07,3,Riverside Retirement Community,P3-U05,,,0
2025-02-07,3,Riverside Retirement Community,P3-U06,60,Resident60 Last60,4602
2025-02-07,3,Riverside Retirement Community,P3-U07,61,Resident61 Last61,3142
2025-02-07,3,Riverside Retirement Community,P3-U08,62,Resident62 Last62,5599
2025-02-07,3,Riverside Retirement Community,P3-U09,63,Resident63 Last63,4741
2025-02-07,3,Riverside Retirement Community,P3-U10,,,0
2025-02-07,3,Riverside Retirement Community,P3-U11,96,Resident96 Last96,3484
2025-02-07,3,Riverside Retirement Community,P3-U12,,,0
2025-02-07,3,Riverside Retirement Community,P3-U13,,,0
2025-02-07,3,Riverside Retirement Community,P3-U14,64,Resident64 Last64,4016
2025-02-07,3,Riverside Retirement Community,P3-U15,65,Resident65 Last65,5094
2025-02-07,3,Riverside Retirement Community,P3-U16,66,Resident66 Last66,7369
2025-02-07,3,Riverside Retirement Community,P3-U17,,,0
2025-02-07,3,Riverside Retirement Community,P3-U18,,,0
2025-02-07,3,Riverside Retirement Community,P3-U19,,,0
2025-02-07,3,Riverside Retirement Community,P3-U20,,,0
2025-02-07,3,Riverside Retirement Community,P3-U21,,,0
2025-02-07,3,Riverside Retirement Community,P3-U22,71,Resident71 Last71,3684
2025-02-07,3,Riverside Retirement Community,P3-U23,72,Resident72 Last72,3763
2025-02-07,3,Riverside Retirement Community,P3-U24,73,Resident73 Last73,3612
2025-02-07,3,Riverside Retirement Community,P3-U25,74,Resident74 Last74,6679
2025-02-07,3,Riverside Retirement Community,P3-U26,,,0
2025-02-07,3,Riverside Retirement Community,P3-U27,,,0
2025-02-07,3,Riverside Retirement Community,P3-U28,,,0
2025-02-07,3,Riverside Retirement Community,P3-U29,,,0
2025-02-07,3,Riverside Retirement Community,P3-U30,,,0
2025-02-07,3,Riverside Retirement Community,P3-U31,,,0
2025-02-07,3,Riverside Retirement Community,P3-U32,75,Resident75 Last75,6998
2025-02-07,3,Riverside Retirement Community,P3-U33,,,0
2025-02-07,3,Riverside Retirement Community,P3-U34,77,Resident77 Last77,4456
2025-02-07,3,Riverside Retirement Community,P3-U35,,,0
2025-02-07,3,Riverside Retirement Community,P3-U36,78,Resident78 Last78,6502
2025-02-07,3,Riverside Retirement Community,P3-U37,100,Resident100 Last100,6425
2025-02-07,3,Riverside Retirement Community,P3-U38,79,Resident79 Last79,7014
2025-02-07,3,Riverside Retirement Community,P3-U39,80,Resident80 Last80,4317
2025-02-07,3,Riverside Retirement Community,P3-U40,81,Resident81 Last81,5835
2025-02-07,3,Riverside Retirement Community,P3-U41,82,Resident82 Last82,3465
2025-02-07,3,Riverside Retirement Community,P3-U42,83,Resident83 Last83,4381
2025-02-07,3,Riverside Retirement Community,P3-U43,,,0
2025-02-07,3,Riverside Retirement Community,P3-U44,84,Resident84 Last84,6325
2025-02-07,3,Riverside Retirement Community,P3-U45,,,0
2025-02-07,3,Riverside Retirement Community,P3-U46,,,0
2025-02-07,3,Riverside Retirement Community,P3-U47,85,Resident85 Last85,6135
2025-02-07,3,Riverside Retirement Community,P3-U48,86,Resident86 Last86,4208
2025-02-07,3,Riverside Retirement Community,P3-U49,87,Resident87 Last87,4723
2025-02-07,3,Riverside Retirement Community,P3-U50,88,Resident88 Last88,3664
2025-02-08,1,Sunset Gardens,P1-U01,,,0
2025-02-08,1,Sunset Gardens,P1-U02,1,Resident1 Last1,4103
2025-02-08,1,Sunset Gardens,P1-U03,2,Resident2 Last2,4626
2025-02-08,1,Sunset Gardens,P1-U04,,,0
2025-02-08,1,Sunset Gardens,P1-U05,4,Resident4 Last4,4469
2025-02-08,1,Sunset Gardens,P1-U06,,,0
2025-02-08,1,Sunset Gardens,P1-U07,5,Resident5 Last5,6368
2025-02-08,1,Sunset Gardens,P1-U08,6,Resident6 Last6,4726
2025-02-08,1,Sunset Gardens,P1-U09,,,0
2025-02-08,1,Sunset Gardens,P1-U10,8,Resident8 Last8,5207
2025-02-08,1,Sunset Gardens,P1-U11,9,Resident9 Last9,6915
2025-02-08,1,Sunset Gardens,P1-U12,,,0
2025-02-08,1,Sunset Gardens,P1-U13,11,Resident11 Last11,4505
2025-02-08,1,Sunset Gardens,P1-U14,,,0
2025-02-08,1,Sunset Gardens,P1-U15,,,0
2025-02-08,1,Sunset Gardens,P1-U16,,,0
2025-02-08,1,Sunset Gardens,P1-U17,,,0
2025-02-08,1,Sunset Gardens,P1-U18,13,Resident13 Last13,3438
2025-02-08,1,Sunset Gardens,P1-U19,14,Resident14 Last14,5725
2025-02-08,1,Sunset Gardens,P1-U20,,,0
2025-02-08,1,Sunset Gardens,P1-U21,15,Resident15 Last15,7434
2025-02-08,1,Sunset Gardens,P1-U22,,,0
2025-02-08,1,Sunset Gardens,P1-U23,,,0
2025-02-08,1,Sunset Gardens,P1-U24,89,Resident89 Last89,4218
2025-02-08,1,Sunset Gardens,P1-U25,,,0
2025-02-08,1,Sunset Gardens,P1-U26,16,Resident16 Last16,6062
2025-02-08,1,Sunset Gardens,P1-U27,,,0
2025-02-08,1,Sunset Gardens,P1-U28,17,Resident17 Last17,4390
2025-02-08,1,Sunset Gardens,P1-U29,18,Resident18 Last18,3165
2025-02-08,1,Sunset Gardens,P1-U30,91,Resident91 Last91,6743
2025-02-08,1,Sunset Gardens,P1-U31,19,Resident19 Last19,3698
2025-02-08,1,Sunset Gardens,P1-U32,,,0
2025-02-08,1,Sunset Gardens,P1-U33,,,0
2025-02-08,1,Sunset Gardens,P1-U34,97,Resident97 Last97,3693
2025-02-08,1,Sunset Gardens,P1-U35,,,0
2025-02-08,1,Sunset Gardens,P1-U36,,,0
2025-02-08,1,Sunset Gardens,P1-U37,23,Resident23 Last23,6826
2025-02-08,1,Sunset Gardens,P1-U38,24,Resident24 Last24,5319
2025-02-08,1,Sunset Gardens,P1-U39,,,0
2025-02-08,1,Sunset Gardens,P1-U40,25,Resident25 Last25,3203
2025-02-08,1,Sunset Gardens,P1-U41,,,0
2025-02-08,1,Sunset Gardens,P1-U42,,,0
2025-02-08,1,Sunset Gardens,P1-U43,,,0
2025-02-08,1,Sunset Gardens,P1-U44,26,Resident26 Last26,4150
2025-02-08,1,Sunset Gardens,P1-U45,27,Resident27 Last27,3792
2025-02-08,1,Sunset Gardens,P1-U46,28,Resident28 Last28,4656
2025-02-08,1,Sunset Gardens,P1-U47,,,0
2025-02-08,1,Sunset Gardens,P1-U48,92,Resident92 Last92,7230
2025-02-08,1,Sunset Gardens,P1-U49,29,Resident29 Last29,4138
2025-02-08,1,Sunset Gardens,P1-U50,30,Resident30 Last30,6031
2025-02-08,2,Meadowbrook Senior Living,P2-U01,99,Resident99 Last99,6317
2025-02-08,2,Meadowbrook Senior Living,P2-U02,31,Resident31 Last31,3643
2025-02-08,2,Meadowbrook Senior Living,P2-U03,,,0
2025-02-08,2,Meadowbrook Senior Living,P2-U04,,,0
2025-02-08,2,Meadowbrook Senior Living,P2-U05,32,Resident32 Last32,5524
2025-02-08,2,Meadowbrook Senior Living,P2-U06,,,0
2025-02-08,2,Meadowbrook Senior Living,P2-U07,98,Resident98 Last98,5808
2025-02-08,2,Meadowbrook Senior Living,P2-U08,33,Resident33 Last33,7164
2025-02-08,2,Meadowbrook Senior Living,P2-U09,,,0
2025-02-08,2,Meadowbrook Senior Living,P2-U10,,,0
2025-02-08,2,Meadowbrook Senior Living,P2-U11,,,0
2025-02-08,2,Meadowbrook Senior Living,P2-U12,35,Resident35 Last35,5476
2025-02-08,2,Meadowbrook Senior Living,P2-U13,36,Resident36 Last36,4795
2025-02-08,2,Meadowbrook Senior Living,P2-U14,37,Resident37 Last37,6972
2025-02-08,2,Meadowbrook Senior Living,P2-U15,,,0
2025-02-08,2,Meadowbrook Senior Living,P2-U16,38,Resident38 Last38,6144
2025-02-08,2,Meadowbrook Senior Living,P2-U17,39,Resident39 Last39,3646
2025-02-08,2,Meadowbrook Senior Living,P2-U18,40,Resident40 Last40,6397
2025-02-08,2,Meadowbrook Senior Living,P2-U19,,,0
2025-02-08,2,Meadowbrook Senior Living,P2-U20,41,Resident41 Last41,3058
2025-02-08,2,Meadowbrook Senior Living,P2-U21,42,Resident42 Last42,4782
2025-02-08,2,Meadowbrook Senior Living,P2-U22,43,Resident43 Last43,5894
2025-02-08,2,Meadowbrook Senior Living,P2-U23,,,0
2025-02-08,2,Meadowbrook Senior Living,P2-U24,44,Resident44 Last44,7471
2025-02-08,2,Meadowbrook Senior Living,P2-U25,,,0
2025-02-08,2,Meadowbrook Senior Living,P2-U26,,,0
2025-02-08,2,Meadowbrook Senior Living,P2-U27,,,0
2025-02-08,2,Meadowbrook Senior Living,P2-U28,,,0
2025-02-08,2,Meadowbrook Senior Living,P2-U29,,,0
2025-02-08,2,Meadowbrook Senior Living,P2-U30,,,0
2025-02-08,2,Meadowbrook Senior Living,P2-U31,,,0
2025-02-08,2,Meadowbrook Senior Living,P2-U32,95,Resident95 Last95,7376
2025-02-08,2,Meadowbrook Senior Living,P2-U33,,,0
2025-02-08,2,Meadowbrook Senior Living,P2-U34,,,0
2025-02-08,2,Meadowbrook Senior Living,P2-U35,,,0
2025-02-08,2,Meadowbrook Senior Living,P2-U36,,,0
2025-02-08,2,Meadowbrook Senior Living,P2-U37,47,Resident47 Last47,5894
2025-02-08,2,Meadowbrook Senior Living,P2-U38,48,Resident48 Last48,3847
2025-02-08,2,Meadowbrook Senior Living,P2-U39,,,0
2025-02-08,2,Meadowbrook Senior Living,P2-U40,50,Resident50 Last50,5383
2025-02-08,2,Meadowbrook Senior Living,P2-U41,,,0
2025-02-08,2,Meadowbrook Senior Living,P2-U42,51,Resident51 Last51,6956
2025-02-08,2,Meadowbrook Senior Living,P2-U43,,,0
2025-02-08,2,Meadowbrook Senior Living,P2-U44,53,Resident53 Last53,6044
2025-02-08,2,Meadowbrook Senior Living,P2-U45,93,Resident93 Last93,5535
2025-02-08,2,Meadowbrook Senior Living,P2-U46,54,Resident54 Last54,4954
2025-02-08,2,Meadowbrook Senior Living,P2-U47,55,Resident55 Last55,7311
2025-02-08,2,Meadowbrook Senior Living,P2-U48,56,Resident56 Last56,3751
2025-02-08,2,Meadowbrook Senior Living,P2-U49,57,Resident57 Last57,3429
2025-02-08,2,Meadowbrook Senior Living,P2-U50,,,0
2025-02-08,3,Riverside Retirement Community,P3-U01,58,Resident58 Last58,6334
2025-02-08,3,Riverside Retirement Community,P3-U02,,,0
2025-02-08,3,Riverside Retirement Community,P3-U03,,,0
2025-02-08,3,Riverside Retirement Community,P3-U04,,,0
2025-02-08,3,Riverside Retirement Community,P3-U05,,,0
2025-02-08,3,Riverside Retirement Community,P3-U06,60,Resident60 Last60,4602
2025-02-08,3,Riverside Retirement Community,P3-U07,61,Resident61 Last61,3142
2025-02-08,3,Riverside Retirement Community,P3-U08,62,Resident62 Last62,5599
2025-02-08,3,Riverside Retirement Community,P3-U09,63,Resident63 Last63,4741
2025-02-08,3,Riverside Retirement Community,P3-U10,,,0
2025-02-08,3,Riverside Retirement Community,P3-U11,96,Resident96 Last96,3484
2025-02-08,3,Riverside Retirement Community,P3-U12,,,0
2025-02-08,3,Riverside Retirement Community,P3-U13,,,0
2025-02-08,3,Riverside Retirement Community,P3-U14,64,Resident64 Last64,4016
2025-02-08,3,Riverside Retirement Community,P3-U15,65,Resident65 Last65,5094
2025-02-08,3,Riverside Retirement Community,P3-U16,66,Resident66 Last66,7369
2025-02-08,3,Riverside Retirement Community,P3-U17,,,0
2025-02-08,3,Riverside Retirement Community,P3-U18,,,0
2025-02-08,3,Riverside Retirement Community,P3-U19,,,0
2025-02-08,3,Riverside Retirement Community,P3-U20,,,0
2025-02-08,3,Riverside Retirement Community,P3-U21,,,0
2025-02-08,3,Riverside Retirement Community,P3-U22,71,Resident71 Last71,3684
2025-02-08,3,Riverside Retirement Community,P3-U23,72,Resident72 Last72,3763
2025-02-08,3,Riverside Retirement Community,P3-U24,73,Resident73 Last73,3612
2025-02-08,3,Riverside Retirement Community,P3-U25,74,Resident74 Last74,6679
2025-02-08,3,Riverside Retirement Community,P3-U26,,,0
2025-02-08,3,Riverside Retirement Community,P3-U27,,,0
2025-02-08,3,Riverside Retirement Community,P3-U28,,,0
2025-02-08,3,Riverside Retirement Community,P3-U29,,,0
2025-02-08,3,Riverside Retirement Community,P3-U30,,,0
2025-02-08,3,Riverside Retirement Community,P3-U31,,,0
2025-02-08,3,Riverside Retirement Community,P3-U32,75,Resident75 Last75,6998
2025-02-08,3,Riverside Retirement Community,P3-U33,,,0
2025-02-08,3,Riverside Retirement Community,P3-U34,77,Resident77 Last77,4456
2025-02-08,3,Riverside Retirement Community,P3-U35,,,0
2025-02-08,3,Riverside Retirement Community,P3-U36,78,Resident78 Last78,6502
2025-02-08,3,Riverside Retirement Community,P3-U37,100,Resident100 Last100,6425
2025-02-08,3,Riverside Retirement Community,P3-U38,79,Resident79 Last79,7014
2025-02-08,3,Riverside Retirement Community,P3-U39,80,Resident80 Last80,4317
2025-02-08,3,Riverside Retirement Community,P3-U40,81,Resident81 Last81,5835
2025-02-08,3,Riverside Retirement Community,P3-U41,82,Resident82 Last82,3465
2025-02-08,3,Riverside Retirement Community,P3-U42,83,Resident83 Last83,4381
2025-02-08,3,Riverside Retirement Community,P3-U43,,,0
2025-02-08,3,Riverside Retirement Community,P3-U44,84,Resident84 Last84,6325
2025-02-08,3,Riverside Retirement Community,P3-U45,,,0
2025-02-08,3,Riverside Retirement Community,P3-U46,,,0
2025-02-08,3,Riverside Retirement Community,P3-U47,85,Resident85 Last85,6135
2025-02-08,3,Riverside Retirement Community,P3-U48,86,Resident86 Last86,4208
2025-02-08,3,Riverside Retirement Community,P3-U49,87,Resident87 Last87,4723
2025-02-08,3,Riverside Retirement Community,P3-U50,88,Resident88 Last88,3664
2025-02-09,1,Sunset Gardens,P1-U01,,,0
2025-02-09,1,Sunset Gardens,P1-U02,1,Resident1 Last1,4103
2025-02-09,1,Sunset Gardens,P1-U03,2,Resident2 Last2,4626
2025-02-09,1,Sunset Gardens,P1-U04,,,0
2025-02-09,1,Sunset Gardens,P1-U05,4,Resident4 Last4,4469
2025-02-09,1,Sunset Gardens,P1-U06,,,0
2025-02-09,1,Sunset Gardens,P1-U07,5,Resident5 Last5,6368
2025-02-09,1,Sunset Gardens,P1-U08,6,Resident6 Last6,4726
2025-02-09,1,Sunset Gardens,P1-U09,,,0
2025-02-09,1,Sunset Gardens,P1-U10,8,Resident8 Last8,5207
2025-02-09,1,Sunset Gardens,P1-U11,9,Resident9 Last9,6915
2025-02-09,1,Sunset Gardens,P1-U12,,,0
2025-02-09,1,Sunset Gardens,P1-U13,11,Resident11 Last11,4505
2025-02-09,1,Sunset Gardens,P1-U14,,,0
2025-02-09,1,Sunset Gardens,P1-U15,,,0
2025-02-09,1,Sunset Gardens,P1-U16,,,0
2025-02-09,1,Sunset Gardens,P1-U17,,,0
2025-02-09,1,Sunset Gardens,P1-U18,13,Resident13 Last13,3438
2025-02-09,1,Sunset Gardens,P1-U19,14,Resident14 Last14,5725
2025-02-09,1,Sunset Gardens,P1-U20,,,0
2025-02-09,1,Sunset Gardens,P1-U21,15,Resident15 Last15,7434
2025-02-09,1,Sunset Gardens,P1-U22,,,0
2025-02-09,1,Sunset Gardens,P1-U23,,,0
2025-02-09,1,Sunset Gardens,P1-U24,89,Resident89 Last89,4218
2025-02-09,1,Sunset Gardens,P1-U25,,,0
2025-02-09,1,Sunset Gardens,P1-U26,16,Resident16 Last16,6062
2025-02-09,1,Sunset Gardens,P1-U27,,,0
2025-02-09,1,Sunset Gardens,P1-U28,17,Resident17 Last17,4390
2025-02-09,1,Sunset Gardens,P1-U29,18,Resident18 Last18,3165
2025-02-09,1,Sunset Gardens,P1-U30,91,Resident91 Last91,6743
2025-02-09,1,Sunset Gardens,P1-U31,19,Resident19 Last19,3698
2025-02-09,1,Sunset Gardens,P1-U32,,,0
2025-02-09,1,Sunset Gardens,P1-U33,,,0
2025-02-09,1,Sunset Gardens,P1-U34,97,Resident97 Last97,3693
2025-02-09,1,Sunset Gardens,P1-U35,,,0
2025-02-09,1,Sunset Gardens,P1-U36,,,0
2025-02-09,1,Sunset Gardens,P1-U37,23,Resident23 Last23,6826
2025-02-09,1,Sunset Gardens,P1-U38,24,Resident24 Last24,5319
2025-02-09,1,Sunset Gardens,P1-U39,,,0
2025-02-09,1,Sunset Gardens,P1-U40,25,Resident25 Last25,3203
2025-02-09,1,Sunset Gardens,P1-U41,,,0
2025-02-09,1,Sunset Gardens,P1-U42,,,0
2025-02-09,1,Sunset Gardens,P1-U43,,,0
2025-02-09,1,Sunset Gardens,P1-U44,26,Resident26 Last26,4150
2025-02-09,1,Sunset Gardens,P1-U45,27,Resident27 Last27,3792
2025-02-09,1,Sunset Gardens,P1-U46,28,Resident28 Last28,4656
2025-02-09,1,Sunset Gardens,P1-U47,,,0
2025-02-09,1,Sunset Gardens,P1-U48,92,Resident92 Last92,7230
2025-02-09,1,Sunset Gardens,P1-U49,29,Resident29 Last29,4138
2025-02-09,1,Sunset Gardens,P1-U50,30,Resident30 Last30,6031
2025-02-09,2,Meadowbrook Senior Living,P2-U01,99,Resident99 Last99,6317
2025-02-09,2,Meadowbrook Senior Living,P2-U02,31,Resident31 Last31,3643
2025-02-09,2,Meadowbrook Senior Living,P2-U03,,,0
2025-02-09,2,Meadowbrook Senior Living,P2-U04,,,0
2025-02-09,2,Meadowbrook Senior Living,P2-U05,32,Resident32 Last32,5524
2025-02-09,2,Meadowbrook Senior Living,P2-U06,,,0
2025-02-09,2,Meadowbrook Senior Living,P2-U07,98,Resident98 Last98,5808
2025-02-09,2,Meadowbrook Senior Living,P2-U08,33,Resident33 Last33,7164
2025-02-09,2,Meadowbrook Senior Living,P2-U09,,,0
2025-02-09,2,Meadowbrook Senior Living,P2-U10,,,0
2025-02-09,2,Meadowbrook Senior Living,P2-U11,,,0
2025-02-09,2,Meadowbrook Senior Living,P2-U12,35,Resident35 Last35,5476
2025-02-09,2,Meadowbrook Senior Living,P2-U13,36,Resident36 Last36,4795
2025-02-09,2,Meadowbrook Senior Living,P2-U14,37,Resident37 Last37,6972
2025-02-09,2,Meadowbrook Senior Living,P2-U15,,,0
2025-02-09,2,Meadowbrook Senior Living,P2-U16,38,Resident38 Last38,6144
2025-02-09,2,Meadowbrook Senior Living,P2-U17,39,Resident39 Last39,3646
2025-02-09,2,Meadowbrook Senior Living,P2-U18,40,Resident40 Last40,6397
2025-02-09,2,Meadowbrook Senior Living,P2-U19,,,0
2025-02-09,2,Meadowbrook Senior Living,P2-U20,41,Resident41 Last41,3058
2025-02-09,2,Meadowbrook Senior Living,P2-U21,42,Resident42 Last42,4782
2025-02-09,2,Meadowbrook Senior Living,P2-U22,43,Resident43 Last43,5894
2025-02-09,2,Meadowbrook Senior Living,P2-U23,,,0
2025-02-09,2,Meadowbrook Senior Living,P2-U24,44,Resident44 Last44,7471
2025-02-09,2,Meadowbrook Senior Living,P2-U25,,,0
2025-02-09,2,Meadowbrook Senior Living,P2-U26,,,0
2025-02-09,2,Meadowbrook Senior Living,P2-U27,,,0
2025-02-09,2,Meadowbrook Senior Living,P2-U28,,,0
2025-02-09,2,Meadowbrook Senior Living,P2-U29,,,0
2025-02-09,2,Meadowbrook Senior Living,P2-U30,,,0
2025-02-09,2,Meadowbrook Senior Living,P2-U31,,,0
2025-02-09,2,Meadowbrook Senior Living,P2-U32,95,Resident95 Last95,7376
2025-02-09,2,Meadowbrook Senior Living,P2-U33,,,0
2025-02-09,2,Meadowbrook Senior Living,P2-U34,,,0
2025-02-09,2,Meadowbrook Senior Living,P2-U35,,,0
2025-02-09,2,Meadowbrook Senior Living,P2-U36,,,0
2025-02-09,2,Meadowbrook Senior Living,P2-U37,47,Resident47 Last47,5894
2025-02-09,2,Meadowbrook Senior Living,P2-U38,48,Resident48 Last48,3847
2025-02-09,2,Meadowbrook Senior Living,P2-U39,,,0
2025-02-09,2,Meadowbrook Senior Living,P2-U40,50,Resident50 Last50,5383
2025-02-09,2,Meadowbrook Senior Living,P2-U41,,,0
2025-02-09,2,Meadowbrook Senior Living,P2-U42,51,Resident51 Last51,6956
2025-02-09,2,Meadowbrook Senior Living,P2-U43,,,0
2025-02-09,2,Meadowbrook Senior Living,P2-U44,53,Resident53 Last53,6044
2025-02-09,2,Meadowbrook Senior Living,P2-U45,93,Resident93 Last93,5535
2025-02-09,2,Meadowbrook Senior Living,P2-U46,54,Resident54 Last54,4954
2025-02-09,2,Meadowbrook Senior Living,P2-U47,55,Resident55 Last55,7311
2025-02-09,2,Meadowbrook Senior Living,P2-U48,56,Resident56 Last56,3751
2025-02-09,2,Meadowbrook Senior Living,P2-U49,57,Resident57 Last57,3429
2025-02-09,2,Meadowbrook Senior Living,P2-U50,,,0
2025-02-09,3,Riverside Retirement Community,P3-U01,58,Resident58 Last58,6334
2025-02-09,3,Riverside Retirement Community,P3-U02,,,0
2025-02-09,3,Riverside Retirement Community,P3-U03,,,0
2025-02-09,3,Riverside Retirement Community,P3-U04,,,0
2025-02-09,3,Riverside Retirement Community,P3-U05,,,0
2025-02-09,3,Riverside Retirement Community,P3-U06,60,Resident60 Last60,4602
2025-02-09,3,Riverside Retirement Community,P3-U07,61,Resident61 Last61,3142
2025-02-09,3,Riverside Retirement Community,P3-U08,62,Resident62 Last62,5599
2025-02-09,3,Riverside Retirement Community,P3-U09,63,Resident63 Last63,4741
2025-02-09,3,Riverside Retirement Community,P3-U10,,,0
2025-02-09,3,Riverside Retirement Community,P3-U11,96,Resident96 Last96,3484
2025-02-09,3,Riverside Retirement Community,P3-U12,,,0
2025-02-09,3,Riverside Retirement Community,P3-U13,,,0
2025-02-09,3,Riverside Retirement Community,P3-U14,64,Resident64 Last64,4016
2025-02-09,3,Riverside Retirement Community,P3-U15,65,Resident65 Last65,5094
2025-02-09,3,Riverside Retirement Community,P3-U16,66,Resident66 Last66,7369
2025-02-09,3,Riverside Retirement Community,P3-U17,,,0
2025-02-09,3,Riverside Retirement Community,P3-U18,,,0
2025-02-09,3,Riverside Retirement Community,P3-U19,,,0
2025-02-09,3,Riverside Retirement Community,P3-U20,,,0
2025-02-09,3,Riverside Retirement Community,P3-U21,,,0
2025-02-09,3,Riverside Retirement Community,P3-U22,71,Resident71 Last71,3684
2025-02-09,3,Riverside Retirement Community,P3-U23,72,Resident72 Last72,3763
2025-02-09,3,Riverside Retirement Community,P3-U24,73,Resident73 Last73,3612
2025-02-09,3,Riverside Retirement Community,P3-U25,74,Resident74 Last74,6679
2025-02-09,3,Riverside Retirement Community,P3-U26,,,0
2025-02-09,3,Riverside Retirement Community,P3-U27,,,0
2025-02-09,3,Riverside Retirement Community,P3-U28,,,0
2025-02-09,3,Riverside Retirement Community,P3-U29,,,0
2025-02-09,3,Riverside Retirement Community,P3-U30,,,0
2025-02-09,3,Riverside Retirement Community,P3-U31,,,0
2025-02-09,3,Riverside Retirement Community,P3-U32,75,Resident75 Last75,6998
2025-02-09,3,Riverside Retirement Community,P3-U33,,,0
2025-02-09,3,Riverside Retirement Community,P3-U34,77,Resident77 Last77,4456
2025-02-09,3,Riverside Retirement Community,P3-U35,,,0
2025-02-09,3,Riverside Retirement Community,P3-U36,78,Resident78 Last78,6502
2025-02-09,3,Riverside Retirement Community,P3-U37,100,Resident100 Last100,6425
2025-02-09,3,Riverside Retirement Community,P3-U38,79,Resident79 Last79,7014
2025-02-09,3,Riverside Retirement Community,P3-U39,80,Resident80 Last80,4317
2025-02-09,3,Riverside Retirement Community,P3-U40,81,Resident81 Last81,5835
2025-02-09,3,Riverside Retirement Community,P3-U41,82,Resident82 Last82,3465
2025-02-09,3,Riverside Retirement Community,P3-U42,83,Resident83 Last83,4381
2025-02-09,3,Riverside Retirement Community,P3-U43,,,0
2025-02-09,3,Riverside Retirement Community,P3-U44,84,Resident84 Last84,6325
2025-02-09,3,Riverside Retirement Community,P3-U45,,,0
2025-02-09,3,Riverside Retirement Community,P3-U46,,,0
2025-02-09,3,Riverside Retirement Community,P3-U47,85,Resident85 Last85,6135
2025-02-09,3,Riverside Retirement Community,P3-U48,86,Resident86 Last86,4208
2025-02-09,3,Riverside Retirement Community,P3-U49,87,Resident87 Last87,4723
2025-02-09,3,Riverside Retirement Community,P3-U50,88,Resident88 Last88,3664
2025-02-10,1,Sunset Gardens,P1-U01,,,0
2025-02-10,1,Sunset Gardens,P1-U02,1,Resident1 Last1,4103
2025-02-10,1,Sunset Gardens,P1-U03,2,Resident2 Last2,4626
2025-02-10,1,Sunset Gardens,P1-U04,,,0
2025-02-10,1,Sunset Gardens,P1-U05,4,Resident4 Last4,4469
2025-02-10,1,Sunset Gardens,P1-U06,,,0
2025-02-10,1,Sunset Gardens,P1-U07,5,Resident5 Last5,6368
2025-02-10,1,Sunset Gardens,P1-U08,6,Resident6 Last6,4726
2025-02-10,1,Sunset Gardens,P1-U09,,,0
2025-02-10,1,Sunset Gardens,P1-U10,8,Resident8 Last8,5207
2025-02-10,1,Sunset Gardens,P1-U11,9,Resident9 Last9,6915
2025-02-10,1,Sunset Gardens,P1-U12,,,0
2025-02-10,1,Sunset Gardens,P1-U13,11,Resident11 Last11,4505
2025-02-10,1,Sunset Gardens,P1-U14,,,0
2025-02-10,1,Sunset Gardens,P1-U15,,,0
2025-02-10,1,Sunset Gardens,P1-U16,,,0
2025-02-10,1,Sunset Gardens,P1-U17,,,0
2025-02-10,1,Sunset Gardens,P1-U18,13,Resident13 Last13,3438
2025-02-10,1,Sunset Gardens,P1-U19,14,Resident14 Last14,5725
2025-02-10,1,Sunset Gardens,P1-U20,,,0
2025-02-10,1,Sunset Gardens,P1-U21,15,Resident15 Last15,7434
2025-02-10,1,Sunset Gardens,P1-U22,,,0
2025-02-10,1,Sunset Gardens,P1-U23,,,0
2025-02-10,1,Sunset Gardens,P1-U24,89,Resident89 Last89,4218
2025-02-10,1,Sunset Gardens,P1-U25,,,0
2025-02-10,1,Sunset Gardens,P1-U26,16,Resident16 Last16,6062
2025-02-10,1,Sunset Gardens,P1-U27,,,0
2025-02-10,1,Sunset Gardens,P1-U28,17,Resident17 Last17,4390
2025-02-10,1,Sunset Gardens,P1-U29,18,Resident18 Last18,3165
2025-02-10,1,Sunset Gardens,P1-U30,91,Resident91 Last91,6743
2025-02-10,1,Sunset Gardens,P1-U31,19,Resident19 Last19,3698
2025-02-10,1,Sunset Gardens,P1-U32,,,0
2025-02-10,1,Sunset Gardens,P1-U33,,,0
2025-02-10,1,Sunset Gardens,P1-U34,97,Resident97 Last97,3693
2025-02-10,1,Sunset Gardens,P1-U35,,,0
2025-02-10,1,Sunset Gardens,P1-U36,,,0
2025-02-10,1,Sunset Gardens,P1-U37,23,Resident23 Last23,6826
2025-02-10,1,Sunset Gardens,P1-U38,24,Resident24 Last24,5319
2025-02-10,1,Sunset Gardens,P1-U39,,,0
2025-02-10,1,Sunset Gardens,P1-U40,25,Resident25 Last25,3203
2025-02-10,1,Sunset Gardens,P1-U41,,,0
2025-02-10,1,Sunset Gardens,P1-U42,,,0
2025-02-10,1,Sunset Gardens,P1-U43,,,0
2025-02-10,1,Sunset Gardens,P1-U44,26,Resident26 Last26,4150
2025-02-10,1,Sunset Gardens,P1-U45,27,Resident27 Last27,3792
2025-02-10,1,Sunset Gardens,P1-U46,28,Resident28 Last28,4656
2025-02-10,1,Sunset Gardens,P1-U47,,,0
2025-02-10,1,Sunset Gardens,P1-U48,92,Resident92 Last92,7230
2025-02-10,1,Sunset Gardens,P1-U49,29,Resident29 Last29,4138
2025-02-10,1,Sunset Gardens,P1-U50,30,Resident30 Last30,6031
2025-02-10,2,Meadowbrook Senior Living,P2-U01,99,Resident99 Last99,6317
2025-02-10,2,Meadowbrook Senior Living,P2-U02,31,Resident31 Last31,3643
2025-02-10,2,Meadowbrook Senior Living,P2-U03,,,0
2025-02-10,2,Meadowbrook Senior Living,P2-U04,,,0
2025-02-10,2,Meadowbrook Senior Living,P2-U05,32,Resident32 Last32,5524
2025-02-10,2,Meadowbrook Senior Living,P2-U06,,,0
2025-02-10,2,Meadowbrook Senior Living,P2-U07,98,Resident98 Last98,5808
2025-02-10,2,Meadowbrook Senior Living,P2-U08,33,Resident33 Last33,7164
2025-02-10,2,Meadowbrook Senior Living,P2-U09,,,0
2025-02-10,2,Meadowbrook Senior Living,P2-U10,,,0
2025-02-10,2,Meadowbrook Senior Living,P2-U11,,,0
2025-02-10,2,Meadowbrook Senior Living,P2-U12,35,Resident35 Last35,5476
2025-02-10,2,Meadowbrook Senior Living,P2-U13,36,Resident36 Last36,4795
2025-02-10,2,Meadowbrook Senior Living,P2-U14,37,Resident37 Last37,6972
2025-02-10,2,Meadowbrook Senior Living,P2-U15,,,0
2025-02-10,2,Meadowbrook Senior Living,P2-U16,38,Resident38 Last38,6144
2025-02-10,2,Meadowbrook Senior Living,P2-U17,39,Resident39 Last39,3646
2025-02-10,2,Meadowbrook Senior Living,P2-U18,40,Resident40 Last40,6397
2025-02-10,2,Meadowbrook Senior Living,P2-U19,,,0
2025-02-10,2,Meadowbrook Senior Living,P2-U20,41,Resident41 Last41,3058
2025-02-10,2,Meadowbrook Senior Living,P2-U21,42,Resident42 Last42,4782
2025-02-10,2,Meadowbrook Senior Living,P2-U22,43,Resident43 Last43,5894
2025-02-10,2,Meadowbrook Senior Living,P2-U23,,,0
2025-02-10,2,Meadowbrook Senior Living,P2-U24,44,Resident44 Last44,7471
2025-02-10,2,Meadowbrook Senior Living,P2-U25,,,0
2025-02-10,2,Meadowbrook Senior Living,P2-U26,,,0
2025-02-10,2,Meadowbrook Senior Living,P2-U27,,,0
2025-02-10,2,Meadowbrook Senior Living,P2-U28,,,0
2025-02-10,2,Meadowbrook Senior Living,P2-U29,,,0
2025-02-10,2,Meadowbrook Senior Living,P2-U30,,,0
2025-02-10,2,Meadowbrook Senior Living,P2-U31,,,0
2025-02-10,2,Meadowbrook Senior Living,P2-U32,95,Resident95 Last95,7376
2025-02-10,2,Meadowbrook Senior Living,P2-U33,,,0
2025-02-10,2,Meadowbrook Senior Living,P2-U34,,,0
2025-02-10,2,Meadowbrook Senior Living,P2-U35,,,0
2025-02-10,2,Meadowbrook Senior Living,P2-U36,,,0
2025-02-10,2,Meadowbrook Senior Living,P2-U37,47,Resident47 Last47,5894
2025-02-10,2,Meadowbrook Senior Living,P2-U38,48,Resident48 Last48,3847
2025-02-10,2,Meadowbrook Senior Living,P2-U39,,,0
2025-02-10,2,Meadowbrook Senior Living,P2-U40,50,Resident50 Last50,5383
2025-02-10,2,Meadowbrook Senior Living,P2-U41,,,0
2025-02-10,2,Meadowbrook Senior Living,P2-U42,51,Resident51 Last51,6956
2025-02-10,2,Meadowbrook Senior Living,P2-U43,,,0
2025-02-10,2,Meadowbrook Senior Living,P2-U44,53,Resident53 Last53,6044
2025-02-10,2,Meadowbrook Senior Living,P2-U45,93,Resident93 Last93,5535
2025-02-10,2,Meadowbrook Senior Living,P2-U46,54,Resident54 Last54,4954
2025-02-10,2,Meadowbrook Senior Living,P2-U47,55,Resident55 Last55,7311
2025-02-10,2,Meadowbrook Senior Living,P2-U48,56,Resident56 Last56,3751
2025-02-10,2,Meadowbrook Senior Living,P2-U49,57,Resident57 Last57,3429
2025-02-10,2,Meadowbrook Senior Living,P2-U50,,,0
2025-02-10,3,Riverside Retirement Community,P3-U01,58,Resident58 Last58,6334
2025-02-10,3,Riverside Retirement Community,P3-U02,,,0
2025-02-10,3,Riverside Retirement Community,P3-U03,,,0
2025-02-10,3,Riverside Retirement Community,P3-U04,,,0
2025-02-10,3,Riverside Retirement Community,P3-U05,,,0
2025-02-10,3,Riverside Retirement Community,P3-U06,60,Resident60 Last60,4602
2025-02-10,3,Riverside Retirement Community,P3-U07,61,Resident61 Last61,3142
2025-02-10,3,Riverside Retirement Community,P3-U08,62,Resident62 Last62,5599
2025-02-10,3,Riverside Retirement Community,P3-U09,63,Resident63 Last63,4741
2025-02-10,3,Riverside Retirement Community,P3-U10,,,0
2025-02-10,3,Riverside Retirement Community,P3-U11,96,Resident96 Last96,3484
2025-02-10,3,Riverside Retirement Community,P3-U12,,,0
2025-02-10,3,Riverside Retirement Community,P3-U13,,,0
2025-02-10,3,Riverside Retirement Community,P3-U14,64,Resident64 Last64,4016
2025-02-10,3,Riverside Retirement Community,P3-U15,65,Resident65 Last65,5094
2025-02-10,3,Riverside Retirement Community,P3-U16,66,Resident66 Last66,7369
2025-02-10,3,Riverside Retirement Community,P3-U17,,,0
2025-02-10,3,Riverside Retirement Community,P3-U18,,,0
2025-02-10,3,Riverside Retirement Community,P3-U19,,,0
2025-02-10,3,Riverside Retirement Community,P3-U20,,,0
2025-02-10,3,Riverside Retirement Community,P3-U21,,,0
2025-02-10,3,Riverside Retirement Community,P3-U22,71,Resident71 Last71,3684
2025-02-10,3,Riverside Retirement Community,P3-U23,72,Resident72 Last72,3763
2025-02-10,3,Riverside Retirement Community,P3-U24,73,Resident73 Last73,3612
2025-02-10,3,Riverside Retirement Community,P3-U25,74,Resident74 Last74,6679
2025-02-10,3,Riverside Retirement Community,P3-U26,,,0
2025-02-10,3,Riverside Retirement Community,P3-U27,,,0
2025-02-10,3,Riverside Retirement Community,P3-U28,,,0
2025-02-10,3,Riverside Retirement Community,P3-U29,,,0
2025-02-10,3,Riverside Retirement Community,P3-U30,,,0
2025-02-10,3,Riverside Retirement Community,P3-U31,,,0
2025-02-10,3,Riverside Retirement Community,P3-U32,75,Resident75 Last75,6998
2025-02-10,3,Riverside Retirement Community,P3-U33,,,0
2025-02-10,3,Riverside Retirement Community,P3-U34,77,Resident77 Last77,4456
2025-02-10,3,Riverside Retirement Community,P3-U35,,,0
2025-02-10,3,Riverside Retirement Community,P3-U36,78,Resident78 Last78,6502
2025-02-10,3,Riverside Retirement Community,P3-U37,100,Resident100 Last100,6425
2025-02-10,3,Riverside Retirement Community,P3-U38,79,Resident79 Last79,7014
2025-02-10,3,Riverside Retirement Community,P3-U39,80,Resident80 Last80,4317
2025-02-10,3,Riverside Retirement Community,P3-U40,81,Resident81 Last81,5835
2025-02-10,3,Riverside Retirement Community,P3-U41,82,Resident82 Last82,3465
2025-02-10,3,Riverside Retirement Community,P3-U42,83,Resident83 Last83,4381
2025-02-10,3,Riverside Retirement Community,P3-U43,,,0
2025-02-10,3,Riverside Retirement Community,P3-U44,84,Resident84 Last84,6325
2025-02-10,3,Riverside Retirement Community,P3-U45,,,0
2025-02-10,3,Riverside Retirement Community,P3-U46,,,0
2025-02-10,3,Riverside Retirement Community,P3-U47,85,Resident85 Last85,6135
2025-02-10,3,Riverside Retirement Community,P3-U48,86,Resident86 Last86,4208
2025-02-10,3,Riverside Retirement Community,P3-U49,87,Resident87 Last87,4723
2025-02-10,3,Riverside Retirement Community,P3-U50,88,Resident88 Last88,3664
2025-02-11,1,Sunset Gardens,P1-U01,,,0
2025-02-11,1,Sunset Gardens,P1-U02,1,Resident1 Last1,4103
2025-02-11,1,Sunset Gardens,P1-U03,2,Resident2 Last2,4626
2025-02-11,1,Sunset Gardens,P1-U04,,,0
2025-02-11,1,Sunset Gardens,P1-U05,4,Resident4 Last4,4469
2025-02-11,1,Sunset Gardens,P1-U06,,,0
2025-02-11,1,Sunset Gardens,P1-U07,5,Resident5 Last5,6368
2025-02-11,1,Sunset Gardens,P1-U08,6,Resident6 Last6,4726
2025-02-11,1,Sunset Gardens,P1-U09,,,0
2025-02-11,1,Sunset Gardens,P1-U10,8,Resident8 Last8,5207
2025-02-11,1,Sunset Gardens,P1-U11,9,Resident9 Last9,6915
2025-02-11,1,Sunset Gardens,P1-U12,,,0
2025-02-11,1,Sunset Gardens,P1-U13,11,Resident11 Last11,4505
2025-02-11,1,Sunset Gardens,P1-U14,,,0
2025-02-11,1,Sunset Gardens,P1-U15,,,0
2025-02-11,1,Sunset Gardens,P1-U16,,,0
2025-02-11,1,Sunset Gardens,P1-U17,,,0
2025-02-11,1,Sunset Gardens,P1-U18,13,Resident13 Last13,3438
2025-02-11,1,Sunset Gardens,P1-U19,14,Resident14 Last14,5725
2025-02-11,1,Sunset Gardens,P1-U20,,,0
2025-02-11,1,Sunset Gardens,P1-U21,15,Resident15 Last15,7434
2025-02-11,1,Sunset Gardens,P1-U22,,,0
2025-02-11,1,Sunset Gardens,P1-U23,,,0
2025-02-11,1,Sunset Gardens,P1-U24,89,Resident89 Last89,4218
2025-02-11,1,Sunset Gardens,P1-U25,,,0
2025-02-11,1,Sunset Gardens,P1-U26,16,Resident16 Last16,6062
2025-02-11,1,Sunset Gardens,P1-U27,,,0
2025-02-11,1,Sunset Gardens,P1-U28,17,Resident17 Last17,4390
2025-02-11,1,Sunset Gardens,P1-U29,18,Resident18 Last18,3165
2025-02-11,1,Sunset Gardens,P1-U30,91,Resident91 Last91,6743
2025-02-11,1,Sunset Gardens,P1-U31,19,Resident19 Last19,3698
2025-02-11,1,Sunset Gardens,P1-U32,,,0
2025-02-11,1,Sunset Gardens,P1-U33,,,0
2025-02-11,1,Sunset Gardens,P1-U34,97,Resident97 Last97,3693
2025-02-11,1,Sunset Gardens,P1-U35,,,0
2025-02-11,1,Sunset Gardens,P1-U36,,,0
2025-02-11,1,Sunset Gardens,P1-U37,23,Resident23 Last23,6826
2025-02-11,1,Sunset Gardens,P1-U38,24,Resident24 Last24,5319
2025-02-11,1,Sunset Gardens,P1-U39,,,0
2025-02-11,1,Sunset Gardens,P1-U40,25,Resident25 Last25,3203
2025-02-11,1,Sunset Gardens,P1-U41,,,0
2025-02-11,1,Sunset Gardens,P1-U42,,,0
2025-02-11,1,Sunset Gardens,P1-U43,,,0
2025-02-11,1,Sunset Gardens,P1-U44,26,Resident26 Last26,4150
2025-02-11,1,Sunset Gardens,P1-U45,27,Resident27 Last27,3792
2025-02-11,1,Sunset Gardens,P1-U46,28,Resident28 Last28,4656
2025-02-11,1,Sunset Gardens,P1-U47,,,0
2025-02-11,1,Sunset Gardens,P1-U48,92,Resident92 Last92,7230
2025-02-11,1,Sunset Gardens,P1-U49,29,Resident29 Last29,4138
2025-02-11,1,Sunset Gardens,P1-U50,30,Resident30 Last30,6031
2025-02-11,2,Meadowbrook Senior Living,P2-U01,99,Resident99 Last99,6317
2025-02-11,2,Meadowbrook Senior Living,P2-U02,31,Resident31 Last31,3643
2025-02-11,2,Meadowbrook Senior Living,P2-U03,,,0
2025-02-11,2,Meadowbrook Senior Living,P2-U04,,,0
2025-02-11,2,Meadowbrook Senior Living,P2-U05,32,Resident32 Last32,5524
2025-02-11,2,Meadowbrook Senior Living,P2-U06,,,0
2025-02-11,2,Meadowbrook Senior Living,P2-U07,98,Resident98 Last98,5808
2025-02-11,2,Meadowbrook Senior Living,P2-U08,33,Resident33 Last33,7164
2025-02-11,2,Meadowbrook Senior Living,P2-U09,,,0
2025-02-11,2,Meadowbrook Senior Living,P2-U10,,,0
2025-02-11,2,Meadowbrook Senior Living,P2-U11,,,0
2025-02-11,2,Meadowbrook Senior Living,P2-U12,35,Resident35 Last35,5476
2025-02-11,2,Meadowbrook Senior Living,P2-U13,36,Resident36 Last36,4795
2025-02-11,2,Meadowbrook Senior Living,P2-U14,37,Resident37 Last37,6972
2025-02-11,2,Meadowbrook Senior Living,P2-U15,,,0
2025-02-11,2,Meadowbrook Senior Living,P2-U16,38,Resident38 Last38,6144
2025-02-11,2,Meadowbrook Senior Living,P2-U17,39,Resident39 Last39,3646
2025-02-11,2,Meadowbrook Senior Living,P2-U18,40,Resident40 Last40,6397
2025-02-11,2,Meadowbrook Senior Living,P2-U19,,,0
2025-02-11,2,Meadowbrook Senior Living,P2-U20,41,Resident41 Last41,3058
2025-02-11,2,Meadowbrook Senior Living,P2-U21,42,Resident42 Last42,4782
2025-02-11,2,Meadowbrook Senior Living,P2-U22,43,Resident43 Last43,5894
2025-02-11,2,Meadowbrook Senior Living,P2-U23,,,0
2025-02-11,2,Meadowbrook Senior Living,P2-U24,44,Resident44 Last44,7471
2025-02-11,2,Meadowbrook Senior Living,P2-U25,,,0
2025-02-11,2,Meadowbrook Senior Living,P2-U26,,,0
2025-02-11,2,Meadowbrook Senior Living,P2-U27,,,0
2025-02-11,2,Meadowbrook Senior Living,P2-U28,,,0
2025-02-11,2,Meadowbrook Senior Living,P2-U29,,,0
2025-02-11,2,Meadowbrook Senior Living,P2-U30,,,0
2025-02-11,2,Meadowbrook Senior Living,P2-U31,,,0
2025-02-11,2,Meadowbrook Senior Living,P2-U32,95,Resident95 Last95,7376
2025-02-11,2,Meadowbrook Senior Living,P2-U33,,,0
2025-02-11,2,Meadowbrook Senior Living,P2-U34,,,0
2025-02-11,2,Meadowbrook Senior Living,P2-U35,,,0
2025-02-11,2,Meadowbrook Senior Living,P2-U36,,,0
2025-02-11,2,Meadowbrook Senior Living,P2-U37,47,Resident47 Last47,5894
2025-02-11,2,Meadowbrook Senior Living,P2-U38,48,Resident48 Last48,3847
2025-02-11,2,Meadowbrook Senior Living,P2-U39,,,0
2025-02-11,2,Meadowbrook Senior Living,P2-U40,50,Resident50 Last50,5383
2025-02-11,2,Meadowbrook Senior Living,P2-U41,,,0
2025-02-11,2,Meadowbrook Senior Living,P2-U42,51,Resident51 Last51,6956
2025-02-11,2,Meadowbrook Senior Living,P2-U43,,,0
2025-02-11,2,Meadowbrook Senior Living,P2-U44,53,Resident53 Last53,6044
2025-02-11,2,Meadowbrook Senior Living,P2-U45,93,Resident93 Last93,5535
2025-02-11,2,Meadowbrook Senior Living,P2-U46,54,Resident54 Last54,4954
2025-02-11,2,Meadowbrook Senior Living,P2-U47,55,Resident55 Last55,7311
2025-02-11,2,Meadowbrook Senior Living,P2-U48,56,Resident56 Last56,3751
2025-02-11,2,Meadowbrook Senior Living,P2-U49,57,Resident57 Last57,3429
2025-02-11,2,Meadowbrook Senior Living,P2-U50,,,0
2025-02-11,3,Riverside Retirement Community,P3-U01,58,Resident58 Last58,6334
2025-02-11,3,Riverside Retirement Community,P3-U02,,,0
2025-02-11,3,Riverside Retirement Community,P3-U03,,,0
2025-02-11,3,Riverside Retirement Community,P3-U04,,,0
2025-02-11,3,Riverside Retirement Community,P3-U05,,,0
2025-02-11,3,Riverside Retirement Community,P3-U06,60,Resident60 Last60,4602
2025-02-11,3,Riverside Retirement Community,P3-U07,61,Resident61 Last61,3142
2025-02-11,3,Riverside Retirement Community,P3-U08,62,Resident62 Last62,5599
2025-02-11,3,Riverside Retirement Community,P3-U09,63,Resident63 Last63,4741
2025-02-11,3,Riverside Retirement Community,P3-U10,,,0
2025-02-11,3,Riverside Retirement Community,P3-U11,96,Resident96 Last96,3484
2025-02-11,3,Riverside Retirement Community,P3-U12,,,0
2025-02-11,3,Riverside Retirement Community,P3-U13,,,0
2025-02-11,3,Riverside Retirement Community,P3-U14,64,Resident64 Last64,4016
2025-02-11,3,Riverside Retirement Community,P3-U15,65,Resident65 Last65,5094
2025-02-11,3,Riverside Retirement Community,P3-U16,66,Resident66 Last66,7369
2025-02-11,3,Riverside Retirement Community,P3-U17,,,0
2025-02-11,3,Riverside Retirement Community,P3-U18,,,0
2025-02-11,3,Riverside Retirement Community,P3-U19,,,0
2025-02-11,3,Riverside Retirement Community,P3-U20,,,0
2025-02-11,3,Riverside Retirement Community,P3-U21,,,0
2025-02-11,3,Riverside Retirement Community,P3-U22,71,Resident71 Last71,3684
2025-02-11,3,Riverside Retirement Community,P3-U23,72,Resident72 Last72,3763
2025-02-11,3,Riverside Retirement Community,P3-U24,73,Resident73 Last73,3612
2025-02-11,3,Riverside Retirement Community,P3-U25,74,Resident74 Last74,6679
2025-02-11,3,Riverside Retirement Community,P3-U26,,,0
2025-02-11,3,Riverside Retirement Community,P3-U27,,,0
2025-02-11,3,Riverside Retirement Community,P3-U28,,,0
2025-02-11,3,Riverside Retirement Community,P3-U29,,,0
2025-02-11,3,Riverside Retirement Community,P3-U30,,,0
2025-02-11,3,Riverside Retirement Community,P3-U31,,,0
2025-02-11,3,Riverside Retirement Community,P3-U32,75,Resident75 Last75,6998
2025-02-11,3,Riverside Retirement Community,P3-U33,,,0
2025-02-11,3,Riverside Retirement Community,P3-U34,77,Resident77 Last77,4456
2025-02-11,3,Riverside Retirement Community,P3-U35,,,0
2025-02-11,3,Riverside Retirement Community,P3-U36,78,Resident78 Last78,6502
2025-02-11,3,Riverside Retirement Community,P3-U37,100,Resident100 Last100,6425
2025-02-11,3,Riverside Retirement Community,P3-U38,79,Resident79 Last79,7014
2025-02-11,3,Riverside Retirement Community,P3-U39,80,Resident80 Last80,4317
2025-02-11,3,Riverside Retirement Community,P3-U40,81,Resident81 Last81,5835
2025-02-11,3,Riverside Retirement Community,P3-U41,82,Resident82 Last82,3465
2025-02-11,3,Riverside Retirement Community,P3-U42,83,Resident83 Last83,4381
2025-02-11,3,Riverside Retirement Community,P3-U43,,,0
2025-02-11,3,Riverside Retirement Community,P3-U44,84,Resident84 Last84,6325
2025-02-11,3,Riverside Retirement Community,P3-U45,,,0
2025-02-11,3,Riverside Retirement Community,P3-U46,,,0
2025-02-11,3,Riverside Retirement Community,P3-U47,85,Resident85 Last85,6135
2025-02-11,3,Riverside Retirement Community,P3-U48,86,Resident86 Last86,4208
2025-02-11,3,Riverside Retirement Community,P3-U49,87,Resident87 Last87,4723
2025-02-11,3,Riverside Retirement Community,P3-U50,88,Resident88 Last88,3664
2025-02-12,1,Sunset Gardens,P1-U01,,,0
2025-02-12,1,Sunset Gardens,P1-U02,1,Resident1 Last1,4103
2025-02-12,1,Sunset Gardens,P1-U03,2,Resident2 Last2,4626
2025-02-12,1,Sunset Gardens,P1-U04,,,0
2025-02-12,1,Sunset Gardens,P1-U05,4,Resident4 Last4,4469
2025-02-12,1,Sunset Gardens,P1-U06,,,0
2025-02-12,1,Sunset Gardens,P1-U07,5,Resident5 Last5,6368
2025-02-12,1,Sunset Gardens,P1-U08,6,Resident6 Last6,4726
2025-02-12,1,Sunset Gardens,P1-U09,,,0
2025-02-12,1,Sunset Gardens,P1-U10,8,Resident8 Last8,5207
2025-02-12,1,Sunset Gardens,P1-U11,9,Resident9 Last9,6915
2025-02-12,1,Sunset Gardens,P1-U12,,,0
2025-02-12,1,Sunset Gardens,P1-U13,11,Resident11 Last11,4505
2025-02-12,1,Sunset Gardens,P1-U14,,,0
2025-02-12,1,Sunset Gardens,P1-U15,,,0
2025-02-12,1,Sunset Gardens,P1-U16,,,0
2025-02-12,1,Sunset Gardens,P1-U17,,,0
2025-02-12,1,Sunset Gardens,P1-U18,13,Resident13 Last13,3438
2025-02-12,1,Sunset Gardens,P1-U19,14,Resident14 Last14,5725
2025-02-12,1,Sunset Gardens,P1-U20,,,0
2025-02-12,1,Sunset Gardens,P1-U21,15,Resident15 Last15,7434
2025-02-12,1,Sunset Gardens,P1-U22,,,0
2025-02-12,1,Sunset Gardens,P1-U23,,,0
2025-02-12,1,Sunset Gardens,P1-U24,89,Resident89 Last89,4218
2025-02-12,1,Sunset Gardens,P1-U25,,,0
2025-02-12,1,Sunset Gardens,P1-U26,16,Resident16 Last16,6062
2025-02-12,1,Sunset Gardens,P1-U27,,,0
2025-02-12,1,Sunset Gardens,P1-U28,17,Resident17 Last17,4390
2025-02-12,1,Sunset Gardens,P1-U29,18,Resident18 Last18,3165
2025-02-12,1,Sunset Gardens,P1-U30,91,Resident91 Last91,6743
2025-02-12,1,Sunset Gardens,P1-U31,19,Resident19 Last19,3698
2025-02-12,1,Sunset Gardens,P1-U32,,,0
2025-02-12,1,Sunset Gardens,P1-U33,,,0
2025-02-12,1,Sunset Gardens,P1-U34,97,Resident97 Last97,3693
2025-02-12,1,Sunset Gardens,P1-U35,,,0
2025-02-12,1,Sunset Gardens,P1-U36,,,0
2025-02-12,1,Sunset Gardens,P1-U37,23,Resident23 Last23,6826
2025-02-12,1,Sunset Gardens,P1-U38,24,Resident24 Last24,5319
2025-02-12,1,Sunset Gardens,P1-U39,,,0
2025-02-12,1,Sunset Gardens,P1-U40,25,Resident25 Last25,3203
2025-02-12,1,Sunset Gardens,P1-U41,,,0
2025-02-12,1,Sunset Gardens,P1-U42,,,0
2025-02-12,1,Sunset Gardens,P1-U43,,,0
2025-02-12,1,Sunset Gardens,P1-U44,26,Resident26 Last26,4150
2025-02-12,1,Sunset Gardens,P1-U45,27,Resident27 Last27,3792
2025-02-12,1,Sunset Gardens,P1-U46,28,Resident28 Last28,4656
2025-02-12,1,Sunset Gardens,P1-U47,,,0
2025-02-12,1,Sunset Gardens,P1-U48,92,Resident92 Last92,7230
2025-02-12,1,Sunset Gardens,P1-U49,29,Resident29 Last29,4629
2025-02-12,1,Sunset Gardens,P1-U50,30,Resident30 Last30,6031
2025-02-12,2,Meadowbrook Senior Living,P2-U01,99,Resident99 Last99,6317
2025-02-12,2,Meadowbrook Senior Living,P2-U02,31,Resident31 Last31,3643
2025-02-12,2,Meadowbrook Senior Living,P2-U03,,,0
2025-02-12,2,Meadowbrook Senior Living,P2-U04,,,0
2025-02-12,2,Meadowbrook Senior Living,P2-U05,32,Resident32 Last32,5524
2025-02-12,2,Meadowbrook Senior Living,P2-U06,,,0
2025-02-12,2,Meadowbrook Senior Living,P2-U07,98,Resident98 Last98,5808
2025-02-12,2,Meadowbrook Senior Living,P2-U08,33,Resident33 Last33,7164
2025-02-12,2,Meadowbrook Senior Living,P2-U09,,,0
2025-02-12,2,Meadowbrook Senior Living,P2-U10,,,0
2025-02-12,2,Meadowbrook Senior Living,P2-U11,,,0
2025-02-12,2,Meadowbrook Senior Living,P2-U12,35,Resident35 Last35,5476
2025-02-12,2,Meadowbrook Senior Living,P2-U13,36,Resident36 Last36,4795
2025-02-12,2,Meadowbrook Senior Living,P2-U14,37,Resident37 Last37,6972
2025-02-12,2,Meadowbrook Senior Living,P2-U15,,,0
2025-02-12,2,Meadowbrook Senior Living,P2-U16,38,Resident38 Last38,6144
2025-02-12,2,Meadowbrook Senior Living,P2-U17,39,Resident39 Last39,3646
2025-02-12,2,Meadowbrook Senior Living,P2-U18,40,Resident40 Last40,6397
2025-02-12,2,Meadowbrook Senior Living,P2-U19,,,0
2025-02-12,2,Meadowbrook Senior Living,P2-U20,41,Resident41 Last41,3058
2025-02-12,2,Meadowbrook Senior Living,P2-U21,42,Resident42 Last42,4782
2025-02-12,2,Meadowbrook Senior Living,P2-U22,43,Resident43 Last43,5894
2025-02-12,2,Meadowbrook Senior Living,P2-U23,,,0
2025-02-12,2,Meadowbrook Senior Living,P2-U24,44,Resident44 Last44,7471
2025-02-12,2,Meadowbrook Senior Living,P2-U25,,,0
2025-02-12,2,Meadowbrook Senior Living,P2-U26,,,0
2025-02-12,2,Meadowbrook Senior Living,P2-U27,,,0
2025-02-12,2,Meadowbrook Senior Living,P2-U28,,,0
2025-02-12,2,Meadowbrook Senior Living,P2-U29,,,0
2025-02-12,2,Meadowbrook Senior Living,P2-U30,,,0
2025-02-12,2,Meadowbrook Senior Living,P2-U31,,,0
2025-02-12,2,Meadowbrook Senior Living,P2-U32,95,Resident95 Last95,7376
2025-02-12,2,Meadowbrook Senior Living,P2-U33,,,0
2025-02-12,2,Meadowbrook Senior Living,P2-U34,,,0
2025-02-12,2,Meadowbrook Senior Living,P2-U35,,,0
2025-02-12,2,Meadowbrook Senior Living,P2-U36,,,0
2025-02-12,2,Meadowbrook Senior Living,P2-U37,47,Resident47 Last47,5894
2025-02-12,2,Meadowbrook Senior Living,P2-U38,48,Resident48 Last48,3847
2025-02-12,2,Meadowbrook Senior Living,P2-U39,,,0
2025-02-12,2,Meadowbrook Senior Living,P2-U40,50,Resident50 Last50,5383
2025-02-12,2,Meadowbrook Senior Living,P2-U41,,,0
2025-02-12,2,Meadowbrook Senior Living,P2-U42,51,Resident51 Last51,6956
2025-02-12,2,Meadowbrook Senior Living,P2-U43,,,0
2025-02-12,2,Meadowbrook Senior Living,P2-U44,53,Resident53 Last53,6044
2025-02-12,2,Meadowbrook Senior Living,P2-U45,93,Resident93 Last93,5535
2025-02-12,2,Meadowbrook Senior Living,P2-U46,54,Resident54 Last54,4954
2025-02-12,2,Meadowbrook Senior Living,P2-U47,55,Resident55 Last55,7311
2025-02-12,2,Meadowbrook Senior Living,P2-U48,56,Resident56 Last56,3751
2025-02-12,2,Meadowbrook Senior Living,P2-U49,57,Resident57 Last57,3429
2025-02-12,2,Meadowbrook Senior Living,P2-U50,,,0
2025-02-12,3,Riverside Retirement Community,P3-U01,58,Resident58 Last58,6334
2025-02-12,3,Riverside Retirement Community,P3-U02,,,0
2025-02-12,3,Riverside Retirement Community,P3-U03,,,0
2025-02-12,3,Riverside Retirement Community,P3-U04,,,0
2025-02-12,3,Riverside Retirement Community,P3-U05,,,0
2025-02-12,3,Riverside Retirement Community,P3-U06,60,Resident60 Last60,4602
2025-02-12,3,Riverside Retirement Community,P3-U07,61,Resident61 Last61,3142
2025-02-12,3,Riverside Retirement Community,P3-U08,62,Resident62 Last62,5599
2025-02-12,3,Riverside Retirement Community,P3-U09,63,Resident63 Last63,4741
2025-02-12,3,Riverside Retirement Community,P3-U10,,,0
2025-02-12,3,Riverside Retirement Community,P3-U11,96,Resident96 Last96,3484
2025-02-12,3,Riverside Retirement Community,P3-U12,,,0
2025-02-12,3,Riverside Retirement Community,P3-U13,,,0
2025-02-12,3,Riverside Retirement Community,P3-U14,64,Resident64 Last64,4016
2025-02-12,3,Riverside Retirement Community,P3-U15,65,Resident65 Last65,5094
2025-02-12,3,Riverside Retirement Community,P3-U16,66,Resident66 Last66,7369
2025-02-12,3,Riverside Retirement Community,P3-U17,,,0
2025-02-12,3,Riverside Retirement Community,P3-U18,,,0
2025-02-12,3,Riverside Retirement Community,P3-U19,,,0
2025-02-12,3,Riverside Retirement Community,P3-U20,,,0
2025-02-12,3,Riverside Retirement Community,P3-U21,,,0
2025-02-12,3,Riverside Retirement Community,P3-U22,71,Resident71 Last71,3684
2025-02-12,3,Riverside Retirement Community,P3-U23,72,Resident72 Last72,3763
2025-02-12,3,Riverside Retirement Community,P3-U24,73,Resident73 Last73,3612
2025-02-12,3,Riverside Retirement Community,P3-U25,74,Resident74 Last74,6679
2025-02-12,3,Riverside Retirement Community,P3-U26,,,0
2025-02-12,3,Riverside Retirement Community,P3-U27,,,0
2025-02-12,3,Riverside Retirement Community,P3-U28,,,0
2025-02-12,3,Riverside Retirement Community,P3-U29,,,0
2025-02-12,3,Riverside Retirement Community,P3-U30,,,0
2025-02-12,3,Riverside Retirement Community,P3-U31,,,0
2025-02-12,3,Riverside Retirement Community,P3-U32,75,Resident75 Last75,6998
2025-02-12,3,Riverside Retirement Community,P3-U33,,,0
2025-02-12,3,Riverside Retirement Community,P3-U34,77,Resident77 Last77,4456
2025-02-12,3,Riverside Retirement Community,P3-U35,,,0
2025-02-12,3,Riverside Retirement Community,P3-U36,78,Resident78 Last78,6502
2025-02-12,3,Riverside Retirement Community,P3-U37,100,Resident100 Last100,6425
2025-02-12,3,Riverside Retirement Community,P3-U38,79,Resident79 Last79,7014
2025-02-12,3,Riverside Retirement Community,P3-U39,80,Resident80 Last80,4317
2025-02-12,3,Riverside Retirement Community,P3-U40,81,Resident81 Last81,5835
2025-02-12,3,Riverside Retirement Community,P3-U41,82,Resident82 Last82,3465
2025-02-12,3,Riverside Retirement Community,P3-U42,83,Resident83 Last83,4381
2025-02-12,3,Riverside Retirement Community,P3-U43,,,0
2025-02-12,3,Riverside Retirement Community,P3-U44,84,Resident84 Last84,6325
2025-02-12,3,Riverside Retirement Community,P3-U45,,,0
2025-02-12,3,Riverside Retirement Community,P3-U46,,,0
2025-02-12,3,Riverside Retirement Community,P3-U47,85,Resident85 Last85,6135
2025-02-12,3,Riverside Retirement Community,P3-U48,86,Resident86 Last86,4208
2025-02-12,3,Riverside Retirement Community,P3-U49,87,Resident87 Last87,4723
2025-02-12,3,Riverside Retirement Community,P3-U50,88,Resident88 Last88,3664
2025-02-13,1,Sunset Gardens,P1-U01,,,0
2025-02-13,1,Sunset Gardens,P1-U02,1,Resident1 Last1,4103
2025-02-13,1,Sunset Gardens,P1-U03,2,Resident2 Last2,4626
2025-02-13,1,Sunset Gardens,P1-U04,,,0
2025-02-13,1,Sunset Gardens,P1-U05,4,Resident4 Last4,4469
2025-02-13,1,Sunset Gardens,P1-U06,,,0
2025-02-13,1,Sunset Gardens,P1-U07,5,Resident5 Last5,6368
2025-02-13,1,Sunset Gardens,P1-U08,6,Resident6 Last6,4726
2025-02-13,1,Sunset Gardens,P1-U09,,,0
2025-02-13,1,Sunset Gardens,P1-U10,8,Resident8 Last8,5207
2025-02-13,1,Sunset Gardens,P1-U11,9,Resident9 Last9,6915
2025-02-13,1,Sunset Gardens,P1-U12,,,0
2025-02-13,1,Sunset Gardens,P1-U13,11,Resident11 Last11,4505
2025-02-13,1,Sunset Gardens,P1-U14,,,0
2025-02-13,1,Sunset Gardens,P1-U15,,,0
2025-02-13,1,Sunset Gardens,P1-U16,,,0
2025-02-13,1,Sunset Gardens,P1-U17,,,0
2025-02-13,1,Sunset Gardens,P1-U18,13,Resident13 Last13,3438
2025-02-13,1,Sunset Gardens,P1-U19,14,Resident14 Last14,5725
2025-02-13,1,Sunset Gardens,P1-U20,,,0
2025-02-13,1,Sunset Gardens,P1-U21,15,Resident15 Last15,7434
2025-02-13,1,Sunset Gardens,P1-U22,,,0
2025-02-13,1,Sunset Gardens,P1-U23,,,0
2025-02-13,1,Sunset Gardens,P1-U24,89,Resident89 Last89,4218
2025-02-13,1,Sunset Gardens,P1-U25,,,0
2025-02-13,1,Sunset Gardens,P1-U26,16,Resident16 Last16,6062
2025-02-13,1,Sunset Gardens,P1-U27,,,0
2025-02-13,1,Sunset Gardens,P1-U28,17,Resident17 Last17,4390
2025-02-13,1,Sunset Gardens,P1-U29,18,Resident18 Last18,3165
2025-02-13,1,Sunset Gardens,P1-U30,91,Resident91 Last91,6743
2025-02-13,1,Sunset Gardens,P1-U31,19,Resident19 Last19,3698
2025-02-13,1,Sunset Gardens,P1-U32,,,0
2025-02-13,1,Sunset Gardens,P1-U33,,,0
2025-02-13,1,Sunset Gardens,P1-U34,97,Resident97 Last97,3693
2025-02-13,1,Sunset Gardens,P1-U35,,,0
2025-02-13,1,Sunset Gardens,P1-U36,,,0
2025-02-13,1,Sunset Gardens,P1-U37,23,Resident23 Last23,6826
2025-02-13,1,Sunset Gardens,P1-U38,24,Resident24 Last24,5319
2025-02-13,1,Sunset Gardens,P1-U39,,,0
2025-02-13,1,Sunset Gardens,P1-U40,25,Resident25 Last25,3203
2025-02-13,1,Sunset Gardens,P1-U41,,,0
2025-02-13,1,Sunset Gardens,P1-U42,,,0
2025-02-13,1,Sunset Gardens,P1-U43,,,0
2025-02-13,1,Sunset Gardens,P1-U44,26,Resident26 Last26,4150
2025-02-13,1,Sunset Gardens,P1-U45,27,Resident27 Last27,3792
2025-02-13,1,Sunset Gardens,P1-U46,28,Resident28 Last28,4656
2025-02-13,1,Sunset Gardens,P1-U47,,,0
2025-02-13,1,Sunset Gardens,P1-U48,92,Resident92 Last92,7230
2025-02-13,1,Sunset Gardens,P1-U49,29,Resident29 Last29,4629
2025-02-13,1,Sunset Gardens,P1-U50,30,Resident30 Last30,6031
2025-02-13,2,Meadowbrook Senior Living,P2-U01,99,Resident99 Last99,6317
2025-02-13,2,Meadowbrook Senior Living,P2-U02,31,Resident31 Last31,3643
2025-02-13,2,Meadowbrook Senior Living,P2-U03,,,0
2025-02-13,2,Meadowbrook Senior Living,P2-U04,,,0
2025-02-13,2,Meadowbrook Senior Living,P2-U05,32,Resident32 Last32,5524
2025-02-13,2,Meadowbrook Senior Living,P2-U06,,,0
2025-02-13,2,Meadowbrook Senior Living,P2-U07,98,Resident98 Last98,5808
2025-02-13,2,Meadowbrook Senior Living,P2-U08,33,Resident33 Last33,7164
2025-02-13,2,Meadowbrook Senior Living,P2-U09,,,0
2025-02-13,2,Meadowbrook Senior Living,P2-U10,,,0
2025-02-13,2,Meadowbrook Senior Living,P2-U11,,,0
2025-02-13,2,Meadowbrook Senior Living,P2-U12,35,Resident35 Last35,5476
2025-02-13,2,Meadowbrook Senior Living,P2-U13,36,Resident36 Last36,4795
2025-02-13,2,Meadowbrook Senior Living,P2-U14,37,Resident37 Last37,6972
2025-02-13,2,Meadowbrook Senior Living,P2-U15,,,0
2025-02-13,2,Meadowbrook Senior Living,P2-U16,38,Resident38 Last38,6144
2025-02-13,2,Meadowbrook Senior Living,P2-U17,39,Resident39 Last39,3646
2025-02-13,2,Meadowbrook Senior Living,P2-U18,40,Resident40 Last40,6397
2025-02-13,2,Meadowbrook Senior Living,P2-U19,,,0
2025-02-13,2,Meadowbrook Senior Living,P2-U20,41,Resident41 Last41,3058
2025-02-13,2,Meadowbrook Senior Living,P2-U21,42,Resident42 Last42,4782
2025-02-13,2,Meadowbrook Senior Living,P2-U22,43,Resident43 Last43,5894
2025-02-13,2,Meadowbrook Senior Living,P2-U23,,,0
2025-02-13,2,Meadowbrook Senior Living,P2-U24,44,Resident44 Last44,7471
2025-02-13,2,Meadowbrook Senior Living,P2-U25,,,0
2025-02-13,2,Meadowbrook Senior Living,P2-U26,,,0
2025-02-13,2,Meadowbrook Senior Living,P2-U27,,,0
2025-02-13,2,Meadowbrook Senior Living,P2-U28,,,0
2025-02-13,2,Meadowbrook Senior Living,P2-U29,,,0
2025-02-13,2,Meadowbrook Senior Living,P2-U30,,,0
2025-02-13,2,Meadowbrook Senior Living,P2-U31,,,0
2025-02-13,2,Meadowbrook Senior Living,P2-U32,95,Resident95 Last95,7376
2025-02-13,2,Meadowbrook Senior Living,P2-U33,,,0
2025-02-13,2,Meadowbrook Senior Living,P2-U34,,,0
2025-02-13,2,Meadowbrook Senior Living,P2-U35,,,0
2025-02-13,2,Meadowbrook Senior Living,P2-U36,,,0
2025-02-13,2,Meadowbrook Senior Living,P2-U37,47,Resident47 Last47,5894
2025-02-13,2,Meadowbrook Senior Living,P2-U38,48,Resident48 Last48,3847
2025-02-13,2,Meadowbrook Senior Living,P2-U39,,,0
2025-02-13,2,Meadowbrook Senior Living,P2-U40,50,Resident50 Last50,5383
2025-02-13,2,Meadowbrook Senior Living,P2-U41,,,0
2025-02-13,2,Meadowbrook Senior Living,P2-U42,51,Resident51 Last51,6956
2025-02-13,2,Meadowbrook Senior Living,P2-U43,,,0
2025-02-13,2,Meadowbrook Senior Living,P2-U44,53,Resident53 Last53,6044
2025-02-13,2,Meadowbrook Senior Living,P2-U45,93,Resident93 Last93,5535
2025-02-13,2,Meadowbrook Senior Living,P2-U46,54,Resident54 Last54,4954
2025-02-13,2,Meadowbrook Senior Living,P2-U47,55,Resident55 Last55,7311
2025-02-13,2,Meadowbrook Senior Living,P2-U48,56,Resident56 Last56,3751
2025-02-13,2,Meadowbrook Senior Living,P2-U49,57,Resident57 Last57,3429
2025-02-13,2,Meadowbrook Senior Living,P2-U50,,,0
2025-02-13,3,Riverside Retirement Community,P3-U01,58,Resident58 Last58,6334
2025-02-13,3,Riverside Retirement Community,P3-U02,,,0
2025-02-13,3,Riverside Retirement Community,P3-U03,,,0
2025-02-13,3,Riverside Retirement Community,P3-U04,,,0
2025-02-13,3,Riverside Retirement Community,P3-U05,,,0
2025-02-13,3,Riverside Retirement Community,P3-U06,60,Resident60 Last60,4602
2025-02-13,3,Riverside Retirement Community,P3-U07,61,Resident61 Last61,3142
2025-02-13,3,Riverside Retirement Community,P3-U08,62,Resident62 Last62,5599
2025-02-13,3,Riverside Retirement Community,P3-U09,63,Resident63 Last63,4741
2025-02-13,3,Riverside Retirement Community,P3-U10,,,0
2025-02-13,3,Riverside Retirement Community,P3-U11,96,Resident96 Last96,3484
2025-02-13,3,Riverside Retirement Community,P3-U12,,,0
2025-02-13,3,Riverside Retirement Community,P3-U13,,,0
2025-02-13,3,Riverside Retirement Community,P3-U14,64,Resident64 Last64,4016
2025-02-13,3,Riverside Retirement Community,P3-U15,65,Resident65 Last65,5094
2025-02-13,3,Riverside Retirement Community,P3-U16,66,Resident66 Last66,7369
2025-02-13,3,Riverside Retirement Community,P3-U17,,,0
2025-02-13,3,Riverside Retirement Community,P3-U18,,,0
2025-02-13,3,Riverside Retirement Community,P3-U19,,,0
2025-02-13,3,Riverside Retirement Community,P3-U20,,,0
2025-02-13,3,Riverside Retirement Community,P3-U21,,,0
2025-02-13,3,Riverside Retirement Community,P3-U22,71,Resident71 Last71,3684
2025-02-13,3,Riverside Retirement Community,P3-U23,72,Resident72 Last72,3763
2025-02-13,3,Riverside Retirement Community,P3-U24,73,Resident73 Last73,3612
2025-02-13,3,Riverside Retirement Community,P3-U25,74,Resident74 Last74,6679
2025-02-13,3,Riverside Retirement Community,P3-U26,,,0
2025-02-13,3,Riverside Retirement Community,P3-U27,,,0
2025-02-13,3,Riverside Retirement Community,P3-U28,,,0
2025-02-13,3,Riverside Retirement Community,P3-U29,,,0
2025-02-13,3,Riverside Retirement Community,P3-U30,,,0
2025-02-13,3,Riverside Retirement Community,P3-U31,,,0
2025-02-13,3,Riverside Retirement Community,P3-U32,75,Resident75 Last75,6998
2025-02-13,3,Riverside Retirement Community,P3-U33,,,0
2025-02-13,3,Riverside Retirement Community,P3-U34,77,Resident77 Last77,4456
2025-02-13,3,Riverside Retirement Community,P3-U35,,,0
2025-02-13,3,Riverside Retirement Community,P3-U36,78,Resident78 Last78,6502
2025-02-13,3,Riverside Retirement Community,P3-U37,100,Resident100 Last100,6425
2025-02-13,3,Riverside Retirement Community,P3-U38,79,Resident79 Last79,7014
2025-02-13,3,Riverside Retirement Community,P3-U39,80,Resident80 Last80,4317
2025-02-13,3,Riverside Retirement Community,P3-U40,81,Resident81 Last81,5835
2025-02-13,3,Riverside Retirement Community,P3-U41,82,Resident82 Last82,3465
2025-02-13,3,Riverside Retirement Community,P3-U42,83,Resident83 Last83,4381
2025-02-13,3,Riverside Retirement Community,P3-U43,,,0
2025-02-13,3,Riverside Retirement Community,P3-U44,84,Resident84 Last84,6325
2025-02-13,3,Riverside Retirement Community,P3-U45,,,0
2025-02-13,3,Riverside Retirement Community,P3-U46,,,0
2025-02-13,3,Riverside Retirement Community,P3-U47,85,Resident85 Last85,6135
2025-02-13,3,Riverside Retirement Community,P3-U48,86,Resident86 Last86,4208
2025-02-13,3,Riverside Retirement Community,P3-U49,87,Resident87 Last87,4723
2025-02-13,3,Riverside Retirement Community,P3-U50,88,Resident88 Last88,3664
2025-02-14,1,Sunset Gardens,P1-U01,,,0
2025-02-14,1,Sunset Gardens,P1-U02,1,Resident1 Last1,4103
2025-02-14,1,Sunset Gardens,P1-U03,2,Resident2 Last2,4626
2025-02-14,1,Sunset Gardens,P1-U04,,,0
2025-02-14,1,Sunset Gardens,P1-U05,4,Resident4 Last4,4469
2025-02-14,1,Sunset Gardens,P1-U06,,,0
2025-02-14,1,Sunset Gardens,P1-U07,5,Resident5 Last5,6368
2025-02-14,1,Sunset Gardens,P1-U08,6,Resident6 Last6,4726
2025-02-14,1,Sunset Gardens,P1-U09,,,0
2025-02-14,1,Sunset Gardens,P1-U10,8,Resident8 Last8,5207
2025-02-14,1,Sunset Gardens,P1-U11,9,Resident9 Last9,6915
2025-02-14,1,Sunset Gardens,P1-U12,,,0
2025-02-14,1,Sunset Gardens,P1-U13,11,Resident11 Last11,4505
2025-02-14,1,Sunset Gardens,P1-U14,,,0
2025-02-14,1,Sunset Gardens,P1-U15,,,0
2025-02-14,1,Sunset Gardens,P1-U16,,,0
2025-02-14,1,Sunset Gardens,P1-U17,,,0
2025-02-14,1,Sunset Gardens,P1-U18,13,Resident13 Last13,3438
2025-02-14,1,Sunset Gardens,P1-U19,14,Resident14 Last14,5725
2025-02-14,1,Sunset Gardens,P1-U20,,,0
2025-02-14,1,Sunset Gardens,P1-U21,15,Resident15 Last15,7434
2025-02-14,1,Sunset Gardens,P1-U22,,,0
2025-02-14,1,Sunset Gardens,P1-U23,,,0
2025-02-14,1,Sunset Gardens,P1-U24,89,Resident89 Last89,4218
2025-02-14,1,Sunset Gardens,P1-U25,,,0
2025-02-14,1,Sunset Gardens,P1-U26,16,Resident16 Last16,6062
2025-02-14,1,Sunset Gardens,P1-U27,,,0
2025-02-14,1,Sunset Gardens,P1-U28,17,Resident17 Last17,4390
2025-02-14,1,Sunset Gardens,P1-U29,18,Resident18 Last18,3165
2025-02-14,1,Sunset Gardens,P1-U30,91,Resident91 Last91,6743
2025-02-14,1,Sunset Gardens,P1-U31,19,Resident19 Last19,3698
2025-02-14,1,Sunset Gardens,P1-U32,,,0
2025-02-14,1,Sunset Gardens,P1-U33,,,0
2025-02-14,1,Sunset Gardens,P1-U34,97,Resident97 Last97,3693
2025-02-14,1,Sunset Gardens,P1-U35,,,0
2025-02-14,1,Sunset Gardens,P1-U36,,,0
2025-02-14,1,Sunset Gardens,P1-U37,23,Resident23 Last23,6826
2025-02-14,1,Sunset Gardens,P1-U38,24,Resident24 Last24,5319
2025-02-14,1,Sunset Gardens,P1-U39,,,0
2025-02-14,1,Sunset Gardens,P1-U40,25,Resident25 Last25,3203
2025-02-14,1,Sunset Gardens,P1-U41,,,0
2025-02-14,1,Sunset Gardens,P1-U42,,,0
2025-02-14,1,Sunset Gardens,P1-U43,,,0
2025-02-14,1,Sunset Gardens,P1-U44,26,Resident26 Last26,4150
2025-02-14,1,Sunset Gardens,P1-U45,27,Resident27 Last27,3792
2025-02-14,1,Sunset Gardens,P1-U46,28,Resident28 Last28,4656
2025-02-14,1,Sunset Gardens,P1-U47,,,0
2025-02-14,1,Sunset Gardens,P1-U48,92,Resident92 Last92,7230
2025-02-14,1,Sunset Gardens,P1-U49,29,Resident29 Last29,4629
2025-02-14,1,Sunset Gardens,P1-U50,30,Resident30 Last30,6031
2025-02-14,2,Meadowbrook Senior Living,P2-U01,99,Resident99 Last99,6317
2025-02-14,2,Meadowbrook Senior Living,P2-U02,31,Resident31 Last31,3643
2025-02-14,2,Meadowbrook Senior Living,P2-U03,,,0
2025-02-14,2,Meadowbrook Senior Living,P2-U04,,,0
2025-02-14,2,Meadowbrook Senior Living,P2-U05,32,Resident32 Last32,5524
2025-02-14,2,Meadowbrook Senior Living,P2-U06,,,0
2025-02-14,2,Meadowbrook Senior Living,P2-U07,98,Resident98 Last98,5808
2025-02-14,2,Meadowbrook Senior Living,P2-U08,33,Resident33 Last33,7164
2025-02-14,2,Meadowbrook Senior Living,P2-U09,,,0
2025-02-14,2,Meadowbrook Senior Living,P2-U10,,,0
2025-02-14,2,Meadowbrook Senior Living,P2-U11,,,0
2025-02-14,2,Meadowbrook Senior Living,P2-U12,35,Resident35 Last35,5476
2025-02-14,2,Meadowbrook Senior Living,P2-U13,36,Resident36 Last36,4795
2025-02-14,2,Meadowbrook Senior Living,P2-U14,37,Resident37 Last37,6972
2025-02-14,2,Meadowbrook Senior Living,P2-U15,,,0
2025-02-14,2,Meadowbrook Senior Living,P2-U16,38,Resident38 Last38,6144
2025-02-14,2,Meadowbrook Senior Living,P2-U17,39,Resident39 Last39,3646
2025-02-14,2,Meadowbrook Senior Living,P2-U18,40,Resident40 Last40,6397
2025-02-14,2,Meadowbrook Senior Living,P2-U19,,,0
2025-02-14,2,Meadowbrook Senior Living,P2-U20,41,Resident41 Last41,3058
2025-02-14,2,Meadowbrook Senior Living,P2-U21,42,Resident42 Last42,4782
2025-02-14,2,Meadowbrook Senior Living,P2-U22,43,Resident43 Last43,5894
2025-02-14,2,Meadowbrook Senior Living,P2-U23,,,0
2025-02-14,2,Meadowbrook Senior Living,P2-U24,44,Resident44 Last44,7471
2025-02-14,2,Meadowbrook Senior Living,P2-U25,,,0
2025-02-14,2,Meadowbrook Senior Living,P2-U26,,,0
2025-02-14,2,Meadowbrook Senior Living,P2-U27,,,0
2025-02-14,2,Meadowbrook Senior Living,P2-U28,,,0
2025-02-14,2,Meadowbrook Senior Living,P2-U29,,,0
2025-02-14,2,Meadowbrook Senior Living,P2-U30,,,0
2025-02-14,2,Meadowbrook Senior Living,P2-U31,,,0
2025-02-14,2,Meadowbrook Senior Living,P2-U32,95,Resident95 Last95,7376
2025-02-14,2,Meadowbrook Senior Living,P2-U33,,,0
2025-02-14,2,Meadowbrook Senior Living,P2-U34,,,0
2025-02-14,2,Meadowbrook Senior Living,P2-U35,,,0
2025-02-14,2,Meadowbrook Senior Living,P2-U36,,,0
2025-02-14,2,Meadowbrook Senior Living,P2-U37,47,Resident47 Last47,5894
2025-02-14,2,Meadowbrook Senior Living,P2-U38,48,Resident48 Last48,3847
2025-02-14,2,Meadowbrook Senior Living,P2-U39,,,0
2025-02-14,2,Meadowbrook Senior Living,P2-U40,50,Resident50 Last50,5383
2025-02-14,2,Meadowbrook Senior Living,P2-U41,,,0
2025-02-14,2,Meadowbrook Senior Living,P2-U42,51,Resident51 Last51,6956
2025-02-14,2,Meadowbrook Senior Living,P2-U43,,,0
2025-02-14,2,Meadowbrook Senior Living,P2-U44,53,Resident53 Last53,6044
2025-02-14,2,Meadowbrook Senior Living,P2-U45,93,Resident93 Last93,5535
2025-02-14,2,Meadowbrook Senior Living,P2-U46,54,Resident54 Last54,4954
2025-02-14,2,Meadowbrook Senior Living,P2-U47,55,Resident55 Last55,7311
2025-02-14,2,Meadowbrook Senior Living,P2-U48,56,Resident56 Last56,3751
2025-02-14,2,Meadowbrook Senior Living,P2-U49,57,Resident57 Last57,3429
2025-02-14,2,Meadowbrook Senior Living,P2-U50,,,0
2025-02-14,3,Riverside Retirement Community,P3-U01,58,Resident58 Last58,6334
2025-02-14,3,Riverside Retirement Community,P3-U02,,,0
2025-02-14,3,Riverside Retirement Community,P3-U03,,,0
2025-02-14,3,Riverside Retirement Community,P3-U04,,,0
2025-02-14,3,Riverside Retirement Community,P3-U05,,,0
2025-02-14,3,Riverside Retirement Community,P3-U06,60,Resident60 Last60,4602
2025-02-14,3,Riverside Retirement Community,P3-U07,61,Resident61 Last61,3142
2025-02-14,3,Riverside Retirement Community,P3-U08,62,Resident62 Last62,5599
2025-02-14,3,Riverside Retirement Community,P3-U09,63,Resident63 Last63,4741
2025-02-14,3,Riverside Retirement Community,P3-U10,,,0
2025-02-14,3,Riverside Retirement Community,P3-U11,96,Resident96 Last96,3484
2025-02-14,3,Riverside Retirement Community,P3-U12,,,0
2025-02-14,3,Riverside Retirement Community,P3-U13,,,0
2025-02-14,3,Riverside Retirement Community,P3-U14,64,Resident64 Last64,4016
2025-02-14,3,Riverside Retirement Community,P3-U15,65,Resident65 Last65,5094
2025-02-14,3,Riverside Retirement Community,P3-U16,66,Resident66 Last66,7369
2025-02-14,3,Riverside Retirement Community,P3-U17,,,0
2025-02-14,3,Riverside Retirement Community,P3-U18,,,0
2025-02-14,3,Riverside Retirement Community,P3-U19,,,0
2025-02-14,3,Riverside Retirement Community,P3-U20,,,0
2025-02-14,3,Riverside Retirement Community,P3-U21,,,0
2025-02-14,3,Riverside Retirement Community,P3-U22,71,Resident71 Last71,3684
2025-02-14,3,Riverside Retirement Community,P3-U23,72,Resident72 Last72,3763
2025-02-14,3,Riverside Retirement Community,P3-U24,73,Resident73 Last73,3612
2025-02-14,3,Riverside Retirement Community,P3-U25,74,Resident74 Last74,6679
2025-02-14,3,Riverside Retirement Community,P3-U26,,,0
2025-02-14,3,Riverside Retirement Community,P3-U27,,,0
2025-02-14,3,Riverside Retirement Community,P3-U28,,,0
2025-02-14,3,Riverside Retirement Community,P3-U29,,,0
2025-02-14,3,Riverside Retirement Community,P3-U30,,,0
2025-02-14,3,Riverside Retirement Community,P3-U31,,,0
2025-02-14,3,Riverside Retirement Community,P3-U32,75,Resident75 Last75,6998
2025-02-14,3,Riverside Retirement Community,P3-U33,,,0
2025-02-14,3,Riverside Retirement Community,P3-U34,77,Resident77 Last77,4456
2025-02-14,3,Riverside Retirement Community,P3-U35,,,0
2025-02-14,3,Riverside Retirement Community,P3-U36,78,Resident78 Last78,6502
2025-02-14,3,Riverside Retirement Community,P3-U37,100,Resident100 Last100,6425
2025-02-14,3,Riverside Retirement Community,P3-U38,79,Resident79 Last79,7014
2025-02-14,3,Riverside Retirement Community,P3-U39,80,Resident80 Last80,4317
2025-02-14,3,Riverside Retirement Community,P3-U40,81,Resident81 Last81,5835
2025-02-14,3,Riverside Retirement Community,P3-U41,82,Resident82 Last82,3465
2025-02-14,3,Riverside Retirement Community,P3-U42,83,Resident83 Last83,4381
2025-02-14,3,Riverside Retirement Community,P3-U43,,,0
2025-02-14,3,Riverside Retirement Community,P3-U44,84,Resident84 Last84,6325
2025-02-14,3,Riverside Retirement Community,P3-U45,,,0
2025-02-14,3,Riverside Retirement Community,P3-U46,,,0
2025-02-14,3,Riverside Retirement Community,P3-U47,85,Resident85 Last85,6135
2025-02-14,3,Riverside Retirement Community,P3-U48,86,Resident86 Last86,4208
2025-02-14,3,Riverside Retirement Community,P3-U49,87,Resident87 Last87,4723
2025-02-14,3,Riverside Retirement Community,P3-U50,88,Resident88 Last88,3664
2025-02-15,1,Sunset Gardens,P1-U01,,,0
2025-02-15,1,Sunset Gardens,P1-U02,1,Resident1 Last1,4103
2025-02-15,1,Sunset Gardens,P1-U03,2,Resident2 Last2,4626
2025-02-15,1,Sunset Gardens,P1-U04,,,0
2025-02-15,1,Sunset Gardens,P1-U05,4,Resident4 Last4,4469
2025-02-15,1,Sunset Gardens,P1-U06,,,0
2025-02-15,1,Sunset Gardens,P1-U07,5,Resident5 Last5,6368
2025-02-15,1,Sunset Gardens,P1-U08,6,Resident6 Last6,4726
2025-02-15,1,Sunset Gardens,P1-U09,,,0
2025-02-15,1,Sunset Gardens,P1-U10,8,Resident8 Last8,5207
2025-02-15,1,Sunset Gardens,P1-U11,9,Resident9 Last9,6915
2025-02-15,1,Sunset Gardens,P1-U12,,,0
2025-02-15,1,Sunset Gardens,P1-U13,11,Resident11 Last11,4505
2025-02-15,1,Sunset Gardens,P1-U14,,,0
2025-02-15,1,Sunset Gardens,P1-U15,,,0
2025-02-15,1,Sunset Gardens,P1-U16,,,0
2025-02-15,1,Sunset Gardens,P1-U17,,,0
2025-02-15,1,Sunset Gardens,P1-U18,13,Resident13 Last13,3438
2025-02-15,1,Sunset Gardens,P1-U19,14,Resident14 Last14,5725
2025-02-15,1,Sunset Gardens,P1-U20,,,0
2025-02-15,1,Sunset Gardens,P1-U21,15,Resident15 Last15,7434
2025-02-15,1,Sunset Gardens,P1-U22,,,0
2025-02-15,1,Sunset Gardens,P1-U23,,,0
2025-02-15,1,Sunset Gardens,P1-U24,89,Resident89 Last89,4218
2025-02-15,1,Sunset Gardens,P1-U25,,,0
2025-02-15,1,Sunset Gardens,P1-U26,16,Resident16 Last16,6062
2025-02-15,1,Sunset Gardens,P1-U27,,,0
2025-02-15,1,Sunset Gardens,P1-U28,17,Resident17 Last17,4390
2025-02-15,1,Sunset Gardens,P1-U29,18,Resident18 Last18,3165
2025-02-15,1,Sunset Gardens,P1-U30,91,Resident91 Last91,6743
2025-02-15,1,Sunset Gardens,P1-U31,19,Resident19 Last19,3698
2025-02-15,1,Sunset Gardens,P1-U32,,,0
2025-02-15,1,Sunset Gardens,P1-U33,,,0
2025-02-15,1,Sunset Gardens,P1-U34,97,Resident97 Last97,3693
2025-02-15,1,Sunset Gardens,P1-U35,,,0
2025-02-15,1,Sunset Gardens,P1-U36,,,0
2025-02-15,1,Sunset Gardens,P1-U37,23,Resident23 Last23,6826
2025-02-15,1,Sunset Gardens,P1-U38,24,Resident24 Last24,5319
2025-02-15,1,Sunset Gardens,P1-U39,,,0
2025-02-15,1,Sunset Gardens,P1-U40,25,Resident25 Last25,3203
2025-02-15,1,Sunset Gardens,P1-U41,,,0
2025-02-15,1,Sunset Gardens,P1-U42,,,0
2025-02-15,1,Sunset Gardens,P1-U43,,,0
2025-02-15,1,Sunset Gardens,P1-U44,26,Resident26 Last26,4150
2025-02-15,1,Sunset Gardens,P1-U45,27,Resident27 Last27,3792
2025-02-15,1,Sunset Gardens,P1-U46,28,Resident28 Last28,4656
2025-02-15,1,Sunset Gardens,P1-U47,,,0
2025-02-15,1,Sunset Gardens,P1-U48,92,Resident92 Last92,7230
2025-02-15,1,Sunset Gardens,P1-U49,29,Resident29 Last29,4629
2025-02-15,1,Sunset Gardens,P1-U50,30,Resident30 Last30,6031
2025-02-15,2,Meadowbrook Senior Living,P2-U01,99,Resident99 Last99,6317
2025-02-15,2,Meadowbrook Senior Living,P2-U02,31,Resident31 Last31,3643
2025-02-15,2,Meadowbrook Senior Living,P2-U03,,,0
2025-02-15,2,Meadowbrook Senior Living,P2-U04,,,0
2025-02-15,2,Meadowbrook Senior Living,P2-U05,32,Resident32 Last32,5524
2025-02-15,2,Meadowbrook Senior Living,P2-U06,,,0
2025-02-15,2,Meadowbrook Senior Living,P2-U07,98,Resident98 Last98,5808
2025-02-15,2,Meadowbrook Senior Living,P2-U08,33,Resident33 Last33,7164
2025-02-15,2,Meadowbrook Senior Living,P2-U09,,,0
2025-02-15,2,Meadowbrook Senior Living,P2-U10,,,0
2025-02-15,2,Meadowbrook Senior Living,P2-U11,,,0
2025-02-15,2,Meadowbrook Senior Living,P2-U12,35,Resident35 Last35,5476
2025-02-15,2,Meadowbrook Senior Living,P2-U13,36,Resident36 Last36,4795
2025-02-15,2,Meadowbrook Senior Living,P2-U14,37,Resident37 Last37,6972
2025-02-15,2,Meadowbrook Senior Living,P2-U15,,,0
2025-02-15,2,Meadowbrook Senior Living,P2-U16,38,Resident38 Last38,6144
2025-02-15,2,Meadowbrook Senior Living,P2-U17,39,Resident39 Last39,3646
2025-02-15,2,Meadowbrook Senior Living,P2-U18,40,Resident40 Last40,6397
2025-02-15,2,Meadowbrook Senior Living,P2-U19,,,0
2025-02-15,2,Meadowbrook Senior Living,P2-U20,41,Resident41 Last41,3058
2025-02-15,2,Meadowbrook Senior Living,P2-U21,42,Resident42 Last42,4782
2025-02-15,2,Meadowbrook Senior Living,P2-U22,43,Resident43 Last43,5894
2025-02-15,2,Meadowbrook Senior Living,P2-U23,,,0
2025-02-15,2,Meadowbrook Senior Living,P2-U24,44,Resident44 Last44,7471
2025-02-15,2,Meadowbrook Senior Living,P2-U25,,,0
2025-02-15,2,Meadowbrook Senior Living,P2-U26,,,0
2025-02-15,2,Meadowbrook Senior Living,P2-U27,,,0
2025-02-15,2,Meadowbrook Senior Living,P2-U28,,,0
2025-02-15,2,Meadowbrook Senior Living,P2-U29,,,0
2025-02-15,2,Meadowbrook Senior Living,P2-U30,,,0
2025-02-15,2,Meadowbrook Senior Living,P2-U31,,,0
2025-02-15,2,Meadowbrook Senior Living,P2-U32,95,Resident95 Last95,7376
2025-02-15,2,Meadowbrook Senior Living,P2-U33,,,0
2025-02-15,2,Meadowbrook Senior Living,P2-U34,,,0
2025-02-15,2,Meadowbrook Senior Living,P2-U35,,,0
2025-02-15,2,Meadowbrook Senior Living,P2-U36,,,0
2025-02-15,2,Meadowbrook Senior Living,P2-U37,47,Resident47 Last47,5894
2025-02-15,2,Meadowbrook Senior Living,P2-U38,48,Resident48 Last48,3847
2025-02-15,2,Meadowbrook Senior Living,P2-U39,,,0
2025-02-15,2,Meadowbrook Senior Living,P2-U40,50,Resident50 Last50,5383
2025-02-15,2,Meadowbrook Senior Living,P2-U41,,,0
2025-02-15,2,Meadowbrook Senior Living,P2-U42,51,Resident51 Last51,6956
2025-02-15,2,Meadowbrook Senior Living,P2-U43,,,0
2025-02-15,2,Meadowbrook Senior Living,P2-U44,53,Resident53 Last53,6044
2025-02-15,2,Meadowbrook Senior Living,P2-U45,93,Resident93 Last93,5535
2025-02-15,2,Meadowbrook Senior Living,P2-U46,54,Resident54 Last54,4954
2025-02-15,2,Meadowbrook Senior Living,P2-U47,55,Resident55 Last55,7311
2025-02-15,2,Meadowbrook Senior Living,P2-U48,56,Resident56 Last56,3751
2025-02-15,2,Meadowbrook Senior Living,P2-U49,57,Resident57 Last57,3429
2025-02-15,2,Meadowbrook Senior Living,P2-U50,,,0
2025-02-15,3,Riverside Retirement Community,P3-U01,58,Resident58 Last58,6334
2025-02-15,3,Riverside Retirement Community,P3-U02,,,0
2025-02-15,3,Riverside Retirement Community,P3-U03,,,0
2025-02-15,3,Riverside Retirement Community,P3-U04,,,0
2025-02-15,3,Riverside Retirement Community,P3-U05,,,0
2025-02-15,3,Riverside Retirement Community,P3-U06,60,Resident60 Last60,4602
2025-02-15,3,Riverside Retirement Community,P3-U07,61,Resident61 Last61,3142
2025-02-15,3,Riverside Retirement Community,P3-U08,62,Resident62 Last62,5599
2025-02-15,3,Riverside Retirement Community,P3-U09,63,Resident63 Last63,4741
2025-02-15,3,Riverside Retirement Community,P3-U10,,,0
2025-02-15,3,Riverside Retirement Community,P3-U11,96,Resident96 Last96,3484
2025-02-15,3,Riverside Retirement Community,P3-U12,,,0
2025-02-15,3,Riverside Retirement Community,P3-U13,,,0
2025-02-15,3,Riverside Retirement Community,P3-U14,64,Resident64 Last64,4016
2025-02-15,3,Riverside Retirement Community,P3-U15,65,Resident65 Last65,5094
2025-02-15,3,Riverside Retirement Community,P3-U16,66,Resident66 Last66,7369
2025-02-15,3,Riverside Retirement Community,P3-U17,,,0
2025-02-15,3,Riverside Retirement Community,P3-U18,,,0
2025-02-15,3,Riverside Retirement Community,P3-U19,,,0
2025-02-15,3,Riverside Retirement Community,P3-U20,,,0
2025-02-15,3,Riverside Retirement Community,P3-U21,,,0
2025-02-15,3,Riverside Retirement Community,P3-U22,71,Resident71 Last71,3684
2025-02-15,3,Riverside Retirement Community,P3-U23,72,Resident72 Last72,3763
2025-02-15,3,Riverside Retirement Community,P3-U24,73,Resident73 Last73,3612
2025-02-15,3,Riverside Retirement Community,P3-U25,74,Resident74 Last74,6679
2025-02-15,3,Riverside Retirement Community,P3-U26,,,0
2025-02-15,3,Riverside Retirement Community,P3-U27,,,0
2025-02-15,3,Riverside Retirement Community,P3-U28,,,0
2025-02-15,3,Riverside Retirement Community,P3-U29,,,0
2025-02-15,3,Riverside Retirement Community,P3-U30,,,0
2025-02-15,3,Riverside Retirement Community,P3-U31,,,0
2025-02-15,3,Riverside Retirement Community,P3-U32,75,Resident75 Last75,6998
2025-02-15,3,Riverside Retirement Community,P3-U33,,,0
2025-02-15,3,Riverside Retirement Community,P3-U34,77,Resident77 Last77,4456
2025-02-15,3,Riverside Retirement Community,P3-U35,,,0
2025-02-15,3,Riverside Retirement Community,P3-U36,78,Resident78 Last78,6502
2025-02-15,3,Riverside Retirement Community,P3-U37,100,Resident100 Last100,6425
2025-02-15,3,Riverside Retirement Community,P3-U38,79,Resident79 Last79,7014
2025-02-15,3,Riverside Retirement Community,P3-U39,80,Resident80 Last80,4317
2025-02-15,3,Riverside Retirement Community,P3-U40,81,Resident81 Last81,5835
2025-02-15,3,Riverside Retirement Community,P3-U41,82,Resident82 Last82,3465
2025-02-15,3,Riverside Retirement Community,P3-U42,83,Resident83 Last83,4381
2025-02-15,3,Riverside Retirement Community,P3-U43,,,0
2025-02-15,3,Riverside Retirement Community,P3-U44,84,Resident84 Last84,6325
2025-02-15,3,Riverside Retirement Community,P3-U45,,,0
2025-02-15,3,Riverside Retirement Community,P3-U46,,,0
2025-02-15,3,Riverside Retirement Community,P3-U47,85,Resident85 Last85,6135
2025-02-15,3,Riverside Retirement Community,P3-U48,86,Resident86 Last86,4208
2025-02-15,3,Riverside Retirement Community,P3-U49,87,Resident87 Last87,4723
2025-02-15,3,Riverside Retirement Community,P3-U50,88,Resident88 Last88,3664
2025-02-16,1,Sunset Gardens,P1-U01,,,0
2025-02-16,1,Sunset Gardens,P1-U02,1,Resident1 Last1,4103
2025-02-16,1,Sunset Gardens,P1-U03,2,Resident2 Last2,4626
2025-02-16,1,Sunset Gardens,P1-U04,,,0
2025-02-16,1,Sunset Gardens,P1-U05,4,Resident4 Last4,4469
2025-02-16,1,Sunset Gardens,P1-U06,,,0
2025-02-16,1,Sunset Gardens,P1-U07,5,Resident5 Last5,6368
2025-02-16,1,Sunset Gardens,P1-U08,6,Resident6 Last6,4726
2025-02-16,1,Sunset Gardens,P1-U09,,,0
2025-02-16,1,Sunset Gardens,P1-U10,8,Resident8 Last8,5207
2025-02-16,1,Sunset Gardens,P1-U11,9,Resident9 Last9,6915
2025-02-16,1,Sunset Gardens,P1-U12,,,0
2025-02-16,1,Sunset Gardens,P1-U13,11,Resident11 Last11,4505
2025-02-16,1,Sunset Gardens,P1-U14,,,0
2025-02-16,1,Sunset Gardens,P1-U15,,,0
2025-02-16,1,Sunset Gardens,P1-U16,,,0
2025-02-16,1,Sunset Gardens,P1-U17,,,0
2025-02-16,1,Sunset Gardens,P1-U18,13,Resident13 Last13,3438
2025-02-16,1,Sunset Gardens,P1-U19,14,Resident14 Last14,5725
2025-02-16,1,Sunset Gardens,P1-U20,,,0
2025-02-16,1,Sunset Gardens,P1-U21,15,Resident15 Last15,7434
2025-02-16,1,Sunset Gardens,P1-U22,,,0
2025-02-16,1,Sunset Gardens,P1-U23,,,0
2025-02-16,1,Sunset Gardens,P1-U24,94,Resident94 Last94,3995
2025-02-16,1,Sunset Gardens,P1-U25,,,0
2025-02-16,1,Sunset Gardens,P1-U26,16,Resident16 Last16,6062
2025-02-16,1,Sunset Gardens,P1-U27,,,0
2025-02-16,1,Sunset Gardens,P1-U28,17,Resident17 Last17,4390
2025-02-16,1,Sunset Gardens,P1-U29,18,Resident18 Last18,3165
2025-02-16,1,Sunset Gardens,P1-U30,91,Resident91 Last91,6743
2025-02-16,1,Sunset Gardens,P1-U31,19,Resident19 Last19,3698
2025-02-16,1,Sunset Gardens,P1-U32,,,0
2025-02-16,1,Sunset Gardens,P1-U33,,,0
2025-02-16,1,Sunset Gardens,P1-U34,97,Resident97 Last97,3693
2025-02-16,1,Sunset Gardens,P1-U35,,,0
2025-02-16,1,Sunset Gardens,P1-U36,,,0
2025-02-16,1,Sunset Gardens,P1-U37,23,Resident23 Last23,6826
2025-02-16,1,Sunset Gardens,P1-U38,24,Resident24 Last24,5319
2025-02-16,1,Sunset Gardens,P1-U39,,,0
2025-02-16,1,Sunset Gardens,P1-U40,25,Resident25 Last25,3203
2025-02-16,1,Sunset Gardens,P1-U41,,,0
2025-02-16,1,Sunset Gardens,P1-U42,,,0
2025-02-16,1,Sunset Gardens,P1-U43,,,0
2025-02-16,1,Sunset Gardens,P1-U44,26,Resident26 Last26,4150
2025-02-16,1,Sunset Gardens,P1-U45,27,Resident27 Last27,3792
2025-02-16,1,Sunset Gardens,P1-U46,28,Resident28 Last28,4656
2025-02-16,1,Sunset Gardens,P1-U47,,,0
2025-02-16,1,Sunset Gardens,P1-U48,92,Resident92 Last92,7230
2025-02-16,1,Sunset Gardens,P1-U49,29,Resident29 Last29,4629
2025-02-16,1,Sunset Gardens,P1-U50,30,Resident30 Last30,6031
2025-02-16,2,Meadowbrook Senior Living,P2-U01,99,Resident99 Last99,6317
2025-02-16,2,Meadowbrook Senior Living,P2-U02,31,Resident31 Last31,3643
2025-02-16,2,Meadowbrook Senior Living,P2-U03,,,0
2025-02-16,2,Meadowbrook Senior Living,P2-U04,,,0
2025-02-16,2,Meadowbrook Senior Living,P2-U05,32,Resident32 Last32,5524
2025-02-16,2,Meadowbrook Senior Living,P2-U06,,,0
2025-02-16,2,Meadowbrook Senior Living,P2-U07,98,Resident98 Last98,5808
2025-02-16,2,Meadowbrook Senior Living,P2-U08,33,Resident33 Last33,7164
2025-02-16,2,Meadowbrook Senior Living,P2-U09,,,0
2025-02-16,2,Meadowbrook Senior Living,P2-U10,,,0
2025-02-16,2,Meadowbrook Senior Living,P2-U11,,,0
2025-02-16,2,Meadowbrook Senior Living,P2-U12,35,Resident35 Last35,5476
2025-02-16,2,Meadowbrook Senior Living,P2-U13,36,Resident36 Last36,4795
2025-02-16,2,Meadowbrook Senior Living,P2-U14,37,Resident37 Last37,6972
2025-02-16,2,Meadowbrook Senior Living,P2-U15,,,0
2025-02-16,2,Meadowbrook Senior Living,P2-U16,38,Resident38 Last38,6144
2025-02-16,2,Meadowbrook Senior Living,P2-U17,39,Resident39 Last39,3646
2025-02-16,2,Meadowbrook Senior Living,P2-U18,40,Resident40 Last40,6397
2025-02-16,2,Meadowbrook Senior Living,P2-U19,,,0
2025-02-16,2,Meadowbrook Senior Living,P2-U20,41,Resident41 Last41,3058
2025-02-16,2,Meadowbrook Senior Living,P2-U21,42,Resident42 Last42,4782
2025-02-16,2,Meadowbrook Senior Living,P2-U22,43,Resident43 Last43,5894
2025-02-16,2,Meadowbrook Senior Living,P2-U23,,,0
2025-02-16,2,Meadowbrook Senior Living,P2-U24,44,Resident44 Last44,7471
2025-02-16,2,Meadowbrook Senior Living,P2-U25,,,0
2025-02-16,2,Meadowbrook Senior Living,P2-U26,,,0
2025-02-16,2,Meadowbrook Senior Living,P2-U27,,,0
2025-02-16,2,Meadowbrook Senior Living,P2-U28,,,0
2025-02-16,2,Meadowbrook Senior Living,P2-U29,,,0
2025-02-16,2,Meadowbrook Senior Living,P2-U30,,,0
2025-02-16,2,Meadowbrook Senior Living,P2-U31,,,0
2025-02-16,2,Meadowbrook Senior Living,P2-U32,95,Resident95 Last95,7376
2025-02-16,2,Meadowbrook Senior Living,P2-U33,,,0
2025-02-16,2,Meadowbrook Senior Living,P2-U34,,,0
2025-02-16,2,Meadowbrook Senior Living,P2-U35,,,0
2025-02-16,2,Meadowbrook Senior Living,P2-U36,,,0
2025-02-16,2,Meadowbrook Senior Living,P2-U37,47,Resident47 Last47,5894
2025-02-16,2,Meadowbrook Senior Living,P2-U38,48,Resident48 Last48,3847
2025-02-16,2,Meadowbrook Senior Living,P2-U39,,,0
2025-02-16,2,Meadowbrook Senior Living,P2-U40,50,Resident50 Last50,5383
2025-02-16,2,Meadowbrook Senior Living,P2-U41,,,0
2025-02-16,2,Meadowbrook Senior Living,P2-U42,51,Resident51 Last51,6956
2025-02-16,2,Meadowbrook Senior Living,P2-U43,,,0
2025-02-16,2,Meadowbrook Senior Living,P2-U44,53,Resident53 Last53,6044
2025-02-16,2,Meadowbrook Senior Living,P2-U45,93,Resident93 Last93,5535
2025-02-16,2,Meadowbrook Senior Living,P2-U46,54,Resident54 Last54,4954
2025-02-16,2,Meadowbrook Senior Living,P2-U47,55,Resident55 Last55,7311
2025-02-16,2,Meadowbrook Senior Living,P2-U48,56,Resident56 Last56,3751
2025-02-16,2,Meadowbrook Senior Living,P2-U49,57,Resident57 Last57,3429
2025-02-16,2,Meadowbrook Senior Living,P2-U50,,,0
2025-02-16,3,Riverside Retirement Community,P3-U01,58,Resident58 Last58,6334
2025-02-16,3,Riverside Retirement Community,P3-U02,,,0
2025-02-16,3,Riverside Retirement Community,P3-U03,,,0
2025-02-16,3,Riverside Retirement Community,P3-U04,,,0
2025-02-16,3,Riverside Retirement Community,P3-U05,,,0
2025-02-16,3,Riverside Retirement Community,P3-U06,60,Resident60 Last60,4602
2025-02-16,3,Riverside Retirement Community,P3-U07,61,Resident61 Last61,3142
2025-02-16,3,Riverside Retirement Community,P3-U08,62,Resident62 Last62,5599
2025-02-16,3,Riverside Retirement Community,P3-U09,63,Resident63 Last63,4741
2025-02-16,3,Riverside Retirement Community,P3-U10,,,0
2025-02-16,3,Riverside Retirement Community,P3-U11,96,Resident96 Last96,3484
2025-02-16,3,Riverside Retirement Community,P3-U12,,,0
2025-02-16,3,Riverside Retirement Community,P3-U13,,,0
2025-02-16,3,Riverside Retirement Community,P3-U14,64,Resident64 Last64,4016
2025-02-16,3,Riverside Retirement Community,P3-U15,65,Resident65 Last65,5094
2025-02-16,3,Riverside Retirement Community,P3-U16,66,Resident66 Last66,7369
2025-02-16,3,Riverside Retirement Community,P3-U17,,,0
2025-02-16,3,Riverside Retirement Community,P3-U18,,,0
2025-02-16,3,Riverside Retirement Community,P3-U19,,,0
2025-02-16,3,Riverside Retirement Community,P3-U20,,,0
2025-02-16,3,Riverside Retirement Community,P3-U21,,,0
2025-02-16,3,Riverside Retirement Community,P3-U22,71,Resident71 Last71,3684
2025-02-16,3,Riverside Retirement Community,P3-U23,72,Resident72 Last72,3763
2025-02-16,3,Riverside Retirement Community,P3-U24,73,Resident73 Last73,3612
2025-02-16,3,Riverside Retirement Community,P3-U25,74,Resident74 Last74,6679
2025-02-16,3,Riverside Retirement Community,P3-U26,,,0
2025-02-16,3,Riverside Retirement Community,P3-U27,,,0
2025-02-16,3,Riverside Retirement Community,P3-U28,,,0
2025-02-16,3,Riverside Retirement Community,P3-U29,,,0
2025-02-16,3,Riverside Retirement Community,P3-U30,,,0
2025-02-16,3,Riverside Retirement Community,P3-U31,,,0
2025-02-16,3,Riverside Retirement Community,P3-U32,75,Resident75 Last75,6998
2025-02-16,3,Riverside Retirement Community,P3-U33,,,0
2025-02-16,3,Riverside Retirement Community,P3-U34,77,Resident77 Last77,4456
2025-02-16,3,Riverside Retirement Community,P3-U35,,,0
2025-02-16,3,Riverside Retirement Community,P3-U36,78,Resident78 Last78,6502
2025-02-16,3,Riverside Retirement Community,P3-U37,100,Resident100 Last100,6425
2025-02-16,3,Riverside Retirement Community,P3-U38,79,Resident79 Last79,7014
2025-02-16,3,Riverside Retirement Community,P3-U39,80,Resident80 Last80,4317
2025-02-16,3,Riverside Retirement Community,P3-U40,81,Resident81 Last81,5835
2025-02-16,3,Riverside Retirement Community,P3-U41,82,Resident82 Last82,3465
2025-02-16,3,Riverside Retirement Community,P3-U42,83,Resident83 Last83,4381
2025-02-16,3,Riverside Retirement Community,P3-U43,,,0
2025-02-16,3,Riverside Retirement Community,P3-U44,84,Resident84 Last84,6325
2025-02-16,3,Riverside Retirement Community,P3-U45,,,0
2025-02-16,3,Riverside Retirement Community,P3-U46,,,0
2025-02-16,3,Riverside Retirement Community,P3-U47,85,Resident85 Last85,6135
2025-02-16,3,Riverside Retirement Community,P3-U48,86,Resident86 Last86,4208
2025-02-16,3,Riverside Retirement Community,P3-U49,87,Resident87 Last87,4723
2025-02-16,3,Riverside Retirement Community,P3-U50,88,Resident88 Last88,3664
2025-02-17,1,Sunset Gardens,P1-U01,,,0
2025-02-17,1,Sunset Gardens,P1-U02,1,Resident1 Last1,4103
2025-02-17,1,Sunset Gardens,P1-U03,2,Resident2 Last2,4626
2025-02-17,1,Sunset Gardens,P1-U04,,,0
2025-02-17,1,Sunset Gardens,P1-U05,4,Resident4 Last4,4469
2025-02-17,1,Sunset Gardens,P1-U06,,,0
2025-02-17,1,Sunset Gardens,P1-U07,5,Resident5 Last5,6368
2025-02-17,1,Sunset Gardens,P1-U08,6,Resident6 Last6,4726
2025-02-17,1,Sunset Gardens,P1-U09,,,0
2025-02-17,1,Sunset Gardens,P1-U10,8,Resident8 Last8,5207
2025-02-17,1,Sunset Gardens,P1-U11,9,Resident9 Last9,6915
2025-02-17,1,Sunset Gardens,P1-U12,,,0
2025-02-17,1,Sunset Gardens,P1-U13,11,Resident11 Last11,4505
2025-02-17,1,Sunset Gardens,P1-U14,,,0
2025-02-17,1,Sunset Gardens,P1-U15,,,0
2025-02-17,1,Sunset Gardens,P1-U16,,,0
2025-02-17,1,Sunset Gardens,P1-U17,,,0
2025-02-17,1,Sunset Gardens,P1-U18,13,Resident13 Last13,3438
2025-02-17,1,Sunset Gardens,P1-U19,14,Resident14 Last14,5725
2025-02-17,1,Sunset Gardens,P1-U20,,,0
2025-02-17,1,Sunset Gardens,P1-U21,15,Resident15 Last15,7434
2025-02-17,1,Sunset Gardens,P1-U22,,,0
2025-02-17,1,Sunset Gardens,P1-U23,,,0
2025-02-17,1,Sunset Gardens,P1-U24,94,Resident94 Last94,3995
2025-02-17,1,Sunset Gardens,P1-U25,,,0
2025-02-17,1,Sunset Gardens,P1-U26,16,Resident16 Last16,6062
2025-02-17,1,Sunset Gardens,P1-U27,,,0
2025-02-17,1,Sunset Gardens,P1-U28,17,Resident17 Last17,4390
2025-02-17,1,Sunset Gardens,P1-U29,18,Resident18 Last18,3165
2025-02-17,1,Sunset Gardens,P1-U30,91,Resident91 Last91,6743
2025-02-17,1,Sunset Gardens,P1-U31,19,Resident19 Last19,3698
2025-02-17,1,Sunset Gardens,P1-U32,,,0
2025-02-17,1,Sunset Gardens,P1-U33,,,0
2025-02-17,1,Sunset Gardens,P1-U34,97,Resident97 Last97,3693
2025-02-17,1,Sunset Gardens,P1-U35,,,0
2025-02-17,1,Sunset Gardens,P1-U36,,,0
2025-02-17,1,Sunset Gardens,P1-U37,23,Resident23 Last23,6826
2025-02-17,1,Sunset Gardens,P1-U38,24,Resident24 Last24,5319
2025-02-17,1,Sunset Gardens,P1-U39,,,0
2025-02-17,1,Sunset Gardens,P1-U40,25,Resident25 Last25,3203
2025-02-17,1,Sunset Gardens,P1-U41,,,0
2025-02-17,1,Sunset Gardens,P1-U42,,,0
2025-02-17,1,Sunset Gardens,P1-U43,,,0
2025-02-17,1,Sunset Gardens,P1-U44,26,Resident26 Last26,4150
2025-02-17,1,Sunset Gardens,P1-U45,27,Resident27 Last27,3792
2025-02-17,1,Sunset Gardens,P1-U46,28,Resident28 Last28,4656
2025-02-17,1,Sunset Gardens,P1-U47,,,0
2025-02-17,1,Sunset Gardens,P1-U48,92,Resident92 Last92,7230
2025-02-17,1,Sunset Gardens,P1-U49,29,Resident29 Last29,4629
2025-02-17,1,Sunset Gardens,P1-U50,30,Resident30 Last30,6031
2025-02-17,2,Meadowbrook Senior Living,P2-U01,99,Resident99 Last99,6317
2025-02-17,2,Meadowbrook Senior Living,P2-U02,31,Resident31 Last31,3643
2025-02-17,2,Meadowbrook Senior Living,P2-U03,,,0
2025-02-17,2,Meadowbrook Senior Living,P2-U04,,,0
2025-02-17,2,Meadowbrook Senior Living,P2-U05,32,Resident32 Last32,5524
2025-02-17,2,Meadowbrook Senior Living,P2-U06,,,0
2025-02-17,2,Meadowbrook Senior Living,P2-U07,98,Resident98 Last98,5808
2025-02-17,2,Meadowbrook Senior Living,P2-U08,33,Resident33 Last33,7164
2025-02-17,2,Meadowbrook Senior Living,P2-U09,,,0
2025-02-17,2,Meadowbrook Senior Living,P2-U10,,,0
2025-02-17,2,Meadowbrook Senior Living,P2-U11,,,0
2025-02-17,2,Meadowbrook Senior Living,P2-U12,35,Resident35 Last35,5476
2025-02-17,2,Meadowbrook Senior Living,P2-U13,36,Resident36 Last36,4795
2025-02-17,2,Meadowbrook Senior Living,P2-U14,37,Resident37 Last37,6972
2025-02-17,2,Meadowbrook Senior Living,P2-U15,,,0
2025-02-17,2,Meadowbrook Senior Living,P2-U16,38,Resident38 Last38,6144
2025-02-17,2,Meadowbrook Senior Living,P2-U17,39,Resident39 Last39,3646
2025-02-17,2,Meadowbrook Senior Living,P2-U18,40,Resident40 Last40,6397
2025-02-17,2,Meadowbrook Senior Living,P2-U19,,,0
2025-02-17,2,Meadowbrook Senior Living,P2-U20,41,Resident41 Last41,3058
2025-02-17,2,Meadowbrook Senior Living,P2-U21,42,Resident42 Last42,4782
2025-02-17,2,Meadowbrook Senior Living,P2-U22,43,Resident43 Last43,5894
2025-02-17,2,Meadowbrook Senior Living,P2-U23,,,0
2025-02-17,2,Meadowbrook Senior Living,P2-U24,44,Resident44 Last44,7471
2025-02-17,2,Meadowbrook Senior Living,P2-U25,,,0
2025-02-17,2,Meadowbrook Senior Living,P2-U26,,,0
2025-02-17,2,Meadowbrook Senior Living,P2-U27,,,0
2025-02-17,2,Meadowbrook Senior Living,P2-U28,,,0
2025-02-17,2,Meadowbrook Senior Living,P2-U29,,,0
2025-02-17,2,Meadowbrook Senior Living,P2-U30,,,0
2025-02-17,2,Meadowbrook Senior Living,P2-U31,,,0
2025-02-17,2,Meadowbrook Senior Living,P2-U32,95,Resident95 Last95,7376
2025-02-17,2,Meadowbrook Senior Living,P2-U33,,,0
2025-02-17,2,Meadowbrook Senior Living,P2-U34,,,0
2025-02-17,2,Meadowbrook Senior Living,P2-U35,,,0
2025-02-17,2,Meadowbrook Senior Living,P2-U36,,,0
2025-02-17,2,Meadowbrook Senior Living,P2-U37,47,Resident47 Last47,5894
2025-02-17,2,Meadowbrook Senior Living,P2-U38,48,Resident48 Last48,3847
2025-02-17,2,Meadowbrook Senior Living,P2-U39,,,0
2025-02-17,2,Meadowbrook Senior Living,P2-U40,50,Resident50 Last50,5383
2025-02-17,2,Meadowbrook Senior Living,P2-U41,,,0
2025-02-17,2,Meadowbrook Senior Living,P2-U42,51,Resident51 Last51,6956
2025-02-17,2,Meadowbrook Senior Living,P2-U43,,,0
2025-02-17,2,Meadowbrook Senior Living,P2-U44,53,Resident53 Last53,6044
2025-02-17,2,Meadowbrook Senior Living,P2-U45,93,Resident93 Last93,5535
2025-02-17,2,Meadowbrook Senior Living,P2-U46,54,Resident54 Last54,4954
2025-02-17,2,Meadowbrook Senior Living,P2-U47,55,Resident55 Last55,7311
2025-02-17,2,Meadowbrook Senior Living,P2-U48,56,Resident56 Last56,3751
2025-02-17,2,Meadowbrook Senior Living,P2-U49,57,Resident57 Last57,3429
2025-02-17,2,Meadowbrook Senior Living,P2-U50,,,0
2025-02-17,3,Riverside Retirement Community,P3-U01,58,Resident58 Last58,6334
2025-02-17,3,Riverside Retirement Community,P3-U02,,,0
2025-02-17,3,Riverside Retirement Community,P3-U03,,,0
2025-02-17,3,Riverside Retirement Community,P3-U04,,,0
2025-02-17,3,Riverside Retirement Community,P3-U05,,,0
2025-02-17,3,Riverside Retirement Community,P3-U06,60,Resident60 Last60,4602
2025-02-17,3,Riverside Retirement Community,P3-U07,61,Resident61 Last61,3142
2025-02-17,3,Riverside Retirement Community,P3-U08,62,Resident62 Last62,5599
2025-02-17,3,Riverside Retirement Community,P3-U09,63,Resident63 Last63,4741
2025-02-17,3,Riverside Retirement Community,P3-U10,,,0
2025-02-17,3,Riverside Retirement Community,P3-U11,96,Resident96 Last96,3484
2025-02-17,3,Riverside Retirement Community,P3-U12,,,0
2025-02-17,3,Riverside Retirement Community,P3-U13,,,0
2025-02-17,3,Riverside Retirement Community,P3-U14,64,Resident64 Last64,4016
2025-02-17,3,Riverside Retirement Community,P3-U15,65,Resident65 Last65,5094
2025-02-17,3,Riverside Retirement Community,P3-U16,66,Resident66 Last66,7369
2025-02-17,3,Riverside Retirement Community,P3-U17,,,0
2025-02-17,3,Riverside Retirement Community,P3-U18,,,0
2025-02-17,3,Riverside Retirement Community,P3-U19,,,0
2025-02-17,3,Riverside Retirement Community,P3-U20,,,0
2025-02-17,3,Riverside Retirement Community,P3-U21,,,0
2025-02-17,3,Riverside Retirement Community,P3-U22,71,Resident71 Last71,3684
2025-02-17,3,Riverside Retirement Community,P3-U23,72,Resident72 Last72,3763
2025-02-17,3,Riverside Retirement Community,P3-U24,73,Resident73 Last73,3612
2025-02-17,3,Riverside Retirement Community,P3-U25,74,Resident74 Last74,6679
2025-02-17,3,Riverside Retirement Community,P3-U26,,,0
2025-02-17,3,Riverside Retirement Community,P3-U27,,,0
2025-02-17,3,Riverside Retirement Community,P3-U28,,,0
2025-02-17,3,Riverside Retirement Community,P3-U29,,,0
2025-02-17,3,Riverside Retirement Community,P3-U30,,,0
2025-02-17,3,Riverside Retirement Community,P3-U31,,,0
2025-02-17,3,Riverside Retirement Community,P3-U32,75,Resident75 Last75,6998
2025-02-17,3,Riverside Retirement Community,P3-U33,,,0
2025-02-17,3,Riverside Retirement Community,P3-U34,77,Resident77 Last77,4456
2025-02-17,3,Riverside Retirement Community,P3-U35,,,0
2025-02-17,3,Riverside Retirement Community,P3-U36,78,Resident78 Last78,6502
2025-02-17,3,Riverside Retirement Community,P3-U37,100,Resident100 Last100,6425
2025-02-17,3,Riverside Retirement Community,P3-U38,79,Resident79 Last79,7014
2025-02-17,3,Riverside Retirement Community,P3-U39,80,Resident80 Last80,4317
2025-02-17,3,Riverside Retirement Community,P3-U40,81,Resident81 Last81,5835
2025-02-17,3,Riverside Retirement Community,P3-U41,82,Resident82 Last82,3465
2025-02-17,3,Riverside Retirement Community,P3-U42,83,Resident83 Last83,4381
2025-02-17,3,Riverside Retirement Community,P3-U43,,,0
2025-02-17,3,Riverside Retirement Community,P3-U44,84,Resident84 Last84,6325
2025-02-17,3,Riverside Retirement Community,P3-U45,,,0
2025-02-17,3,Riverside Retirement Community,P3-U46,,,0
2025-02-17,3,Riverside Retirement Community,P3-U47,85,Resident85 Last85,6135
2025-02-17,3,Riverside Retirement Community,P3-U48,86,Resident86 Last86,4208
2025-02-17,3,Riverside Retirement Community,P3-U49,87,Resident87 Last87,4723
2025-02-17,3,Riverside Retirement Community,P3-U50,88,Resident88 Last88,3664
2025-02-18,1,Sunset Gardens,P1-U01,,,0
2025-02-18,1,Sunset Gardens,P1-U02,1,Resident1 Last1,4103
2025-02-18,1,Sunset Gardens,P1-U03,2,Resident2 Last2,4626
2025-02-18,1,Sunset Gardens,P1-U04,,,0
2025-02-18,1,Sunset Gardens,P1-U05,4,Resident4 Last4,4469
2025-02-18,1,Sunset Gardens,P1-U06,,,0
2025-02-18,1,Sunset Gardens,P1-U07,5,Resident5 Last5,6368
2025-02-18,1,Sunset Gardens,P1-U08,6,Resident6 Last6,4726
2025-02-18,1,Sunset Gardens,P1-U09,,,0
2025-02-18,1,Sunset Gardens,P1-U10,8,Resident8 Last8,5207
2025-02-18,1,Sunset Gardens,P1-U11,9,Resident9 Last9,6915
2025-02-18,1,Sunset Gardens,P1-U12,,,0
2025-02-18,1,Sunset Gardens,P1-U13,11,Resident11 Last11,4505
2025-02-18,1,Sunset Gardens,P1-U14,,,0
2025-02-18,1,Sunset Gardens,P1-U15,,,0
2025-02-18,1,Sunset Gardens,P1-U16,,,0
2025-02-18,1,Sunset Gardens,P1-U17,,,0
2025-02-18,1,Sunset Gardens,P1-U18,13,Resident13 Last13,3438
2025-02-18,1,Sunset Gardens,P1-U19,14,Resident14 Last14,5725
2025-02-18,1,Sunset Gardens,P1-U20,,,0
2025-02-18,1,Sunset Gardens,P1-U21,15,Resident15 Last15,7434
2025-02-18,1,Sunset Gardens,P1-U22,,,0
2025-02-18,1,Sunset Gardens,P1-U23,,,0
2025-02-18,1,Sunset Gardens,P1-U24,94,Resident94 Last94,3995
2025-02-18,1,Sunset Gardens,P1-U25,,,0
2025-02-18,1,Sunset Gardens,P1-U26,16,Resident16 Last16,6062
2025-02-18,1,Sunset Gardens,P1-U27,,,0
2025-02-18,1,Sunset Gardens,P1-U28,17,Resident17 Last17,4390
2025-02-18,1,Sunset Gardens,P1-U29,18,Resident18 Last18,3165
2025-02-18,1,Sunset Gardens,P1-U30,91,Resident91 Last91,6743
2025-02-18,1,Sunset Gardens,P1-U31,19,Resident19 Last19,3698
2025-02-18,1,Sunset Gardens,P1-U32,,,0
2025-02-18,1,Sunset Gardens,P1-U33,,,0
2025-02-18,1,Sunset Gardens,P1-U34,97,Resident97 Last97,3693
2025-02-18,1,Sunset Gardens,P1-U35,,,0
2025-02-18,1,Sunset Gardens,P1-U36,,,0
2025-02-18,1,Sunset Gardens,P1-U37,23,Resident23 Last23,6826
2025-02-18,1,Sunset Gardens,P1-U38,24,Resident24 Last24,5319
2025-02-18,1,Sunset Gardens,P1-U39,,,0
2025-02-18,1,Sunset Gardens,P1-U40,25,Resident25 Last25,3203
2025-02-18,1,Sunset Gardens,P1-U41,,,0
2025-02-18,1,Sunset Gardens,P1-U42,,,0
2025-02-18,1,Sunset Gardens,P1-U43,,,0
2025-02-18,1,Sunset Gardens,P1-U44,26,Resident26 Last26,4150
2025-02-18,1,Sunset Gardens,P1-U45,27,Resident27 Last27,3792
2025-02-18,1,Sunset Gardens,P1-U46,28,Resident28 Last28,4656
2025-02-18,1,Sunset Gardens,P1-U47,,,0
2025-02-18,1,Sunset Gardens,P1-U48,92,Resident92 Last92,7230
2025-02-18,1,Sunset Gardens,P1-U49,29,Resident29 Last29,4629
2025-02-18,1,Sunset Gardens,P1-U50,30,Resident30 Last30,6031
2025-02-18,2,Meadowbrook Senior Living,P2-U01,99,Resident99 Last99,6317
2025-02-18,2,Meadowbrook Senior Living,P2-U02,31,Resident31 Last31,3643
2025-02-18,2,Meadowbrook Senior Living,P2-U03,,,0
2025-02-18,2,Meadowbrook Senior Living,P2-U04,,,0
2025-02-18,2,Meadowbrook Senior Living,P2-U05,32,Resident32 Last32,5524
2025-02-18,2,Meadowbrook Senior Living,P2-U06,,,0
2025-02-18,2,Meadowbrook Senior Living,P2-U07,98,Resident98 Last98,5808
2025-02-18,2,Meadowbrook Senior Living,P2-U08,33,Resident33 Last33,7164
2025-02-18,2,Meadowbrook Senior Living,P2-U09,,,0
2025-02-18,2,Meadowbrook Senior Living,P2-U10,,,0
2025-02-18,2,Meadowbrook Senior Living,P2-U11,,,0
2025-02-18,2,Meadowbrook Senior Living,P2-U12,35,Resident35 Last35,5476
2025-02-18,2,Meadowbrook Senior Living,P2-U13,36,Resident36 Last36,4795
2025-02-18,2,Meadowbrook Senior Living,P2-U14,37,Resident37 Last37,6972
2025-02-18,2,Meadowbrook Senior Living,P2-U15,,,0
2025-02-18,2,Meadowbrook Senior Living,P2-U16,38,Resident38 Last38,6144
2025-02-18,2,Meadowbrook Senior Living,P2-U17,39,Resident39 Last39,3646
2025-02-18,2,Meadowbrook Senior Living,P2-U18,40,Resident40 Last40,6397
2025-02-18,2,Meadowbrook Senior Living,P2-U19,,,0
2025-02-18,2,Meadowbrook Senior Living,P2-U20,41,Resident41 Last41,3058
2025-02-18,2,Meadowbrook Senior Living,P2-U21,42,Resident42 Last42,4782
2025-02-18,2,Meadowbrook Senior Living,P2-U22,43,Resident43 Last43,5894
2025-02-18,2,Meadowbrook Senior Living,P2-U23,,,0
2025-02-18,2,Meadowbrook Senior Living,P2-U24,44,Resident44 Last44,7471
2025-02-18,2,Meadowbrook Senior Living,P2-U25,,,0
2025-02-18,2,Meadowbrook Senior Living,P2-U26,,,0
2025-02-18,2,Meadowbrook Senior Living,P2-U27,,,0
2025-02-18,2,Meadowbrook Senior Living,P2-U28,,,0
2025-02-18,2,Meadowbrook Senior Living,P2-U29,,,0
2025-02-18,2,Meadowbrook Senior Living,P2-U30,,,0
2025-02-18,2,Meadowbrook Senior Living,P2-U31,,,0
2025-02-18,2,Meadowbrook Senior Living,P2-U32,95,Resident95 Last95,7376
2025-02-18,2,Meadowbrook Senior Living,P2-U33,,,0
2025-02-18,2,Meadowbrook Senior Living,P2-U34,,,0
2025-02-18,2,Meadowbrook Senior Living,P2-U35,,,0
2025-02-18,2,Meadowbrook Senior Living,P2-U36,,,0
2025-02-18,2,Meadowbrook Senior Living,P2-U37,47,Resident47 Last47,5894
2025-02-18,2,Meadowbrook Senior Living,P2-U38,48,Resident48 Last48,3847
2025-02-18,2,Meadowbrook Senior Living,P2-U39,,,0
2025-02-18,2,Meadowbrook Senior Living,P2-U40,50,Resident50 Last50,5383
2025-02-18,2,Meadowbrook Senior Living,P2-U41,,,0
2025-02-18,2,Meadowbrook Senior Living,P2-U42,51,Resident51 Last51,6956
2025-02-18,2,Meadowbrook Senior Living,P2-U43,,,0
2025-02-18,2,Meadowbrook Senior Living,P2-U44,53,Resident53 Last53,6044
2025-02-18,2,Meadowbrook Senior Living,P2-U45,93,Resident93 Last93,5535
2025-02-18,2,Meadowbrook Senior Living,P2-U46,54,Resident54 Last54,4954
2025-02-18,2,Meadowbrook Senior Living,P2-U47,55,Resident55 Last55,7311
2025-02-18,2,Meadowbrook Senior Living,P2-U48,56,Resident56 Last56,3751
2025-02-18,2,Meadowbrook Senior Living,P2-U49,57,Resident57 Last57,3429
2025-02-18,2,Meadowbrook Senior Living,P2-U50,,,0
2025-02-18,3,Riverside Retirement Community,P3-U01,58,Resident58 Last58,6334
2025-02-18,3,Riverside Retirement Community,P3-U02,,,0
2025-02-18,3,Riverside Retirement Community,P3-U03,,,0
2025-02-18,3,Riverside Retirement Community,P3-U04,,,0
2025-02-18,3,Riverside Retirement Community,P3-U05,,,0
2025-02-18,3,Riverside Retirement Community,P3-U06,60,Resident60 Last60,4602
2025-02-18,3,Riverside Retirement Community,P3-U07,61,Resident61 Last61,3142
2025-02-18,3,Riverside Retirement Community,P3-U08,62,Resident62 Last62,5599
2025-02-18,3,Riverside Retirement Community,P3-U09,63,Resident63 Last63,4741
2025-02-18,3,Riverside Retirement Community,P3-U10,,,0
2025-02-18,3,Riverside Retirement Community,P3-U11,96,Resident96 Last96,3484
2025-02-18,3,Riverside Retirement Community,P3-U12,,,0
2025-02-18,3,Riverside Retirement Community,P3-U13,,,0
2025-02-18,3,Riverside Retirement Community,P3-U14,64,Resident64 Last64,4016
2025-02-18,3,Riverside Retirement Community,P3-U15,65,Resident65 Last65,5094
2025-02-18,3,Riverside Retirement Community,P3-U16,66,Resident66 Last66,7369
2025-02-18,3,Riverside Retirement Community,P3-U17,,,0
2025-02-18,3,Riverside Retirement Community,P3-U18,,,0
2025-02-18,3,Riverside Retirement Community,P3-U19,,,0
2025-02-18,3,Riverside Retirement Community,P3-U20,,,0
2025-02-18,3,Riverside Retirement Community,P3-U21,,,0
2025-02-18,3,Riverside Retirement Community,P3-U22,71,Resident71 Last71,3684
2025-02-18,3,Riverside Retirement Community,P3-U23,72,Resident72 Last72,3763
2025-02-18,3,Riverside Retirement Community,P3-U24,73,Resident73 Last73,3612
2025-02-18,3,Riverside Retirement Community,P3-U25,74,Resident74 Last74,6679
2025-02-18,3,Riverside Retirement Community,P3-U26,,,0
2025-02-18,3,Riverside Retirement Community,P3-U27,,,0
2025-02-18,3,Riverside Retirement Community,P3-U28,,,0
2025-02-18,3,Riverside Retirement Community,P3-U29,,,0
2025-02-18,3,Riverside Retirement Community,P3-U30,,,0
2025-02-18,3,Riverside Retirement Community,P3-U31,,,0
2025-02-18,3,Riverside Retirement Community,P3-U32,75,Resident75 Last75,6998
2025-02-18,3,Riverside Retirement Community,P3-U33,,,0
2025-02-18,3,Riverside Retirement Community,P3-U34,77,Resident77 Last77,4456
2025-02-18,3,Riverside Retirement Community,P3-U35,,,0
2025-02-18,3,Riverside Retirement Community,P3-U36,78,Resident78 Last78,6502
2025-02-18,3,Riverside Retirement Community,P3-U37,100,Resident100 Last100,6425
2025-02-18,3,Riverside Retirement Community,P3-U38,79,Resident79 Last79,7014
2025-02-18,3,Riverside Retirement Community,P3-U39,80,Resident80 Last80,4317
2025-02-18,3,Riverside Retirement Community,P3-U40,81,Resident81 Last81,5835
2025-02-18,3,Riverside Retirement Community,P3-U41,82,Resident82 Last82,3465
2025-02-18,3,Riverside Retirement Community,P3-U42,83,Resident83 Last83,4381
2025-02-18,3,Riverside Retirement Community,P3-U43,,,0
2025-02-18,3,Riverside Retirement Community,P3-U44,84,Resident84 Last84,6325
2025-02-18,3,Riverside Retirement Community,P3-U45,,,0
2025-02-18,3,Riverside Retirement Community,P3-U46,,,0
2025-02-18,3,Riverside Retirement Community,P3-U47,85,Resident85 Last85,6135
2025-02-18,3,Riverside Retirement Community,P3-U48,86,Resident86 Last86,4208
2025-02-18,3,Riverside Retirement Community,P3-U49,87,Resident87 Last87,4723
2025-02-18,3,Riverside Retirement Community,P3-U50,88,Resident88 Last88,3664
2025-02-19,1,Sunset Gardens,P1-U01,,,0
2025-02-19,1,Sunset Gardens,P1-U02,1,Resident1 Last1,4103
2025-02-19,1,Sunset Gardens,P1-U03,2,Resident2 Last2,4626
2025-02-19,1,Sunset Gardens,P1-U04,,,0
2025-02-19,1,Sunset Gardens,P1-U05,4,Resident4 Last4,4469
2025-02-19,1,Sunset Gardens,P1-U06,,,0
2025-02-19,1,Sunset Gardens,P1-U07,5,Resident5 Last5,6368
2025-02-19,1,Sunset Gardens,P1-U08,6,Resident6 Last6,4726
2025-02-19,1,Sunset Gardens,P1-U09,,,0
2025-02-19,1,Sunset Gardens,P1-U10,8,Resident8 Last8,5207
2025-02-19,1,Sunset Gardens,P1-U11,9,Resident9 Last9,6915
2025-02-19,1,Sunset Gardens,P1-U12,,,0
2025-02-19,1,Sunset Gardens,P1-U13,11,Resident11 Last11,4505
2025-02-19,1,Sunset Gardens,P1-U14,,,0
2025-02-19,1,Sunset Gardens,P1-U15,,,0
2025-02-19,1,Sunset Gardens,P1-U16,,,0
2025-02-19,1,Sunset Gardens,P1-U17,,,0
2025-02-19,1,Sunset Gardens,P1-U18,13,Resident13 Last13,3438
2025-02-19,1,Sunset Gardens,P1-U19,14,Resident14 Last14,5725
2025-02-19,1,Sunset Gardens,P1-U20,,,0
2025-02-19,1,Sunset Gardens,P1-U21,15,Resident15 Last15,7434
2025-02-19,1,Sunset Gardens,P1-U22,,,0
2025-02-19,1,Sunset Gardens,P1-U23,,,0
2025-02-19,1,Sunset Gardens,P1-U24,94,Resident94 Last94,3995
2025-02-19,1,Sunset Gardens,P1-U25,,,0
2025-02-19,1,Sunset Gardens,P1-U26,16,Resident16 Last16,6062
2025-02-19,1,Sunset Gardens,P1-U27,,,0
2025-02-19,1,Sunset Gardens,P1-U28,17,Resident17 Last17,4390
2025-02-19,1,Sunset Gardens,P1-U29,18,Resident18 Last18,3165
2025-02-19,1,Sunset Gardens,P1-U30,91,Resident91 Last91,6743
2025-02-19,1,Sunset Gardens,P1-U31,19,Resident19 Last19,3698
2025-02-19,1,Sunset Gardens,P1-U32,,,0
2025-02-19,1,Sunset Gardens,P1-U33,,,0
2025-02-19,1,Sunset Gardens,P1-U34,97,Resident97 Last97,3693
2025-02-19,1,Sunset Gardens,P1-U35,,,0
2025-02-19,1,Sunset Gardens,P1-U36,,,0
2025-02-19,1,Sunset Gardens,P1-U37,23,Resident23 Last23,7095
2025-02-19,1,Sunset Gardens,P1-U38,24,Resident24 Last24,5319
2025-02-19,1,Sunset Gardens,P1-U39,,,0
2025-02-19,1,Sunset Gardens,P1-U40,25,Resident25 Last25,3203
2025-02-19,1,Sunset Gardens,P1-U41,,,0
2025-02-19,1,Sunset Gardens,P1-U42,,,0
2025-02-19,1,Sunset Gardens,P1-U43,,,0
2025-02-19,1,Sunset Gardens,P1-U44,26,Resident26 Last26,4150
2025-02-19,1,Sunset Gardens,P1-U45,27,Resident27 Last27,3792
2025-02-19,1,Sunset Gardens,P1-U46,28,Resident28 Last28,4656
2025-02-19,1,Sunset Gardens,P1-U47,,,0
2025-02-19,1,Sunset Gardens,P1-U48,92,Resident92 Last92,7230
2025-02-19,1,Sunset Gardens,P1-U49,29,Resident29 Last29,4629
2025-02-19,1,Sunset Gardens,P1-U50,30,Resident30 Last30,6031
2025-02-19,2,Meadowbrook Senior Living,P2-U01,99,Resident99 Last99,6317
2025-02-19,2,Meadowbrook Senior Living,P2-U02,31,Resident31 Last31,3643
2025-02-19,2,Meadowbrook Senior Living,P2-U03,,,0
2025-02-19,2,Meadowbrook Senior Living,P2-U04,,,0
2025-02-19,2,Meadowbrook Senior Living,P2-U05,32,Resident32 Last32,5524
2025-02-19,2,Meadowbrook Senior Living,P2-U06,,,0
2025-02-19,2,Meadowbrook Senior Living,P2-U07,98,Resident98 Last98,5808
2025-02-19,2,Meadowbrook Senior Living,P2-U08,33,Resident33 Last33,7164
2025-02-19,2,Meadowbrook Senior Living,P2-U09,,,0
2025-02-19,2,Meadowbrook Senior Living,P2-U10,,,0
2025-02-19,2,Meadowbrook Senior Living,P2-U11,,,0
2025-02-19,2,Meadowbrook Senior Living,P2-U12,35,Resident35 Last35,5476
2025-02-19,2,Meadowbrook Senior Living,P2-U13,36,Resident36 Last36,4795
2025-02-19,2,Meadowbrook Senior Living,P2-U14,37,Resident37 Last37,6972
2025-02-19,2,Meadowbrook Senior Living,P2-U15,,,0
2025-02-19,2,Meadowbrook Senior Living,P2-U16,38,Resident38 Last38,6144
2025-02-19,2,Meadowbrook Senior Living,P2-U17,39,Resident39 Last39,3646
2025-02-19,2,Meadowbrook Senior Living,P2-U18,40,Resident40 Last40,6397
2025-02-19,2,Meadowbrook Senior Living,P2-U19,,,0
2025-02-19,2,Meadowbrook Senior Living,P2-U20,41,Resident41 Last41,3058
2025-02-19,2,Meadowbrook Senior Living,P2-U21,42,Resident42 Last42,4782
2025-02-19,2,Meadowbrook Senior Living,P2-U22,43,Resident43 Last43,5894
2025-02-19,2,Meadowbrook Senior Living,P2-U23,,,0
2025-02-19,2,Meadowbrook Senior Living,P2-U24,44,Resident44 Last44,7471
2025-02-19,2,Meadowbrook Senior Living,P2-U25,,,0
2025-02-19,2,Meadowbrook Senior Living,P2-U26,,,0
2025-02-19,2,Meadowbrook Senior Living,P2-U27,,,0
2025-02-19,2,Meadowbrook Senior Living,P2-U28,,,0
2025-02-19,2,Meadowbrook Senior Living,P2-U29,,,0
2025-02-19,2,Meadowbrook Senior Living,P2-U30,,,0
2025-02-19,2,Meadowbrook Senior Living,P2-U31,,,0
2025-02-19,2,Meadowbrook Senior Living,P2-U32,95,Resident95 Last95,7376
2025-02-19,2,Meadowbrook Senior Living,P2-U33,,,0
2025-02-19,2,Meadowbrook Senior Living,P2-U34,,,0
2025-02-19,2,Meadowbrook Senior Living,P2-U35,,,0
2025-02-19,2,Meadowbrook Senior Living,P2-U36,,,0
2025-02-19,2,Meadowbrook Senior Living,P2-U37,47,Resident47 Last47,5894
2025-02-19,2,Meadowbrook Senior Living,P2-U38,48,Resident48 Last48,3847
2025-02-19,2,Meadowbrook Senior Living,P2-U39,,,0
2025-02-19,2,Meadowbrook Senior Living,P2-U40,50,Resident50 Last50,5383
2025-02-19,2,Meadowbrook Senior Living,P2-U41,,,0
2025-02-19,2,Meadowbrook Senior Living,P2-U42,51,Resident51 Last51,6956
2025-02-19,2,Meadowbrook Senior Living,P2-U43,,,0
2025-02-19,2,Meadowbrook Senior Living,P2-U44,53,Resident53 Last53,6044
2025-02-19,2,Meadowbrook Senior Living,P2-U45,93,Resident93 Last93,5535
2025-02-19,2,Meadowbrook Senior Living,P2-U46,54,Resident54 Last54,4954
2025-02-19,2,Meadowbrook Senior Living,P2-U47,55,Resident55 Last55,7311
2025-02-19,2,Meadowbrook Senior Living,P2-U48,56,Resident56 Last56,3751
2025-02-19,2,Meadowbrook Senior Living,P2-U49,57,Resident57 Last57,3429
2025-02-19,2,Meadowbrook Senior Living,P2-U50,,,0
2025-02-19,3,Riverside Retirement Community,P3-U01,58,Resident58 Last58,6334
2025-02-19,3,Riverside Retirement Community,P3-U02,,,0
2025-02-19,3,Riverside Retirement Community,P3-U03,,,0
2025-02-19,3,Riverside Retirement Community,P3-U04,,,0
2025-02-19,3,Riverside Retirement Community,P3-U05,,,0
2025-02-19,3,Riverside Retirement Community,P3-U06,60,Resident60 Last60,4602
2025-02-19,3,Riverside Retirement Community,P3-U07,61,Resident61 Last61,3142
2025-02-19,3,Riverside Retirement Community,P3-U08,62,Resident62 Last62,5599
2025-02-19,3,Riverside Retirement Community,P3-U09,63,Resident63 Last63,4741
2025-02-19,3,Riverside Retirement Community,P3-U10,,,0
2025-02-19,3,Riverside Retirement Community,P3-U11,96,Resident96 Last96,3484
2025-02-19,3,Riverside Retirement Community,P3-U12,,,0
2025-02-19,3,Riverside Retirement Community,P3-U13,,,0
2025-02-19,3,Riverside Retirement Community,P3-U14,64,Resident64 Last64,4016
2025-02-19,3,Riverside Retirement Community,P3-U15,65,Resident65 Last65,5094
2025-02-19,3,Riverside Retirement Community,P3-U16,66,Resident66 Last66,7369
2025-02-19,3,Riverside Retirement Community,P3-U17,,,0
2025-02-19,3,Riverside Retirement Community,P3-U18,,,0
2025-02-19,3,Riverside Retirement Community,P3-U19,,,0
2025-02-19,3,Riverside Retirement Community,P3-U20,,,0
2025-02-19,3,Riverside Retirement Community,P3-U21,,,0
2025-02-19,3,Riverside Retirement Community,P3-U22,71,Resident71 Last71,3684
2025-02-19,3,Riverside Retirement Community,P3-U23,72,Resident72 Last72,3763
2025-02-19,3,Riverside Retirement Community,P3-U24,73,Resident73 Last73,3612
2025-02-19,3,Riverside Retirement Community,P3-U25,74,Resident74 Last74,6679
2025-02-19,3,Riverside Retirement Community,P3-U26,,,0
2025-02-19,3,Riverside Retirement Community,P3-U27,,,0
2025-02-19,3,Riverside Retirement Community,P3-U28,,,0
2025-02-19,3,Riverside Retirement Community,P3-U29,,,0
2025-02-19,3,Riverside Retirement Community,P3-U30,,,0
2025-02-19,3,Riverside Retirement Community,P3-U31,,,0
2025-02-19,3,Riverside Retirement Community,P3-U32,75,Resident75 Last75,6998
2025-02-19,3,Riverside Retirement Community,P3-U33,,,0
2025-02-19,3,Riverside Retirement Community,P3-U34,77,Resident77 Last77,4456
2025-02-19,3,Riverside Retirement Community,P3-U35,,,0
2025-02-19,3,Riverside Retirement Community,P3-U36,78,Resident78 Last78,6502
2025-02-19,3,Riverside Retirement Community,P3-U37,100,Resident100 Last100,6425
2025-02-19,3,Riverside Retirement Community,P3-U38,79,Resident79 Last79,7014
2025-02-19,3,Riverside Retirement Community,P3-U39,80,Resident80 Last80,4317
2025-02-19,3,Riverside Retirement Community,P3-U40,81,Resident81 Last81,5835
2025-02-19,3,Riverside Retirement Community,P3-U41,82,Resident82 Last82,3465
2025-02-19,3,Riverside Retirement Community,P3-U42,83,Resident83 Last83,4381
2025-02-19,3,Riverside Retirement Community,P3-U43,,,0
2025-02-19,3,Riverside Retirement Community,P3-U44,84,Resident84 Last84,6325
2025-02-19,3,Riverside Retirement Community,P3-U45,,,0
2025-02-19,3,Riverside Retirement Community,P3-U46,,,0
2025-02-19,3,Riverside Retirement Community,P3-U47,85,Resident85 Last85,6135
2025-02-19,3,Riverside Retirement Community,P3-U48,86,Resident86 Last86,4208
2025-02-19,3,Riverside Retirement Community,P3-U49,87,Resident87 Last87,4723
2025-02-19,3,Riverside Retirement Community,P3-U50,88,Resident88 Last88,3664
2025-02-20,1,Sunset Gardens,P1-U01,,,0
2025-02-20,1,Sunset Gardens,P1-U02,1,Resident1 Last1,4103
2025-02-20,1,Sunset Gardens,P1-U03,2,Resident2 Last2,4626
2025-02-20,1,Sunset Gardens,P1-U04,,,0
2025-02-20,1,Sunset Gardens,P1-U05,4,Resident4 Last4,4469
2025-02-20,1,Sunset Gardens,P1-U06,,,0
2025-02-20,1,Sunset Gardens,P1-U07,5,Resident5 Last5,6368
2025-02-20,1,Sunset Gardens,P1-U08,6,Resident6 Last6,4726
2025-02-20,1,Sunset Gardens,P1-U09,,,0
2025-02-20,1,Sunset Gardens,P1-U10,8,Resident8 Last8,5207
2025-02-20,1,Sunset Gardens,P1-U11,9,Resident9 Last9,6915
2025-02-20,1,Sunset Gardens,P1-U12,,,0
2025-02-20,1,Sunset Gardens,P1-U13,11,Resident11 Last11,4505
2025-02-20,1,Sunset Gardens,P1-U14,,,0
2025-02-20,1,Sunset Gardens,P1-U15,,,0
2025-02-20,1,Sunset Gardens,P1-U16,,,0
2025-02-20,1,Sunset Gardens,P1-U17,,,0
2025-02-20,1,Sunset Gardens,P1-U18,13,Resident13 Last13,3438
2025-02-20,1,Sunset Gardens,P1-U19,14,Resident14 Last14,5725
2025-02-20,1,Sunset Gardens,P1-U20,,,0
2025-02-20,1,Sunset Gardens,P1-U21,15,Resident15 Last15,7434
2025-02-20,1,Sunset Gardens,P1-U22,,,0
2025-02-20,1,Sunset Gardens,P1-U23,,,0
2025-02-20,1,Sunset Gardens,P1-U24,94,Resident94 Last94,3995
2025-02-20,1,Sunset Gardens,P1-U25,,,0
2025-02-20,1,Sunset Gardens,P1-U26,16,Resident16 Last16,6062
2025-02-20,1,Sunset Gardens,P1-U27,,,0
2025-02-20,1,Sunset Gardens,P1-U28,17,Resident17 Last17,4390
2025-02-20,1,Sunset Gardens,P1-U29,18,Resident18 Last18,3165
2025-02-20,1,Sunset Gardens,P1-U30,91,Resident91 Last91,6743
2025-02-20,1,Sunset Gardens,P1-U31,19,Resident19 Last19,3698
2025-02-20,1,Sunset Gardens,P1-U32,,,0
2025-02-20,1,Sunset Gardens,P1-U33,,,0
2025-02-20,1,Sunset Gardens,P1-U34,97,Resident97 Last97,3693
2025-02-20,1,Sunset Gardens,P1-U35,,,0
2025-02-20,1,Sunset Gardens,P1-U36,,,0
2025-02-20,1,Sunset Gardens,P1-U37,23,Resident23 Last23,7095
2025-02-20,1,Sunset Gardens,P1-U38,24,Resident24 Last24,5319
2025-02-20,1,Sunset Gardens,P1-U39,,,0
2025-02-20,1,Sunset Gardens,P1-U40,25,Resident25 Last25,3203
2025-02-20,1,Sunset Gardens,P1-U41,,,0
2025-02-20,1,Sunset Gardens,P1-U42,,,0
2025-02-20,1,Sunset Gardens,P1-U43,,,0
2025-02-20,1,Sunset Gardens,P1-U44,26,Resident26 Last26,4150
2025-02-20,1,Sunset Gardens,P1-U45,27,Resident27 Last27,3792
2025-02-20,1,Sunset Gardens,P1-U46,28,Resident28 Last28,4656
2025-02-20,1,Sunset Gardens,P1-U47,,,0
2025-02-20,1,Sunset Gardens,P1-U48,92,Resident92 Last92,7230
2025-02-20,1,Sunset Gardens,P1-U49,29,Resident29 Last29,4629
2025-02-20,1,Sunset Gardens,P1-U50,30,Resident30 Last30,6031
2025-02-20,2,Meadowbrook Senior Living,P2-U01,99,Resident99 Last99,6317
2025-02-20,2,Meadowbrook Senior Living,P2-U02,31,Resident31 Last31,3643
2025-02-20,2,Meadowbrook Senior Living,P2-U03,,,0
2025-02-20,2,Meadowbrook Senior Living,P2-U04,,,0
2025-02-20,2,Meadowbrook Senior Living,P2-U05,32,Resident32 Last32,5524
2025-02-20,2,Meadowbrook Senior Living,P2-U06,,,0
2025-02-20,2,Meadowbrook Senior Living,P2-U07,98,Resident98 Last98,5808
2025-02-20,2,Meadowbrook Senior Living,P2-U08,33,Resident33 Last33,7164
2025-02-20,2,Meadowbrook Senior Living,P2-U09,,,0
2025-02-20,2,Meadowbrook Senior Living,P2-U10,,,0
2025-02-20,2,Meadowbrook Senior Living,P2-U11,,,0
2025-02-20,2,Meadowbrook Senior Living,P2-U12,35,Resident35 Last35,5476
2025-02-20,2,Meadowbrook Senior Living,P2-U13,36,Resident36 Last36,4795
2025-02-20,2,Meadowbrook Senior Living,P2-U14,37,Resident37 Last37,6972
2025-02-20,2,Meadowbrook Senior Living,P2-U15,,,0
2025-02-20,2,Meadowbrook Senior Living,P2-U16,38,Resident38 Last38,6144
2025-02-20,2,Meadowbrook Senior Living,P2-U17,39,Resident39 Last39,3646
2025-02-20,2,Meadowbrook Senior Living,P2-U18,40,Resident40 Last40,6397
2025-02-20,2,Meadowbrook Senior Living,P2-U19,,,0
2025-02-20,2,Meadowbrook Senior Living,P2-U20,41,Resident41 Last41,3058
2025-02-20,2,Meadowbrook Senior Living,P2-U21,42,Resident42 Last42,4782
2025-02-20,2,Meadowbrook Senior Living,P2-U22,43,Resident43 Last43,5894
2025-02-20,2,Meadowbrook Senior Living,P2-U23,,,0
2025-02-20,2,Meadowbrook Senior Living,P2-U24,44,Resident44 Last44,7471
2025-02-20,2,Meadowbrook Senior Living,P2-U25,,,0
2025-02-20,2,Meadowbrook Senior Living,P2-U26,,,0
2025-02-20,2,Meadowbrook Senior Living,P2-U27,,,0
2025-02-20,2,Meadowbrook Senior Living,P2-U28,,,0
2025-02-20,2,Meadowbrook Senior Living,P2-U29,,,0
2025-02-20,2,Meadowbrook Senior Living,P2-U30,,,0
2025-02-20,2,Meadowbrook Senior Living,P2-U31,,,0
2025-02-20,2,Meadowbrook Senior Living,P2-U32,95,Resident95 Last95,7376
2025-02-20,2,Meadowbrook Senior Living,P2-U33,,,0
2025-02-20,2,Meadowbrook Senior Living,P2-U34,,,0
2025-02-20,2,Meadowbrook Senior Living,P2-U35,,,0
2025-02-20,2,Meadowbrook Senior Living,P2-U36,,,0
2025-02-20,2,Meadowbrook Senior Living,P2-U37,47,Resident47 Last47,5894
2025-02-20,2,Meadowbrook Senior Living,P2-U38,48,Resident48 Last48,3847
2025-02-20,2,Meadowbrook Senior Living,P2-U39,,,0
2025-02-20,2,Meadowbrook Senior Living,P2-U40,50,Resident50 Last50,5383
2025-02-20,2,Meadowbrook Senior Living,P2-U41,,,0
2025-02-20,2,Meadowbrook Senior Living,P2-U42,51,Resident51 Last51,6956
2025-02-20,2,Meadowbrook Senior Living,P2-U43,,,0
2025-02-20,2,Meadowbrook Senior Living,P2-U44,53,Resident53 Last53,6044
2025-02-20,2,Meadowbrook Senior Living,P2-U45,93,Resident93 Last93,5535
2025-02-20,2,Meadowbrook Senior Living,P2-U46,54,Resident54 Last54,4954
2025-02-20,2,Meadowbrook Senior Living,P2-U47,55,Resident55 Last55,7311
2025-02-20,2,Meadowbrook Senior Living,P2-U48,56,Resident56 Last56,3751
2025-02-20,2,Meadowbrook Senior Living,P2-U49,57,Resident57 Last57,3429
2025-02-20,2,Meadowbrook Senior Living,P2-U50,,,0
2025-02-20,3,Riverside Retirement Community,P3-U01,58,Resident58 Last58,6334
2025-02-20,3,Riverside Retirement Community,P3-U02,,,0
2025-02-20,3,Riverside Retirement Community,P3-U03,,,0
2025-02-20,3,Riverside Retirement Community,P3-U04,,,0
2025-02-20,3,Riverside Retirement Community,P3-U05,,,0
2025-02-20,3,Riverside Retirement Community,P3-U06,60,Resident60 Last60,4602
2025-02-20,3,Riverside Retirement Community,P3-U07,61,Resident61 Last61,3142
2025-02-20,3,Riverside Retirement Community,P3-U08,62,Resident62 Last62,5599
2025-02-20,3,Riverside Retirement Community,P3-U09,63,Resident63 Last63,4741
2025-02-20,3,Riverside Retirement Community,P3-U10,,,0
2025-02-20,3,Riverside Retirement Community,P3-U11,96,Resident96 Last96,3484
2025-02-20,3,Riverside Retirement Community,P3-U12,,,0
2025-02-20,3,Riverside Retirement Community,P3-U13,,,0
2025-02-20,3,Riverside Retirement Community,P3-U14,64,Resident64 Last64,4016
2025-02-20,3,Riverside Retirement Community,P3-U15,65,Resident65 Last65,5094
2025-02-20,3,Riverside Retirement Community,P3-U16,66,Resident66 Last66,7369
2025-02-20,3,Riverside Retirement Community,P3-U17,,,0
2025-02-20,3,Riverside Retirement Community,P3-U18,,,0
2025-02-20,3,Riverside Retirement Community,P3-U19,,,0
2025-02-20,3,Riverside Retirement Community,P3-U20,,,0
2025-02-20,3,Riverside Retirement Community,P3-U21,,,0
2025-02-20,3,Riverside Retirement Community,P3-U22,71,Resident71 Last71,3684
2025-02-20,3,Riverside Retirement Community,P3-U23,72,Resident72 Last72,3763
2025-02-20,3,Riverside Retirement Community,P3-U24,73,Resident73 Last73,3612
2025-02-20,3,Riverside Retirement Community,P3-U25,74,Resident74 Last74,6679
2025-02-20,3,Riverside Retirement Community,P3-U26,,,0
2025-02-20,3,Riverside Retirement Community,P3-U27,,,0
2025-02-20,3,Riverside Retirement Community,P3-U28,,,0
2025-02-20,3,Riverside Retirement Community,P3-U29,,,0
2025-02-20,3,Riverside Retirement Community,P3-U30,,,0
2025-02-20,3,Riverside Retirement Community,P3-U31,,,0
2025-02-20,3,Riverside Retirement Community,P3-U32,75,Resident75 Last75,6998
2025-02-20,3,Riverside Retirement Community,P3-U33,,,0
2025-02-20,3,Riverside Retirement Community,P3-U34,77,Resident77 Last77,4456
2025-02-20,3,Riverside Retirement Community,P3-U35,,,0
2025-02-20,3,Riverside Retirement Community,P3-U36,78,Resident78 Last78,6502
2025-02-20,3,Riverside Retirement Community,P3-U37,100,Resident100 Last100,6425
2025-02-20,3,Riverside Retirement Community,P3-U38,79,Resident79 Last79,7014
2025-02-20,3,Riverside Retirement Community,P3-U39,80,Resident80 Last80,4317
2025-02-20,3,Riverside Retirement Community,P3-U40,81,Resident81 Last81,5835
2025-02-20,3,Riverside Retirement Community,P3-U41,82,Resident82 Last82,3465
2025-02-20,3,Riverside Retirement Community,P3-U42,83,Resident83 Last83,4381
2025-02-20,3,Riverside Retirement Community,P3-U43,,,0
2025-02-20,3,Riverside Retirement Community,P3-U44,84,Resident84 Last84,6325
2025-02-20,3,Riverside Retirement Community,P3-U45,,,0
2025-02-20,3,Riverside Retirement Community,P3-U46,,,0
2025-02-20,3,Riverside Retirement Community,P3-U47,85,Resident85 Last85,6135
2025-02-20,3,Riverside Retirement Community,P3-U48,86,Resident86 Last86,4208
2025-02-20,3,Riverside Retirement Community,P3-U49,87,Resident87 Last87,4723
2025-02-20,3,Riverside Retirement Community,P3-U50,88,Resident88 Last88,3664
2025-02-21,1,Sunset Gardens,P1-U01,,,0
2025-02-21,1,Sunset Gardens,P1-U02,1,Resident1 Last1,4103
2025-02-21,1,Sunset Gardens,P1-U03,2,Resident2 Last2,4626
2025-02-21,1,Sunset Gardens,P1-U04,,,0
2025-02-21,1,Sunset Gardens,P1-U05,4,Resident4 Last4,4469
2025-02-21,1,Sunset Gardens,P1-U06,,,0
2025-02-21,1,Sunset Gardens,P1-U07,5,Resident5 Last5,6368
2025-02-21,1,Sunset Gardens,P1-U08,6,Resident6 Last6,4726
2025-02-21,1,Sunset Gardens,P1-U09,,,0
2025-02-21,1,Sunset Gardens,P1-U10,8,Resident8 Last8,5207
2025-02-21,1,Sunset Gardens,P1-U11,9,Resident9 Last9,6915
2025-02-21,1,Sunset Gardens,P1-U12,,,0
2025-02-21,1,Sunset Gardens,P1-U13,11,Resident11 Last11,4505
2025-02-21,1,Sunset Gardens,P1-U14,,,0
2025-02-21,1,Sunset Gardens,P1-U15,,,0
2025-02-21,1,Sunset Gardens,P1-U16,,,0
2025-02-21,1,Sunset Gardens,P1-U17,,,0
2025-02-21,1,Sunset Gardens,P1-U18,13,Resident13 Last13,3438
2025-02-21,1,Sunset Gardens,P1-U19,14,Resident14 Last14,5725
2025-02-21,1,Sunset Gardens,P1-U20,,,0
2025-02-21,1,Sunset Gardens,P1-U21,15,Resident15 Last15,7434
2025-02-21,1,Sunset Gardens,P1-U22,,,0
2025-02-21,1,Sunset Gardens,P1-U23,,,0
2025-02-21,1,Sunset Gardens,P1-U24,94,Resident94 Last94,3995
2025-02-21,1,Sunset Gardens,P1-U25,,,0
2025-02-21,1,Sunset Gardens,P1-U26,16,Resident16 Last16,6062
2025-02-21,1,Sunset Gardens,P1-U27,,,0
2025-02-21,1,Sunset Gardens,P1-U28,17,Resident17 Last17,4390
2025-02-21,1,Sunset Gardens,P1-U29,18,Resident18 Last18,3165
2025-02-21,1,Sunset Gardens,P1-U30,91,Resident91 Last91,6743
2025-02-21,1,Sunset Gardens,P1-U31,19,Resident19 Last19,3698
2025-02-21,1,Sunset Gardens,P1-U32,,,0
2025-02-21,1,Sunset Gardens,P1-U33,,,0
2025-02-21,1,Sunset Gardens,P1-U34,97,Resident97 Last97,3693
2025-02-21,1,Sunset Gardens,P1-U35,,,0
2025-02-21,1,Sunset Gardens,P1-U36,,,0
2025-02-21,1,Sunset Gardens,P1-U37,23,Resident23 Last23,7095
2025-02-21,1,Sunset Gardens,P1-U38,24,Resident24 Last24,5319
2025-02-21,1,Sunset Gardens,P1-U39,,,0
2025-02-21,1,Sunset Gardens,P1-U40,25,Resident25 Last25,3203
2025-02-21,1,Sunset Gardens,P1-U41,,,0
2025-02-21,1,Sunset Gardens,P1-U42,,,0
2025-02-21,1,Sunset Gardens,P1-U43,,,0
2025-02-21,1,Sunset Gardens,P1-U44,26,Resident26 Last26,4150
2025-02-21,1,Sunset Gardens,P1-U45,27,Resident27 Last27,3792
2025-02-21,1,Sunset Gardens,P1-U46,28,Resident28 Last28,4656
2025-02-21,1,Sunset Gardens,P1-U47,,,0
2025-02-21,1,Sunset Gardens,P1-U48,92,Resident92 Last92,7230
2025-02-21,1,Sunset Gardens,P1-U49,29,Resident29 Last29,4629
2025-02-21,1,Sunset Gardens,P1-U50,30,Resident30 Last30,6031
2025-02-21,2,Meadowbrook Senior Living,P2-U01,99,Resident99 Last99,6317
2025-02-21,2,Meadowbrook Senior Living,P2-U02,31,Resident31 Last31,3643
2025-02-21,2,Meadowbrook Senior Living,P2-U03,,,0
2025-02-21,2,Meadowbrook Senior Living,P2-U04,,,0
2025-02-21,2,Meadowbrook Senior Living,P2-U05,32,Resident32 Last32,5524
2025-02-21,2,Meadowbrook Senior Living,P2-U06,,,0
2025-02-21,2,Meadowbrook Senior Living,P2-U07,98,Resident98 Last98,5808
2025-02-21,2,Meadowbrook Senior Living,P2-U08,33,Resident33 Last33,7164
2025-02-21,2,Meadowbrook Senior Living,P2-U09,,,0
2025-02-21,2,Meadowbrook Senior Living,P2-U10,,,0
2025-02-21,2,Meadowbrook Senior Living,P2-U11,,,0
2025-02-21,2,Meadowbrook Senior Living,P2-U12,35,Resident35 Last35,5476
2025-02-21,2,Meadowbrook Senior Living,P2-U13,36,Resident36 Last36,4795
2025-02-21,2,Meadowbrook Senior Living,P2-U14,37,Resident37 Last37,6972
2025-02-21,2,Meadowbrook Senior Living,P2-U15,,,0
2025-02-21,2,Meadowbrook Senior Living,P2-U16,38,Resident38 Last38,6144
2025-02-21,2,Meadowbrook Senior Living,P2-U17,39,Resident39 Last39,3646
2025-02-21,2,Meadowbrook Senior Living,P2-U18,40,Resident40 Last40,6397
2025-02-21,2,Meadowbrook Senior Living,P2-U19,,,0
2025-02-21,2,Meadowbrook Senior Living,P2-U20,41,Resident41 Last41,3058
2025-02-21,2,Meadowbrook Senior Living,P2-U21,42,Resident42 Last42,4782
2025-02-21,2,Meadowbrook Senior Living,P2-U22,43,Resident43 Last43,5894
2025-02-21,2,Meadowbrook Senior Living,P2-U23,,,0
2025-02-21,2,Meadowbrook Senior Living,P2-U24,44,Resident44 Last44,7471
2025-02-21,2,Meadowbrook Senior Living,P2-U25,,,0
2025-02-21,2,Meadowbrook Senior Living,P2-U26,,,0
2025-02-21,2,Meadowbrook Senior Living,P2-U27,,,0
2025-02-21,2,Meadowbrook Senior Living,P2-U28,,,0
2025-02-21,2,Meadowbrook Senior Living,P2-U29,,,0
2025-02-21,2,Meadowbrook Senior Living,P2-U30,,,0
2025-02-21,2,Meadowbrook Senior Living,P2-U31,,,0
2025-02-21,2,Meadowbrook Senior Living,P2-U32,95,Resident95 Last95,7376
2025-02-21,2,Meadowbrook Senior Living,P2-U33,,,0
2025-02-21,2,Meadowbrook Senior Living,P2-U34,,,0
2025-02-21,2,Meadowbrook Senior Living,P2-U35,,,0
2025-02-21,2,Meadowbrook Senior Living,P2-U36,,,0
2025-02-21,2,Meadowbrook Senior Living,P2-U37,47,Resident47 Last47,5894
2025-02-21,2,Meadowbrook Senior Living,P2-U38,48,Resident48 Last48,3847
2025-02-21,2,Meadowbrook Senior Living,P2-U39,,,0
2025-02-21,2,Meadowbrook Senior Living,P2-U40,50,Resident50 Last50,5383
2025-02-21,2,Meadowbrook Senior Living,P2-U41,,,0
2025-02-21,2,Meadowbrook Senior Living,P2-U42,51,Resident51 Last51,6956
2025-02-21,2,Meadowbrook Senior Living,P2-U43,,,0
2025-02-21,2,Meadowbrook Senior Living,P2-U44,53,Resident53 Last53,6044
2025-02-21,2,Meadowbrook Senior Living,P2-U45,93,Resident93 Last93,5535
2025-02-21,2,Meadowbrook Senior Living,P2-U46,54,Resident54 Last54,4954
2025-02-21,2,Meadowbrook Senior Living,P2-U47,55,Resident55 Last55,7311
2025-02-21,2,Meadowbrook Senior Living,P2-U48,56,Resident56 Last56,3751
2025-02-21,2,Meadowbrook Senior Living,P2-U49,57,Resident57 Last57,3429
2025-02-21,2,Meadowbrook Senior Living,P2-U50,,,0
2025-02-21,3,Riverside Retirement Community,P3-U01,58,Resident58 Last58,6334
2025-02-21,3,Riverside Retirement Community,P3-U02,,,0
2025-02-21,3,Riverside Retirement Community,P3-U03,,,0
2025-02-21,3,Riverside Retirement Community,P3-U04,,,0
2025-02-21,3,Riverside Retirement Community,P3-U05,,,0
2025-02-21,3,Riverside Retirement Community,P3-U06,60,Resident60 Last60,4602
2025-02-21,3,Riverside Retirement Community,P3-U07,61,Resident61 Last61,3142
2025-02-21,3,Riverside Retirement Community,P3-U08,62,Resident62 Last62,5599
2025-02-21,3,Riverside Retirement Community,P3-U09,63,Resident63 Last63,4741
2025-02-21,3,Riverside Retirement Community,P3-U10,,,0
2025-02-21,3,Riverside Retirement Community,P3-U11,96,Resident96 Last96,3484
2025-02-21,3,Riverside Retirement Community,P3-U12,,,0
2025-02-21,3,Riverside Retirement Community,P3-U13,,,0
2025-02-21,3,Riverside Retirement Community,P3-U14,64,Resident64 Last64,4016
2025-02-21,3,Riverside Retirement Community,P3-U15,65,Resident65 Last65,5094
2025-02-21,3,Riverside Retirement Community,P3-U16,66,Resident66 Last66,7369
2025-02-21,3,Riverside Retirement Community,P3-U17,,,0
2025-02-21,3,Riverside Retirement Community,P3-U18,,,0
2025-02-21,3,Riverside Retirement Community,P3-U19,,,0
2025-02-21,3,Riverside Retirement Community,P3-U20,,,0
2025-02-21,3,Riverside Retirement Community,P3-U21,,,0
2025-02-21,3,Riverside Retirement Community,P3-U22,71,Resident71 Last71,3684
2025-02-21,3,Riverside Retirement Community,P3-U23,72,Resident72 Last72,3763
2025-02-21,3,Riverside Retirement Community,P3-U24,73,Resident73 Last73,3612
2025-02-21,3,Riverside Retirement Community,P3-U25,74,Resident74 Last74,6679
2025-02-21,3,Riverside Retirement Community,P3-U26,,,0
2025-02-21,3,Riverside Retirement Community,P3-U27,,,0
2025-02-21,3,Riverside Retirement Community,P3-U28,,,0
2025-02-21,3,Riverside Retirement Community,P3-U29,,,0
2025-02-21,3,Riverside Retirement Community,P3-U30,,,0
2025-02-21,3,Riverside Retirement Community,P3-U31,,,0
2025-02-21,3,Riverside Retirement Community,P3-U32,75,Resident75 Last75,6998
2025-02-21,3,Riverside Retirement Community,P3-U33,,,0
2025-02-21,3,Riverside Retirement Community,P3-U34,77,Resident77 Last77,4456
2025-02-21,3,Riverside Retirement Community,P3-U35,,,0
2025-02-21,3,Riverside Retirement Community,P3-U36,78,Resident78 Last78,6502
2025-02-21,3,Riverside Retirement Community,P3-U37,100,Resident100 Last100,6425
2025-02-21,3,Riverside Retirement Community,P3-U38,79,Resident79 Last79,7014
2025-02-21,3,Riverside Retirement Community,P3-U39,80,Resident80 Last80,4317
2025-02-21,3,Riverside Retirement Community,P3-U40,81,Resident81 Last81,5835
2025-02-21,3,Riverside Retirement Community,P3-U41,82,Resident82 Last82,3465
2025-02-21,3,Riverside Retirement Community,P3-U42,83,Resident83 Last83,4381
2025-02-21,3,Riverside Retirement Community,P3-U43,,,0
2025-02-21,3,Riverside Retirement Community,P3-U44,84,Resident84 Last84,6325
2025-02-21,3,Riverside Retirement Community,P3-U45,,,0
2025-02-21,3,Riverside Retirement Community,P3-U46,,,0
2025-02-21,3,Riverside Retirement Community,P3-U47,85,Resident85 Last85,6135
2025-02-21,3,Riverside Retirement Community,P3-U48,86,Resident86 Last86,4208
2025-02-21,3,Riverside Retirement Community,P3-U49,87,Resident87 Last87,4723
2025-02-21,3,Riverside Retirement Community,P3-U50,88,Resident88 Last88,3664
2025-02-22,1,Sunset Gardens,P1-U01,,,0
2025-02-22,1,Sunset Gardens,P1-U02,1,Resident1 Last1,4103
2025-02-22,1,Sunset Gardens,P1-U03,2,Resident2 Last2,4626
2025-02-22,1,Sunset Gardens,P1-U04,,,0
2025-02-22,1,Sunset Gardens,P1-U05,4,Resident4 Last4,4469
2025-02-22,1,Sunset Gardens,P1-U06,,,0
2025-02-22,1,Sunset Gardens,P1-U07,5,Resident5 Last5,6368
2025-02-22,1,Sunset Gardens,P1-U08,6,Resident6 Last6,4726
2025-02-22,1,Sunset Gardens,P1-U09,,,0
2025-02-22,1,Sunset Gardens,P1-U10,8,Resident8 Last8,5207
2025-02-22,1,Sunset Gardens,P1-U11,9,Resident9 Last9,6915
2025-02-22,1,Sunset Gardens,P1-U12,,,0
2025-02-22,1,Sunset Gardens,P1-U13,11,Resident11 Last11,4505
2025-02-22,1,Sunset Gardens,P1-U14,,,0
2025-02-22,1,Sunset Gardens,P1-U15,,,0
2025-02-22,1,Sunset Gardens,P1-U16,,,0
2025-02-22,1,Sunset Gardens,P1-U17,,,0
2025-02-22,1,Sunset Gardens,P1-U18,13,Resident13 Last13,3438
2025-02-22,1,Sunset Gardens,P1-U19,14,Resident14 Last14,5725
2025-02-22,1,Sunset Gardens,P1-U20,,,0
2025-02-22,1,Sunset Gardens,P1-U21,15,Resident15 Last15,7434
2025-02-22,1,Sunset Gardens,P1-U22,,,0
2025-02-22,1,Sunset Gardens,P1-U23,,,0
2025-02-22,1,Sunset Gardens,P1-U24,94,Resident94 Last94,3995
2025-02-22,1,Sunset Gardens,P1-U25,,,0
2025-02-22,1,Sunset Gardens,P1-U26,16,Resident16 Last16,6062
2025-02-22,1,Sunset Gardens,P1-U27,,,0
2025-02-22,1,Sunset Gardens,P1-U28,17,Resident17 Last17,4390
2025-02-22,1,Sunset Gardens,P1-U29,18,Resident18 Last18,3165
2025-02-22,1,Sunset Gardens,P1-U30,91,Resident91 Last91,6743
2025-02-22,1,Sunset Gardens,P1-U31,19,Resident19 Last19,3698
2025-02-22,1,Sunset Gardens,P1-U32,,,0
2025-02-22,1,Sunset Gardens,P1-U33,,,0
2025-02-22,1,Sunset Gardens,P1-U34,97,Resident97 Last97,3693
2025-02-22,1,Sunset Gardens,P1-U35,,,0
2025-02-22,1,Sunset Gardens,P1-U36,,,0
2025-02-22,1,Sunset Gardens,P1-U37,23,Resident23 Last23,7095
2025-02-22,1,Sunset Gardens,P1-U38,24,Resident24 Last24,5319
2025-02-22,1,Sunset Gardens,P1-U39,,,0
2025-02-22,1,Sunset Gardens,P1-U40,25,Resident25 Last25,3203
2025-02-22,1,Sunset Gardens,P1-U41,,,0
2025-02-22,1,Sunset Gardens,P1-U42,,,0
2025-02-22,1,Sunset Gardens,P1-U43,,,0
2025-02-22,1,Sunset Gardens,P1-U44,26,Resident26 Last26,4150
2025-02-22,1,Sunset Gardens,P1-U45,27,Resident27 Last27,3792
2025-02-22,1,Sunset Gardens,P1-U46,28,Resident28 Last28,4656
2025-02-22,1,Sunset Gardens,P1-U47,,,0
2025-02-22,1,Sunset Gardens,P1-U48,92,Resident92 Last92,7230
2025-02-22,1,Sunset Gardens,P1-U49,29,Resident29 Last29,4629
2025-02-22,1,Sunset Gardens,P1-U50,30,Resident30 Last30,6031
2025-02-22,2,Meadowbrook Senior Living,P2-U01,99,Resident99 Last99,6317
2025-02-22,2,Meadowbrook Senior Living,P2-U02,31,Resident31 Last31,3643
2025-02-22,2,Meadowbrook Senior Living,P2-U03,,,0
2025-02-22,2,Meadowbrook Senior Living,P2-U04,,,0
2025-02-22,2,Meadowbrook Senior Living,P2-U05,32,Resident32 Last32,5524
2025-02-22,2,Meadowbrook Senior Living,P2-U06,,,0
2025-02-22,2,Meadowbrook Senior Living,P2-U07,98,Resident98 Last98,5808
2025-02-22,2,Meadowbrook Senior Living,P2-U08,33,Resident33 Last33,7164
2025-02-22,2,Meadowbrook Senior Living,P2-U09,,,0
2025-02-22,2,Meadowbrook Senior Living,P2-U10,,,0
2025-02-22,2,Meadowbrook Senior Living,P2-U11,,,0
2025-02-22,2,Meadowbrook Senior Living,P2-U12,35,Resident35 Last35,5476
2025-02-22,2,Meadowbrook Senior Living,P2-U13,36,Resident36 Last36,4795
2025-02-22,2,Meadowbrook Senior Living,P2-U14,37,Resident37 Last37,6972
2025-02-22,2,Meadowbrook Senior Living,P2-U15,,,0
2025-02-22,2,Meadowbrook Senior Living,P2-U16,38,Resident38 Last38,6144
2025-02-22,2,Meadowbrook Senior Living,P2-U17,39,Resident39 Last39,3646
2025-02-22,2,Meadowbrook Senior Living,P2-U18,40,Resident40 Last40,6397
2025-02-22,2,Meadowbrook Senior Living,P2-U19,,,0
2025-02-22,2,Meadowbrook Senior Living,P2-U20,41,Resident41 Last41,3058
2025-02-22,2,Meadowbrook Senior Living,P2-U21,42,Resident42 Last42,4782
2025-02-22,2,Meadowbrook Senior Living,P2-U22,43,Resident43 Last43,5894
2025-02-22,2,Meadowbrook Senior Living,P2-U23,,,0
2025-02-22,2,Meadowbrook Senior Living,P2-U24,44,Resident44 Last44,7471
2025-02-22,2,Meadowbrook Senior Living,P2-U25,,,0
2025-02-22,2,Meadowbrook Senior Living,P2-U26,,,0
2025-02-22,2,Meadowbrook Senior Living,P2-U27,,,0
2025-02-22,2,Meadowbrook Senior Living,P2-U28,,,0
2025-02-22,2,Meadowbrook Senior Living,P2-U29,,,0
2025-02-22,2,Meadowbrook Senior Living,P2-U30,,,0
2025-02-22,2,Meadowbrook Senior Living,P2-U31,,,0
2025-02-22,2,Meadowbrook Senior Living,P2-U32,95,Resident95 Last95,7376
2025-02-22,2,Meadowbrook Senior Living,P2-U33,,,0
2025-02-22,2,Meadowbrook Senior Living,P2-U34,,,0
2025-02-22,2,Meadowbrook Senior Living,P2-U35,,,0
2025-02-22,2,Meadowbrook Senior Living,P2-U36,,,0
2025-02-22,2,Meadowbrook Senior Living,P2-U37,47,Resident47 Last47,5894
2025-02-22,2,Meadowbrook Senior Living,P2-U38,48,Resident48 Last48,3847
2025-02-22,2,Meadowbrook Senior Living,P2-U39,,,0
2025-02-22,2,Meadowbrook Senior Living,P2-U40,50,Resident50 Last50,5383
2025-02-22,2,Meadowbrook Senior Living,P2-U41,,,0
2025-02-22,2,Meadowbrook Senior Living,P2-U42,51,Resident51 Last51,6956
2025-02-22,2,Meadowbrook Senior Living,P2-U43,,,0
2025-02-22,2,Meadowbrook Senior Living,P2-U44,53,Resident53 Last53,6044
2025-02-22,2,Meadowbrook Senior Living,P2-U45,93,Resident93 Last93,5535
2025-02-22,2,Meadowbrook Senior Living,P2-U46,54,Resident54 Last54,4954
2025-02-22,2,Meadowbrook Senior Living,P2-U47,55,Resident55 Last55,7311
2025-02-22,2,Meadowbrook Senior Living,P2-U48,56,Resident56 Last56,3751
2025-02-22,2,Meadowbrook Senior Living,P2-U49,57,Resident57 Last57,3429
2025-02-22,2,Meadowbrook Senior Living,P2-U50,,,0
2025-02-22,3,Riverside Retirement Community,P3-U01,58,Resident58 Last58,6334
2025-02-22,3,Riverside Retirement Community,P3-U02,,,0
2025-02-22,3,Riverside Retirement Community,P3-U03,,,0
2025-02-22,3,Riverside Retirement Community,P3-U04,,,0
2025-02-22,3,Riverside Retirement Community,P3-U05,,,0
2025-02-22,3,Riverside Retirement Community,P3-U06,60,Resident60 Last60,4602
2025-02-22,3,Riverside Retirement Community,P3-U07,61,Resident61 Last61,3142
2025-02-22,3,Riverside Retirement Community,P3-U08,62,Resident62 Last62,5599
2025-02-22,3,Riverside Retirement Community,P3-U09,63,Resident63 Last63,4741
2025-02-22,3,Riverside Retirement Community,P3-U10,,,0
2025-02-22,3,Riverside Retirement Community,P3-U11,96,Resident96 Last96,3484
2025-02-22,3,Riverside Retirement Community,P3-U12,,,0
2025-02-22,3,Riverside Retirement Community,P3-U13,,,0
2025-02-22,3,Riverside Retirement Community,P3-U14,64,Resident64 Last64,4016
2025-02-22,3,Riverside Retirement Community,P3-U15,65,Resident65 Last65,5094
2025-02-22,3,Riverside Retirement Community,P3-U16,66,Resident66 Last66,7369
2025-02-22,3,Riverside Retirement Community,P3-U17,,,0
2025-02-22,3,Riverside Retirement Community,P3-U18,,,0
2025-02-22,3,Riverside Retirement Community,P3-U19,,,0
2025-02-22,3,Riverside Retirement Community,P3-U20,,,0
2025-02-22,3,Riverside Retirement Community,P3-U21,,,0
2025-02-22,3,Riverside Retirement Community,P3-U22,71,Resident71 Last71,3684
2025-02-22,3,Riverside Retirement Community,P3-U23,72,Resident72 Last72,3763
2025-02-22,3,Riverside Retirement Community,P3-U24,73,Resident73 Last73,3612
2025-02-22,3,Riverside Retirement Community,P3-U25,74,Resident74 Last74,6679
2025-02-22,3,Riverside Retirement Community,P3-U26,,,0
2025-02-22,3,Riverside Retirement Community,P3-U27,,,0
2025-02-22,3,Riverside Retirement Community,P3-U28,,,0
2025-02-22,3,Riverside Retirement Community,P3-U29,,,0
2025-02-22,3,Riverside Retirement Community,P3-U30,,,0
2025-02-22,3,Riverside Retirement Community,P3-U31,,,0
2025-02-22,3,Riverside Retirement Community,P3-U32,75,Resident75 Last75,6998
2025-02-22,3,Riverside Retirement Community,P3-U33,,,0
2025-02-22,3,Riverside Retirement Community,P3-U34,77,Resident77 Last77,4456
2025-02-22,3,Riverside Retirement Community,P3-U35,,,0
2025-02-22,3,Riverside Retirement Community,P3-U36,78,Resident78 Last78,6502
2025-02-22,3,Riverside Retirement Community,P3-U37,100,Resident100 Last100,6425
2025-02-22,3,Riverside Retirement Community,P3-U38,79,Resident79 Last79,7014
2025-02-22,3,Riverside Retirement Community,P3-U39,80,Resident80 Last80,4317
2025-02-22,3,Riverside Retirement Community,P3-U40,81,Resident81 Last81,5835
2025-02-22,3,Riverside Retirement Community,P3-U41,82,Resident82 Last82,3465
2025-02-22,3,Riverside Retirement Community,P3-U42,83,Resident83 Last83,4381
2025-02-22,3,Riverside Retirement Community,P3-U43,,,0
2025-02-22,3,Riverside Retirement Community,P3-U44,84,Resident84 Last84,6325
2025-02-22,3,Riverside Retirement Community,P3-U45,,,0
2025-02-22,3,Riverside Retirement Community,P3-U46,,,0
2025-02-22,3,Riverside Retirement Community,P3-U47,85,Resident85 Last85,6135
2025-02-22,3,Riverside Retirement Community,P3-U48,86,Resident86 Last86,4208
2025-02-22,3,Riverside Retirement Community,P3-U49,87,Resident87 Last87,4723
2025-02-22,3,Riverside Retirement Community,P3-U50,88,Resident88 Last88,3664
2025-02-23,1,Sunset Gardens,P1-U01,,,0
2025-02-23,1,Sunset Gardens,P1-U02,1,Resident1 Last1,4103
2025-02-23,1,Sunset Gardens,P1-U03,2,Resident2 Last2,4626
2025-02-23,1,Sunset Gardens,P1-U04,,,0
2025-02-23,1,Sunset Gardens,P1-U05,4,Resident4 Last4,4469
2025-02-23,1,Sunset Gardens,P1-U06,,,0
2025-02-23,1,Sunset Gardens,P1-U07,5,Resident5 Last5,6368
2025-02-23,1,Sunset Gardens,P1-U08,6,Resident6 Last6,4726
2025-02-23,1,Sunset Gardens,P1-U09,,,0
2025-02-23,1,Sunset Gardens,P1-U10,8,Resident8 Last8,5207
2025-02-23,1,Sunset Gardens,P1-U11,9,Resident9 Last9,6915
2025-02-23,1,Sunset Gardens,P1-U12,,,0
2025-02-23,1,Sunset Gardens,P1-U13,11,Resident11 Last11,4505
2025-02-23,1,Sunset Gardens,P1-U14,,,0
2025-02-23,1,Sunset Gardens,P1-U15,,,0
2025-02-23,1,Sunset Gardens,P1-U16,,,0
2025-02-23,1,Sunset Gardens,P1-U17,,,0
2025-02-23,1,Sunset Gardens,P1-U18,13,Resident13 Last13,3438
2025-02-23,1,Sunset Gardens,P1-U19,14,Resident14 Last14,5725
2025-02-23,1,Sunset Gardens,P1-U20,,,0
2025-02-23,1,Sunset Gardens,P1-U21,15,Resident15 Last15,7434
2025-02-23,1,Sunset Gardens,P1-U22,,,0
2025-02-23,1,Sunset Gardens,P1-U23,,,0
2025-02-23,1,Sunset Gardens,P1-U24,94,Resident94 Last94,3995
2025-02-23,1,Sunset Gardens,P1-U25,,,0
2025-02-23,1,Sunset Gardens,P1-U26,16,Resident16 Last16,6062
2025-02-23,1,Sunset Gardens,P1-U27,,,0
2025-02-23,1,Sunset Gardens,P1-U28,17,Resident17 Last17,4390
2025-02-23,1,Sunset Gardens,P1-U29,18,Resident18 Last18,3165
2025-02-23,1,Sunset Gardens,P1-U30,91,Resident91 Last91,6743
2025-02-23,1,Sunset Gardens,P1-U31,19,Resident19 Last19,3698
2025-02-23,1,Sunset Gardens,P1-U32,,,0
2025-02-23,1,Sunset Gardens,P1-U33,,,0
2025-02-23,1,Sunset Gardens,P1-U34,97,Resident97 Last97,3693
2025-02-23,1,Sunset Gardens,P1-U35,,,0
2025-02-23,1,Sunset Gardens,P1-U36,,,0
2025-02-23,1,Sunset Gardens,P1-U37,23,Resident23 Last23,7095
2025-02-23,1,Sunset Gardens,P1-U38,24,Resident24 Last24,5319
2025-02-23,1,Sunset Gardens,P1-U39,,,0
2025-02-23,1,Sunset Gardens,P1-U40,25,Resident25 Last25,3203
2025-02-23,1,Sunset Gardens,P1-U41,,,0
2025-02-23,1,Sunset Gardens,P1-U42,,,0
2025-02-23,1,Sunset Gardens,P1-U43,,,0
2025-02-23,1,Sunset Gardens,P1-U44,26,Resident26 Last26,4150
2025-02-23,1,Sunset Gardens,P1-U45,27,Resident27 Last27,3792
2025-02-23,1,Sunset Gardens,P1-U46,28,Resident28 Last28,4656
2025-02-23,1,Sunset Gardens,P1-U47,,,0
2025-02-23,1,Sunset Gardens,P1-U48,92,Resident92 Last92,7230
2025-02-23,1,Sunset Gardens,P1-U49,29,Resident29 Last29,4629
2025-02-23,1,Sunset Gardens,P1-U50,30,Resident30 Last30,6031
2025-02-23,2,Meadowbrook Senior Living,P2-U01,99,Resident99 Last99,6317
2025-02-23,2,Meadowbrook Senior Living,P2-U02,31,Resident31 Last31,3643
2025-02-23,2,Meadowbrook Senior Living,P2-U03,,,0
2025-02-23,2,Meadowbrook Senior Living,P2-U04,,,0
2025-02-23,2,Meadowbrook Senior Living,P2-U05,32,Resident32 Last32,5524
2025-02-23,2,Meadowbrook Senior Living,P2-U06,,,0
2025-02-23,2,Meadowbrook Senior Living,P2-U07,98,Resident98 Last98,5808
2025-02-23,2,Meadowbrook Senior Living,P2-U08,33,Resident33 Last33,7164
2025-02-23,2,Meadowbrook Senior Living,P2-U09,,,0
2025-02-23,2,Meadowbrook Senior Living,P2-U10,,,0
2025-02-23,2,Meadowbrook Senior Living,P2-U11,,,0
2025-02-23,2,Meadowbrook Senior Living,P2-U12,35,Resident35 Last35,5476
2025-02-23,2,Meadowbrook Senior Living,P2-U13,36,Resident36 Last36,4795
2025-02-23,2,Meadowbrook Senior Living,P2-U14,37,Resident37 Last37,6972
2025-02-23,2,Meadowbrook Senior Living,P2-U15,,,0
2025-02-23,2,Meadowbrook Senior Living,P2-U16,38,Resident38 Last38,6144
2025-02-23,2,Meadowbrook Senior Living,P2-U17,39,Resident39 Last39,3646
2025-02-23,2,Meadowbrook Senior Living,P2-U18,40,Resident40 Last40,6397
2025-02-23,2,Meadowbrook Senior Living,P2-U19,,,0
2025-02-23,2,Meadowbrook Senior Living,P2-U20,41,Resident41 Last41,3058
2025-02-23,2,Meadowbrook Senior Living,P2-U21,42,Resident42 Last42,4782
2025-02-23,2,Meadowbrook Senior Living,P2-U22,43,Resident43 Last43,5894
2025-02-23,2,Meadowbrook Senior Living,P2-U23,,,0
2025-02-23,2,Meadowbrook Senior Living,P2-U24,44,Resident44 Last44,7471
2025-02-23,2,Meadowbrook Senior Living,P2-U25,,,0
2025-02-23,2,Meadowbrook Senior Living,P2-U26,,,0
2025-02-23,2,Meadowbrook Senior Living,P2-U27,,,0
2025-02-23,2,Meadowbrook Senior Living,P2-U28,,,0
2025-02-23,2,Meadowbrook Senior Living,P2-U29,,,0
2025-02-23,2,Meadowbrook Senior Living,P2-U30,,,0
2025-02-23,2,Meadowbrook Senior Living,P2-U31,,,0
2025-02-23,2,Meadowbrook Senior Living,P2-U32,95,Resident95 Last95,7376
2025-02-23,2,Meadowbrook Senior Living,P2-U33,,,0
2025-02-23,2,Meadowbrook Senior Living,P2-U34,,,0
2025-02-23,2,Meadowbrook Senior Living,P2-U35,,,0
2025-02-23,2,Meadowbrook Senior Living,P2-U36,,,0
2025-02-23,2,Meadowbrook Senior Living,P2-U37,47,Resident47 Last47,5894
2025-02-23,2,Meadowbrook Senior Living,P2-U38,48,Resident48 Last48,3847
2025-02-23,2,Meadowbrook Senior Living,P2-U39,,,0
2025-02-23,2,Meadowbrook Senior Living,P2-U40,50,Resident50 Last50,5383
2025-02-23,2,Meadowbrook Senior Living,P2-U41,,,0
2025-02-23,2,Meadowbrook Senior Living,P2-U42,51,Resident51 Last51,6956
2025-02-23,2,Meadowbrook Senior Living,P2-U43,,,0
2025-02-23,2,Meadowbrook Senior Living,P2-U44,53,Resident53 Last53,6044
2025-02-23,2,Meadowbrook Senior Living,P2-U45,93,Resident93 Last93,5535
2025-02-23,2,Meadowbrook Senior Living,P2-U46,54,Resident54 Last54,4954
2025-02-23,2,Meadowbrook Senior Living,P2-U47,55,Resident55 Last55,7311
2025-02-23,2,Meadowbrook Senior Living,P2-U48,56,Resident56 Last56,3751
2025-02-23,2,Meadowbrook Senior Living,P2-U49,57,Resident57 Last57,3429
2025-02-23,2,Meadowbrook Senior Living,P2-U50,,,0
2025-02-23,3,Riverside Retirement Community,P3-U01,58,Resident58 Last58,6334
2025-02-23,3,Riverside Retirement Community,P3-U02,,,0
2025-02-23,3,Riverside Retirement Community,P3-U03,,,0
2025-02-23,3,Riverside Retirement Community,P3-U04,,,0
2025-02-23,3,Riverside Retirement Community,P3-U05,,,0
2025-02-23,3,Riverside Retirement Community,P3-U06,60,Resident60 Last60,4602
2025-02-23,3,Riverside Retirement Community,P3-U07,61,Resident61 Last61,3142
2025-02-23,3,Riverside Retirement Community,P3-U08,62,Resident62 Last62,5599
2025-02-23,3,Riverside Retirement Community,P3-U09,63,Resident63 Last63,4741
2025-02-23,3,Riverside Retirement Community,P3-U10,,,0
2025-02-23,3,Riverside Retirement Community,P3-U11,96,Resident96 Last96,3484
2025-02-23,3,Riverside Retirement Community,P3-U12,,,0
2025-02-23,3,Riverside Retirement Community,P3-U13,,,0
2025-02-23,3,Riverside Retirement Community,P3-U14,64,Resident64 Last64,4016
2025-02-23,3,Riverside Retirement Community,P3-U15,65,Resident65 Last65,5094
2025-02-23,3,Riverside Retirement Community,P3-U16,66,Resident66 Last66,7369
2025-02-23,3,Riverside Retirement Community,P3-U17,,,0
2025-02-23,3,Riverside Retirement Community,P3-U18,,,0
2025-02-23,3,Riverside Retirement Community,P3-U19,,,0
2025-02-23,3,Riverside Retirement Community,P3-U20,,,0
2025-02-23,3,Riverside Retirement Community,P3-U21,,,0
2025-02-23,3,Riverside Retirement Community,P3-U22,71,Resident71 Last71,3684
2025-02-23,3,Riverside Retirement Community,P3-U23,72,Resident72 Last72,3763
2025-02-23,3,Riverside Retirement Community,P3-U24,73,Resident73 Last73,3612
2025-02-23,3,Riverside Retirement Community,P3-U25,74,Resident74 Last74,6679
2025-02-23,3,Riverside Retirement Community,P3-U26,,,0
2025-02-23,3,Riverside Retirement Community,P3-U27,,,0
2025-02-23,3,Riverside Retirement Community,P3-U28,,,0
2025-02-23,3,Riverside Retirement Community,P3-U29,,,0
2025-02-23,3,Riverside Retirement Community,P3-U30,,,0
2025-02-23,3,Riverside Retirement Community,P3-U31,,,0
2025-02-23,3,Riverside Retirement Community,P3-U32,75,Resident75 Last75,6998
2025-02-23,3,Riverside Retirement Community,P3-U33,,,0
2025-02-23,3,Riverside Retirement Community,P3-U34,77,Resident77 Last77,4456
2025-02-23,3,Riverside Retirement Community,P3-U35,,,0
2025-02-23,3,Riverside Retirement Community,P3-U36,78,Resident78 Last78,6502
2025-02-23,3,Riverside Retirement Community,P3-U37,100,Resident100 Last100,6425
2025-02-23,3,Riverside Retirement Community,P3-U38,79,Resident79 Last79,7014
2025-02-23,3,Riverside Retirement Community,P3-U39,80,Resident80 Last80,4317
2025-02-23,3,Riverside Retirement Community,P3-U40,81,Resident81 Last81,5835
2025-02-23,3,Riverside Retirement Community,P3-U41,82,Resident82 Last82,3465
2025-02-23,3,Riverside Retirement Community,P3-U42,83,Resident83 Last83,4381
2025-02-23,3,Riverside Retirement Community,P3-U43,,,0
2025-02-23,3,Riverside Retirement Community,P3-U44,84,Resident84 Last84,6325
2025-02-23,3,Riverside Retirement Community,P3-U45,,,0
2025-02-23,3,Riverside Retirement Community,P3-U46,,,0
2025-02-23,3,Riverside Retirement Community,P3-U47,85,Resident85 Last85,6135
2025-02-23,3,Riverside Retirement Community,P3-U48,86,Resident86 Last86,4208
2025-02-23,3,Riverside Retirement Community,P3-U49,87,Resident87 Last87,4723
2025-02-23,3,Riverside Retirement Community,P3-U50,88,Resident88 Last88,3664
2025-02-24,1,Sunset Gardens,P1-U01,,,0
2025-02-24,1,Sunset Gardens,P1-U02,1,Resident1 Last1,4103
2025-02-24,1,Sunset Gardens,P1-U03,2,Resident2 Last2,4626
2025-02-24,1,Sunset Gardens,P1-U04,,,0
2025-02-24,1,Sunset Gardens,P1-U05,4,Resident4 Last4,4469
2025-02-24,1,Sunset Gardens,P1-U06,,,0
2025-02-24,1,Sunset Gardens,P1-U07,5,Resident5 Last5,6368
2025-02-24,1,Sunset Gardens,P1-U08,6,Resident6 Last6,4726
2025-02-24,1,Sunset Gardens,P1-U09,,,0
2025-02-24,1,Sunset Gardens,P1-U10,8,Resident8 Last8,5207
2025-02-24,1,Sunset Gardens,P1-U11,9,Resident9 Last9,6915
2025-02-24,1,Sunset Gardens,P1-U12,,,0
2025-02-24,1,Sunset Gardens,P1-U13,11,Resident11 Last11,4505
2025-02-24,1,Sunset Gardens,P1-U14,,,0
2025-02-24,1,Sunset Gardens,P1-U15,,,0
2025-02-24,1,Sunset Gardens,P1-U16,,,0
2025-02-24,1,Sunset Gardens,P1-U17,,,0
2025-02-24,1,Sunset Gardens,P1-U18,13,Resident13 Last13,3438
2025-02-24,1,Sunset Gardens,P1-U19,14,Resident14 Last14,5725
2025-02-24,1,Sunset Gardens,P1-U20,,,0
2025-02-24,1,Sunset Gardens,P1-U21,15,Resident15 Last15,7434
2025-02-24,1,Sunset Gardens,P1-U22,,,0
2025-02-24,1,Sunset Gardens,P1-U23,,,0
2025-02-24,1,Sunset Gardens,P1-U24,94,Resident94 Last94,3995
2025-02-24,1,Sunset Gardens,P1-U25,,,0
2025-02-24,1,Sunset Gardens,P1-U26,16,Resident16 Last16,6062
2025-02-24,1,Sunset Gardens,P1-U27,,,0
2025-02-24,1,Sunset Gardens,P1-U28,17,Resident17 Last17,4390
2025-02-24,1,Sunset Gardens,P1-U29,18,Resident18 Last18,3165
2025-02-24,1,Sunset Gardens,P1-U30,91,Resident91 Last91,6743
2025-02-24,1,Sunset Gardens,P1-U31,19,Resident19 Last19,3698
2025-02-24,1,Sunset Gardens,P1-U32,,,0
2025-02-24,1,Sunset Gardens,P1-U33,,,0
2025-02-24,1,Sunset Gardens,P1-U34,97,Resident97 Last97,3693
2025-02-24,1,Sunset Gardens,P1-U35,,,0
2025-02-24,1,Sunset Gardens,P1-U36,,,0
2025-02-24,1,Sunset Gardens,P1-U37,23,Resident23 Last23,7095
2025-02-24,1,Sunset Gardens,P1-U38,24,Resident24 Last24,5319
2025-02-24,1,Sunset Gardens,P1-U39,,,0
2025-02-24,1,Sunset Gardens,P1-U40,25,Resident25 Last25,3203
2025-02-24,1,Sunset Gardens,P1-U41,,,0
2025-02-24,1,Sunset Gardens,P1-U42,,,0
2025-02-24,1,Sunset Gardens,P1-U43,,,0
2025-02-24,1,Sunset Gardens,P1-U44,26,Resident26 Last26,4150
2025-02-24,1,Sunset Gardens,P1-U45,27,Resident27 Last27,3792
2025-02-24,1,Sunset Gardens,P1-U46,28,Resident28 Last28,4656
2025-02-24,1,Sunset Gardens,P1-U47,,,0
2025-02-24,1,Sunset Gardens,P1-U48,92,Resident92 Last92,7230
2025-02-24,1,Sunset Gardens,P1-U49,29,Resident29 Last29,4629
2025-02-24,1,Sunset Gardens,P1-U50,30,Resident30 Last30,6031
2025-02-24,2,Meadowbrook Senior Living,P2-U01,99,Resident99 Last99,6317
2025-02-24,2,Meadowbrook Senior Living,P2-U02,31,Resident31 Last31,3643
2025-02-24,2,Meadowbrook Senior Living,P2-U03,,,0
2025-02-24,2,Meadowbrook Senior Living,P2-U04,,,0
2025-02-24,2,Meadowbrook Senior Living,P2-U05,32,Resident32 Last32,5524
2025-02-24,2,Meadowbrook Senior Living,P2-U06,,,0
2025-02-24,2,Meadowbrook Senior Living,P2-U07,98,Resident98 Last98,5808
2025-02-24,2,Meadowbrook Senior Living,P2-U08,33,Resident33 Last33,7164
2025-02-24,2,Meadowbrook Senior Living,P2-U09,,,0
2025-02-24,2,Meadowbrook Senior Living,P2-U10,,,0
2025-02-24,2,Meadowbrook Senior Living,P2-U11,,,0
2025-02-24,2,Meadowbrook Senior Living,P2-U12,35,Resident35 Last35,5476
2025-02-24,2,Meadowbrook Senior Living,P2-U13,36,Resident36 Last36,4795
2025-02-24,2,Meadowbrook Senior Living,P2-U14,37,Resident37 Last37,6972
2025-02-24,2,Meadowbrook Senior Living,P2-U15,,,0
2025-02-24,2,Meadowbrook Senior Living,P2-U16,38,Resident38 Last38,6144
2025-02-24,2,Meadowbrook Senior Living,P2-U17,39,Resident39 Last39,3646
2025-02-24,2,Meadowbrook Senior Living,P2-U18,40,Resident40 Last40,6397
2025-02-24,2,Meadowbrook Senior Living,P2-U19,,,0
2025-02-24,2,Meadowbrook Senior Living,P2-U20,41,Resident41 Last41,3058
2025-02-24,2,Meadowbrook Senior Living,P2-U21,42,Resident42 Last42,4782
2025-02-24,2,Meadowbrook Senior Living,P2-U22,43,Resident43 Last43,5894
2025-02-24,2,Meadowbrook Senior Living,P2-U23,,,0
2025-02-24,2,Meadowbrook Senior Living,P2-U24,44,Resident44 Last44,7471
2025-02-24,2,Meadowbrook Senior Living,P2-U25,,,0
2025-02-24,2,Meadowbrook Senior Living,P2-U26,,,0
2025-02-24,2,Meadowbrook Senior Living,P2-U27,,,0
2025-02-24,2,Meadowbrook Senior Living,P2-U28,,,0
2025-02-24,2,Meadowbrook Senior Living,P2-U29,,,0
2025-02-24,2,Meadowbrook Senior Living,P2-U30,,,0
2025-02-24,2,Meadowbrook Senior Living,P2-U31,,,0
2025-02-24,2,Meadowbrook Senior Living,P2-U32,95,Resident95 Last95,7376
2025-02-24,2,Meadowbrook Senior Living,P2-U33,,,0
2025-02-24,2,Meadowbrook Senior Living,P2-U34,,,0
2025-02-24,2,Meadowbrook Senior Living,P2-U35,,,0
2025-02-24,2,Meadowbrook Senior Living,P2-U36,,,0
2025-02-24,2,Meadowbrook Senior Living,P2-U37,47,Resident47 Last47,5894
2025-02-24,2,Meadowbrook Senior Living,P2-U38,48,Resident48 Last48,3847
2025-02-24,2,Meadowbrook Senior Living,P2-U39,,,0
2025-02-24,2,Meadowbrook Senior Living,P2-U40,50,Resident50 Last50,5383
2025-02-24,2,Meadowbrook Senior Living,P2-U41,,,0
2025-02-24,2,Meadowbrook Senior Living,P2-U42,51,Resident51 Last51,7203
2025-02-24,2,Meadowbrook Senior Living,P2-U43,,,0
2025-02-24,2,Meadowbrook Senior Living,P2-U44,53,Resident53 Last53,6044
2025-02-24,2,Meadowbrook Senior Living,P2-U45,93,Resident93 Last93,5535
2025-02-24,2,Meadowbrook Senior Living,P2-U46,54,Resident54 Last54,4954
2025-02-24,2,Meadowbrook Senior Living,P2-U47,55,Resident55 Last55,7311
2025-02-24,2,Meadowbrook Senior Living,P2-U48,56,Resident56 Last56,3751
2025-02-24,2,Meadowbrook Senior Living,P2-U49,57,Resident57 Last57,3429
2025-02-24,2,Meadowbrook Senior Living,P2-U50,,,0
2025-02-24,3,Riverside Retirement Community,P3-U01,58,Resident58 Last58,6334
2025-02-24,3,Riverside Retirement Community,P3-U02,,,0
2025-02-24,3,Riverside Retirement Community,P3-U03,,,0
2025-02-24,3,Riverside Retirement Community,P3-U04,,,0
2025-02-24,3,Riverside Retirement Community,P3-U05,,,0
2025-02-24,3,Riverside Retirement Community,P3-U06,60,Resident60 Last60,4602
2025-02-24,3,Riverside Retirement Community,P3-U07,61,Resident61 Last61,3142
2025-02-24,3,Riverside Retirement Community,P3-U08,62,Resident62 Last62,5599
2025-02-24,3,Riverside Retirement Community,P3-U09,63,Resident63 Last63,4741
2025-02-24,3,Riverside Retirement Community,P3-U10,,,0
2025-02-24,3,Riverside Retirement Community,P3-U11,96,Resident96 Last96,3484
2025-02-24,3,Riverside Retirement Community,P3-U12,,,0
2025-02-24,3,Riverside Retirement Community,P3-U13,,,0
2025-02-24,3,Riverside Retirement Community,P3-U14,64,Resident64 Last64,4016
2025-02-24,3,Riverside Retirement Community,P3-U15,65,Resident65 Last65,5094
2025-02-24,3,Riverside Retirement Community,P3-U16,66,Resident66 Last66,7369
2025-02-24,3,Riverside Retirement Community,P3-U17,,,0
2025-02-24,3,Riverside Retirement Community,P3-U18,,,0
2025-02-24,3,Riverside Retirement Community,P3-U19,,,0
2025-02-24,3,Riverside Retirement Community,P3-U20,,,0
2025-02-24,3,Riverside Retirement Community,P3-U21,,,0
2025-02-24,3,Riverside Retirement Community,P3-U22,71,Resident71 Last71,3684
2025-02-24,3,Riverside Retirement Community,P3-U23,72,Resident72 Last72,3763
2025-02-24,3,Riverside Retirement Community,P3-U24,73,Resident73 Last73,3612
2025-02-24,3,Riverside Retirement Community,P3-U25,74,Resident74 Last74,6679
2025-02-24,3,Riverside Retirement Community,P3-U26,,,0
2025-02-24,3,Riverside Retirement Community,P3-U27,,,0
2025-02-24,3,Riverside Retirement Community,P3-U28,,,0
2025-02-24,3,Riverside Retirement Community,P3-U29,,,0
2025-02-24,3,Riverside Retirement Community,P3-U30,,,0
2025-02-24,3,Riverside Retirement Community,P3-U31,,,0
2025-02-24,3,Riverside Retirement Community,P3-U32,75,Resident75 Last75,6998
2025-02-24,3,Riverside Retirement Community,P3-U33,,,0
2025-02-24,3,Riverside Retirement Community,P3-U34,77,Resident77 Last77,4456
2025-02-24,3,Riverside Retirement Community,P3-U35,,,0
2025-02-24,3,Riverside Retirement Community,P3-U36,78,Resident78 Last78,6502
2025-02-24,3,Riverside Retirement Community,P3-U37,100,Resident100 Last100,6425
2025-02-24,3,Riverside Retirement Community,P3-U38,79,Resident79 Last79,7014
2025-02-24,3,Riverside Retirement Community,P3-U39,80,Resident80 Last80,4317
2025-02-24,3,Riverside Retirement Community,P3-U40,81,Resident81 Last81,5835
2025-02-24,3,Riverside Retirement Community,P3-U41,82,Resident82 Last82,3465
2025-02-24,3,Riverside Retirement Community,P3-U42,83,Resident83 Last83,4381
2025-02-24,3,Riverside Retirement Community,P3-U43,,,0
2025-02-24,3,Riverside Retirement Community,P3-U44,84,Resident84 Last84,6325
2025-02-24,3,Riverside Retirement Community,P3-U45,,,0
2025-02-24,3,Riverside Retirement Community,P3-U46,,,0
2025-02-24,3,Riverside Retirement Community,P3-U47,85,Resident85 Last85,6135
2025-02-24,3,Riverside Retirement Community,P3-U48,86,Resident86 Last86,4208
2025-02-24,3,Riverside Retirement Community,P3-U49,87,Resident87 Last87,4723
2025-02-24,3,Riverside Retirement Community,P3-U50,88,Resident88 Last88,3664
2025-02-25,1,Sunset Gardens,P1-U01,,,0
2025-02-25,1,Sunset Gardens,P1-U02,1,Resident1 Last1,4103
2025-02-25,1,Sunset Gardens,P1-U03,2,Resident2 Last2,4626
2025-02-25,1,Sunset Gardens,P1-U04,,,0
2025-02-25,1,Sunset Gardens,P1-U05,4,Resident4 Last4,4469
2025-02-25,1,Sunset Gardens,P1-U06,,,0
2025-02-25,1,Sunset Gardens,P1-U07,5,Resident5 Last5,6368
2025-02-25,1,Sunset Gardens,P1-U08,6,Resident6 Last6,4726
2025-02-25,1,Sunset Gardens,P1-U09,,,0
2025-02-25,1,Sunset Gardens,P1-U10,8,Resident8 Last8,5207
2025-02-25,1,Sunset Gardens,P1-U11,9,Resident9 Last9,6915
2025-02-25,1,Sunset Gardens,P1-U12,,,0
2025-02-25,1,Sunset Gardens,P1-U13,11,Resident11 Last11,4505
2025-02-25,1,Sunset Gardens,P1-U14,,,0
2025-02-25,1,Sunset Gardens,P1-U15,,,0
2025-02-25,1,Sunset Gardens,P1-U16,,,0
2025-02-25,1,Sunset Gardens,P1-U17,,,0
2025-02-25,1,Sunset Gardens,P1-U18,13,Resident13 Last13,3438
2025-02-25,1,Sunset Gardens,P1-U19,14,Resident14 Last14,5725
2025-02-25,1,Sunset Gardens,P1-U20,,,0
2025-02-25,1,Sunset Gardens,P1-U21,15,Resident15 Last15,7434
2025-02-25,1,Sunset Gardens,P1-U22,,,0
2025-02-25,1,Sunset Gardens,P1-U23,90,Resident90 Last90,6996
2025-02-25,1,Sunset Gardens,P1-U24,94,Resident94 Last94,3995
2025-02-25,1,Sunset Gardens,P1-U25,,,0
2025-02-25,1,Sunset Gardens,P1-U26,16,Resident16 Last16,6062
2025-02-25,1,Sunset Gardens,P1-U27,,,0
2025-02-25,1,Sunset Gardens,P1-U28,17,Resident17 Last17,4390
2025-02-25,1,Sunset Gardens,P1-U29,18,Resident18 Last18,3165
2025-02-25,1,Sunset Gardens,P1-U30,91,Resident91 Last91,6743
2025-02-25,1,Sunset Gardens,P1-U31,19,Resident19 Last19,3698
2025-02-25,1,Sunset Gardens,P1-U32,,,0
2025-02-25,1,Sunset Gardens,P1-U33,,,0
2025-02-25,1,Sunset Gardens,P1-U34,97,Resident97 Last97,3693
2025-02-25,1,Sunset Gardens,P1-U35,,,0
2025-02-25,1,Sunset Gardens,P1-U36,,,0
2025-02-25,1,Sunset Gardens,P1-U37,23,Resident23 Last23,7095
2025-02-25,1,Sunset Gardens,P1-U38,24,Resident24 Last24,5319
2025-02-25,1,Sunset Gardens,P1-U39,,,0
2025-02-25,1,Sunset Gardens,P1-U40,25,Resident25 Last25,3203
2025-02-25,1,Sunset Gardens,P1-U41,,,0
2025-02-25,1,Sunset Gardens,P1-U42,,,0
2025-02-25,1,Sunset Gardens,P1-U43,,,0
2025-02-25,1,Sunset Gardens,P1-U44,26,Resident26 Last26,4150
2025-02-25,1,Sunset Gardens,P1-U45,27,Resident27 Last27,3792
2025-02-25,1,Sunset Gardens,P1-U46,28,Resident28 Last28,4656
2025-02-25,1,Sunset Gardens,P1-U47,,,0
2025-02-25,1,Sunset Gardens,P1-U48,92,Resident92 Last92,7230
2025-02-25,1,Sunset Gardens,P1-U49,29,Resident29 Last29,4629
2025-02-25,1,Sunset Gardens,P1-U50,30,Resident30 Last30,6031
2025-02-25,2,Meadowbrook Senior Living,P2-U01,99,Resident99 Last99,6317
2025-02-25,2,Meadowbrook Senior Living,P2-U02,31,Resident31 Last31,3643
2025-02-25,2,Meadowbrook Senior Living,P2-U03,,,0
2025-02-25,2,Meadowbrook Senior Living,P2-U04,,,0
2025-02-25,2,Meadowbrook Senior Living,P2-U05,32,Resident32 Last32,5524
2025-02-25,2,Meadowbrook Senior Living,P2-U06,,,0
2025-02-25,2,Meadowbrook Senior Living,P2-U07,98,Resident98 Last98,5808
2025-02-25,2,Meadowbrook Senior Living,P2-U08,33,Resident33 Last33,7164
2025-02-25,2,Meadowbrook Senior Living,P2-U09,,,0
2025-02-25,2,Meadowbrook Senior Living,P2-U10,,,0
2025-02-25,2,Meadowbrook Senior Living,P2-U11,,,0
2025-02-25,2,Meadowbrook Senior Living,P2-U12,35,Resident35 Last35,5476
2025-02-25,2,Meadowbrook Senior Living,P2-U13,36,Resident36 Last36,4795
2025-02-25,2,Meadowbrook Senior Living,P2-U14,37,Resident37 Last37,6972
2025-02-25,2,Meadowbrook Senior Living,P2-U15,,,0
2025-02-25,2,Meadowbrook Senior Living,P2-U16,38,Resident38 Last38,6144
2025-02-25,2,Meadowbrook Senior Living,P2-U17,39,Resident39 Last39,3646
2025-02-25,2,Meadowbrook Senior Living,P2-U18,40,Resident40 Last40,6397
2025-02-25,2,Meadowbrook Senior Living,P2-U19,,,0
2025-02-25,2,Meadowbrook Senior Living,P2-U20,41,Resident41 Last41,3058
2025-02-25,2,Meadowbrook Senior Living,P2-U21,42,Resident42 Last42,4782
2025-02-25,2,Meadowbrook Senior Living,P2-U22,43,Resident43 Last43,5894
2025-02-25,2,Meadowbrook Senior Living,P2-U23,,,0
2025-02-25,2,Meadowbrook Senior Living,P2-U24,44,Resident44 Last44,7471
2025-02-25,2,Meadowbrook Senior Living,P2-U25,,,0
2025-02-25,2,Meadowbrook Senior Living,P2-U26,,,0
2025-02-25,2,Meadowbrook Senior Living,P2-U27,,,0
2025-02-25,2,Meadowbrook Senior Living,P2-U28,,,0
2025-02-25,2,Meadowbrook Senior Living,P2-U29,,,0
2025-02-25,2,Meadowbrook Senior Living,P2-U30,,,0
2025-02-25,2,Meadowbrook Senior Living,P2-U31,,,0
2025-02-25,2,Meadowbrook Senior Living,P2-U32,95,Resident95 Last95,7376
2025-02-25,2,Meadowbrook Senior Living,P2-U33,,,0
2025-02-25,2,Meadowbrook Senior Living,P2-U34,,,0
2025-02-25,2,Meadowbrook Senior Living,P2-U35,,,0
2025-02-25,2,Meadowbrook Senior Living,P2-U36,,,0
2025-02-25,2,Meadowbrook Senior Living,P2-U37,47,Resident47 Last47,5894
2025-02-25,2,Meadowbrook Senior Living,P2-U38,48,Resident48 Last48,3847
2025-02-25,2,Meadowbrook Senior Living,P2-U39,,,0
2025-02-25,2,Meadowbrook Senior Living,P2-U40,50,Resident50 Last50,5383
2025-02-25,2,Meadowbrook Senior Living,P2-U41,,,0
2025-02-25,2,Meadowbrook Senior Living,P2-U42,51,Resident51 Last51,7203
2025-02-25,2,Meadowbrook Senior Living,P2-U43,,,0
2025-02-25,2,Meadowbrook Senior Living,P2-U44,53,Resident53 Last53,6044
2025-02-25,2,Meadowbrook Senior Living,P2-U45,93,Resident93 Last93,5535
2025-02-25,2,Meadowbrook Senior Living,P2-U46,54,Resident54 Last54,4954
2025-02-25,2,Meadowbrook Senior Living,P2-U47,55,Resident55 Last55,7311
2025-02-25,2,Meadowbrook Senior Living,P2-U48,56,Resident56 Last56,3751
2025-02-25,2,Meadowbrook Senior Living,P2-U49,57,Resident57 Last57,3429
2025-02-25,2,Meadowbrook Senior Living,P2-U50,,,0
2025-02-25,3,Riverside Retirement Community,P3-U01,58,Resident58 Last58,6334
2025-02-25,3,Riverside Retirement Community,P3-U02,,,0
2025-02-25,3,Riverside Retirement Community,P3-U03,,,0
2025-02-25,3,Riverside Retirement Community,P3-U04,,,0
2025-02-25,3,Riverside Retirement Community,P3-U05,,,0
2025-02-25,3,Riverside Retirement Community,P3-U06,60,Resident60 Last60,4602
2025-02-25,3,Riverside Retirement Community,P3-U07,61,Resident61 Last61,3142
2025-02-25,3,Riverside Retirement Community,P3-U08,62,Resident62 Last62,5599
2025-02-25,3,Riverside Retirement Community,P3-U09,63,Resident63 Last63,4741
2025-02-25,3,Riverside Retirement Community,P3-U10,,,0
2025-02-25,3,Riverside Retirement Community,P3-U11,96,Resident96 Last96,3484
2025-02-25,3,Riverside Retirement Community,P3-U12,,,0
2025-02-25,3,Riverside Retirement Community,P3-U13,,,0
2025-02-25,3,Riverside Retirement Community,P3-U14,64,Resident64 Last64,4016
2025-02-25,3,Riverside Retirement Community,P3-U15,65,Resident65 Last65,5094
2025-02-25,3,Riverside Retirement Community,P3-U16,66,Resident66 Last66,7369
2025-02-25,3,Riverside Retirement Community,P3-U17,,,0
2025-02-25,3,Riverside Retirement Community,P3-U18,,,0
2025-02-25,3,Riverside Retirement Community,P3-U19,,,0
2025-02-25,3,Riverside Retirement Community,P3-U20,,,0
2025-02-25,3,Riverside Retirement Community,P3-U21,,,0
2025-02-25,3,Riverside Retirement Community,P3-U22,71,Resident71 Last71,3684
2025-02-25,3,Riverside Retirement Community,P3-U23,72,Resident72 Last72,3763
2025-02-25,3,Riverside Retirement Community,P3-U24,73,Resident73 Last73,3612
2025-02-25,3,Riverside Retirement Community,P3-U25,74,Resident74 Last74,6679
2025-02-25,3,Riverside Retirement Community,P3-U26,,,0
2025-02-25,3,Riverside Retirement Community,P3-U27,,,0
2025-02-25,3,Riverside Retirement Community,P3-U28,,,0
2025-02-25,3,Riverside Retirement Community,P3-U29,,,0
2025-02-25,3,Riverside Retirement Community,P3-U30,,,0
2025-02-25,3,Riverside Retirement Community,P3-U31,,,0
2025-02-25,3,Riverside Retirement Community,P3-U32,75,Resident75 Last75,6998
2025-02-25,3,Riverside Retirement Community,P3-U33,,,0
2025-02-25,3,Riverside Retirement Community,P3-U34,77,Resident77 Last77,4456
2025-02-25,3,Riverside Retirement Community,P3-U35,,,0
2025-02-25,3,Riverside Retirement Community,P3-U36,78,Resident78 Last78,6502
2025-02-25,3,Riverside Retirement Community,P3-U37,100,Resident100 Last100,6425
2025-02-25,3,Riverside Retirement Community,P3-U38,79,Resident79 Last79,7014
2025-02-25,3,Riverside Retirement Community,P3-U39,80,Resident80 Last80,4317
2025-02-25,3,Riverside Retirement Community,P3-U40,81,Resident81 Last81,5835
2025-02-25,3,Riverside Retirement Community,P3-U41,82,Resident82 Last82,3465
2025-02-25,3,Riverside Retirement Community,P3-U42,83,Resident83 Last83,4381
2025-02-25,3,Riverside Retirement Community,P3-U43,,,0
2025-02-25,3,Riverside Retirement Community,P3-U44,84,Resident84 Last84,6325
2025-02-25,3,Riverside Retirement Community,P3-U45,,,0
2025-02-25,3,Riverside Retirement Community,P3-U46,,,0
2025-02-25,3,Riverside Retirement Community,P3-U47,85,Resident85 Last85,6135
2025-02-25,3,Riverside Retirement Community,P3-U48,86,Resident86 Last86,4208
2025-02-25,3,Riverside Retirement Community,P3-U49,87,Resident87 Last87,4723
2025-02-25,3,Riverside Retirement Community,P3-U50,88,Resident88 Last88,3664
2025-02-26,1,Sunset Gardens,P1-U01,,,0
2025-02-26,1,Sunset Gardens,P1-U02,1,Resident1 Last1,4103
2025-02-26,1,Sunset Gardens,P1-U03,2,Resident2 Last2,4626
2025-02-26,1,Sunset Gardens,P1-U04,,,0
2025-02-26,1,Sunset Gardens,P1-U05,4,Resident4 Last4,4469
2025-02-26,1,Sunset Gardens,P1-U06,,,0
2025-02-26,1,Sunset Gardens,P1-U07,5,Resident5 Last5,6368
2025-02-26,1,Sunset Gardens,P1-U08,6,Resident6 Last6,4726
2025-02-26,1,Sunset Gardens,P1-U09,,,0
2025-02-26,1,Sunset Gardens,P1-U10,8,Resident8 Last8,5207
2025-02-26,1,Sunset Gardens,P1-U11,9,Resident9 Last9,6915
2025-02-26,1,Sunset Gardens,P1-U12,,,0
2025-02-26,1,Sunset Gardens,P1-U13,11,Resident11 Last11,4505
2025-02-26,1,Sunset Gardens,P1-U14,,,0
2025-02-26,1,Sunset Gardens,P1-U15,,,0
2025-02-26,1,Sunset Gardens,P1-U16,,,0
2025-02-26,1,Sunset Gardens,P1-U17,,,0
2025-02-26,1,Sunset Gardens,P1-U18,13,Resident13 Last13,3438
2025-02-26,1,Sunset Gardens,P1-U19,14,Resident14 Last14,5725
2025-02-26,1,Sunset Gardens,P1-U20,,,0
2025-02-26,1,Sunset Gardens,P1-U21,15,Resident15 Last15,7434
2025-02-26,1,Sunset Gardens,P1-U22,,,0
2025-02-26,1,Sunset Gardens,P1-U23,90,Resident90 Last90,6996
2025-02-26,1,Sunset Gardens,P1-U24,94,Resident94 Last94,3995
2025-02-26,1,Sunset Gardens,P1-U25,,,0
2025-02-26,1,Sunset Gardens,P1-U26,16,Resident16 Last16,6062
2025-02-26,1,Sunset Gardens,P1-U27,,,0
2025-02-26,1,Sunset Gardens,P1-U28,17,Resident17 Last17,4390
2025-02-26,1,Sunset Gardens,P1-U29,18,Resident18 Last18,3165
2025-02-26,1,Sunset Gardens,P1-U30,91,Resident91 Last91,6743
2025-02-26,1,Sunset Gardens,P1-U31,19,Resident19 Last19,3698
2025-02-26,1,Sunset Gardens,P1-U32,,,0
2025-02-26,1,Sunset Gardens,P1-U33,,,0
2025-02-26,1,Sunset Gardens,P1-U34,97,Resident97 Last97,3693
2025-02-26,1,Sunset Gardens,P1-U35,,,0
2025-02-26,1,Sunset Gardens,P1-U36,,,0
2025-02-26,1,Sunset Gardens,P1-U37,23,Resident23 Last23,7095
2025-02-26,1,Sunset Gardens,P1-U38,24,Resident24 Last24,5319
2025-02-26,1,Sunset Gardens,P1-U39,,,0
2025-02-26,1,Sunset Gardens,P1-U40,25,Resident25 Last25,3203
2025-02-26,1,Sunset Gardens,P1-U41,,,0
2025-02-26,1,Sunset Gardens,P1-U42,,,0
2025-02-26,1,Sunset Gardens,P1-U43,,,0
2025-02-26,1,Sunset Gardens,P1-U44,26,Resident26 Last26,4150
2025-02-26,1,Sunset Gardens,P1-U45,27,Resident27 Last27,3792
2025-02-26,1,Sunset Gardens,P1-U46,28,Resident28 Last28,4656
2025-02-26,1,Sunset Gardens,P1-U47,,,0
2025-02-26,1,Sunset Gardens,P1-U48,92,Resident92 Last92,7230
2025-02-26,1,Sunset Gardens,P1-U49,29,Resident29 Last29,4629
2025-02-26,1,Sunset Gardens,P1-U50,30,Resident30 Last30,6031
2025-02-26,2,Meadowbrook Senior Living,P2-U01,99,Resident99 Last99,6317
2025-02-26,2,Meadowbrook Senior Living,P2-U02,31,Resident31 Last31,3643
2025-02-26,2,Meadowbrook Senior Living,P2-U03,,,0
2025-02-26,2,Meadowbrook Senior Living,P2-U04,,,0
2025-02-26,2,Meadowbrook Senior Living,P2-U05,32,Resident32 Last32,5524
2025-02-26,2,Meadowbrook Senior Living,P2-U06,,,0
2025-02-26,2,Meadowbrook Senior Living,P2-U07,98,Resident98 Last98,5808
2025-02-26,2,Meadowbrook Senior Living,P2-U08,33,Resident33 Last33,7164
2025-02-26,2,Meadowbrook Senior Living,P2-U09,,,0
2025-02-26,2,Meadowbrook Senior Living,P2-U10,,,0
2025-02-26,2,Meadowbrook Senior Living,P2-U11,,,0
2025-02-26,2,Meadowbrook Senior Living,P2-U12,35,Resident35 Last35,5476
2025-02-26,2,Meadowbrook Senior Living,P2-U13,36,Resident36 Last36,4795
2025-02-26,2,Meadowbrook Senior Living,P2-U14,37,Resident37 Last37,6972
2025-02-26,2,Meadowbrook Senior Living,P2-U15,,,0
2025-02-26,2,Meadowbrook Senior Living,P2-U16,38,Resident38 Last38,6144
2025-02-26,2,Meadowbrook Senior Living,P2-U17,39,Resident39 Last39,3646
2025-02-26,2,Meadowbrook Senior Living,P2-U18,40,Resident40 Last40,6397
2025-02-26,2,Meadowbrook Senior Living,P2-U19,,,0
2025-02-26,2,Meadowbrook Senior Living,P2-U20,41,Resident41 Last41,3058
2025-02-26,2,Meadowbrook Senior Living,P2-U21,42,Resident42 Last42,4782
2025-02-26,2,Meadowbrook Senior Living,P2-U22,43,Resident43 Last43,5894
2025-02-26,2,Meadowbrook Senior Living,P2-U23,,,0
2025-02-26,2,Meadowbrook Senior Living,P2-U24,44,Resident44 Last44,7471
2025-02-26,2,Meadowbrook Senior Living,P2-U25,,,0
2025-02-26,2,Meadowbrook Senior Living,P2-U26,,,0
2025-02-26,2,Meadowbrook Senior Living,P2-U27,,,0
2025-02-26,2,Meadowbrook Senior Living,P2-U28,,,0
2025-02-26,2,Meadowbrook Senior Living,P2-U29,,,0
2025-02-26,2,Meadowbrook Senior Living,P2-U30,,,0
2025-02-26,2,Meadowbrook Senior Living,P2-U31,,,0
2025-02-26,2,Meadowbrook Senior Living,P2-U32,95,Resident95 Last95,7376
2025-02-26,2,Meadowbrook Senior Living,P2-U33,,,0
2025-02-26,2,Meadowbrook Senior Living,P2-U34,,,0
2025-02-26,2,Meadowbrook Senior Living,P2-U35,,,0
2025-02-26,2,Meadowbrook Senior Living,P2-U36,,,0
2025-02-26,2,Meadowbrook Senior Living,P2-U37,47,Resident47 Last47,5894
2025-02-26,2,Meadowbrook Senior Living,P2-U38,48,Resident48 Last48,3847
2025-02-26,2,Meadowbrook Senior Living,P2-U39,,,0
2025-02-26,2,Meadowbrook Senior Living,P2-U40,50,Resident50 Last50,5383
2025-02-26,2,Meadowbrook Senior Living,P2-U41,,,0
2025-02-26,2,Meadowbrook Senior Living,P2-U42,51,Resident51 Last51,7203
2025-02-26,2,Meadowbrook Senior Living,P2-U43,,,0
2025-02-26,2,Meadowbrook Senior Living,P2-U44,53,Resident53 Last53,6044
2025-02-26,2,Meadowbrook Senior Living,P2-U45,93,Resident93 Last93,5535
2025-02-26,2,Meadowbrook Senior Living,P2-U46,54,Resident54 Last54,4954
2025-02-26,2,Meadowbrook Senior Living,P2-U47,55,Resident55 Last55,7311
2025-02-26,2,Meadowbrook Senior Living,P2-U48,56,Resident56 Last56,3751
2025-02-26,2,Meadowbrook Senior Living,P2-U49,57,Resident57 Last57,3429
2025-02-26,2,Meadowbrook Senior Living,P2-U50,,,0
2025-02-26,3,Riverside Retirement Community,P3-U01,58,Resident58 Last58,6334
2025-02-26,3,Riverside Retirement Community,P3-U02,,,0
2025-02-26,3,Riverside Retirement Community,P3-U03,,,0
2025-02-26,3,Riverside Retirement Community,P3-U04,,,0
2025-02-26,3,Riverside Retirement Community,P3-U05,,,0
2025-02-26,3,Riverside Retirement Community,P3-U06,60,Resident60 Last60,4602
2025-02-26,3,Riverside Retirement Community,P3-U07,61,Resident61 Last61,3142
2025-02-26,3,Riverside Retirement Community,P3-U08,62,Resident62 Last62,5599
2025-02-26,3,Riverside Retirement Community,P3-U09,63,Resident63 Last63,4741
2025-02-26,3,Riverside Retirement Community,P3-U10,,,0
2025-02-26,3,Riverside Retirement Community,P3-U11,96,Resident96 Last96,3484
2025-02-26,3,Riverside Retirement Community,P3-U12,,,0
2025-02-26,3,Riverside Retirement Community,P3-U13,,,0
2025-02-26,3,Riverside Retirement Community,P3-U14,64,Resident64 Last64,4016
2025-02-26,3,Riverside Retirement Community,P3-U15,65,Resident65 Last65,5094
2025-02-26,3,Riverside Retirement Community,P3-U16,66,Resident66 Last66,7369
2025-02-26,3,Riverside Retirement Community,P3-U17,,,0
2025-02-26,3,Riverside Retirement Community,P3-U18,,,0
2025-02-26,3,Riverside Retirement Community,P3-U19,,,0
2025-02-26,3,Riverside Retirement Community,P3-U20,,,0
2025-02-26,3,Riverside Retirement Community,P3-U21,,,0
2025-02-26,3,Riverside Retirement Community,P3-U22,71,Resident71 Last71,3684
2025-02-26,3,Riverside Retirement Community,P3-U23,72,Resident72 Last72,3763
2025-02-26,3,Riverside Retirement Community,P3-U24,73,Resident73 Last73,3612
2025-02-26,3,Riverside Retirement Community,P3-U25,74,Resident74 Last74,6679
2025-02-26,3,Riverside Retirement Community,P3-U26,,,0
2025-02-26,3,Riverside Retirement Community,P3-U27,,,0
2025-02-26,3,Riverside Retirement Community,P3-U28,,,0
2025-02-26,3,Riverside Retirement Community,P3-U29,,,0
2025-02-26,3,Riverside Retirement Community,P3-U30,,,0
2025-02-26,3,Riverside Retirement Community,P3-U31,,,0
2025-02-26,3,Riverside Retirement Community,P3-U32,75,Resident75 Last75,6998
2025-02-26,3,Riverside Retirement Community,P3-U33,,,0
2025-02-26,3,Riverside Retirement Community,P3-U34,77,Resident77 Last77,4456
2025-02-26,3,Riverside Retirement Community,P3-U35,,,0
2025-02-26,3,Riverside Retirement Community,P3-U36,78,Resident78 Last78,6502
2025-02-26,3,Riverside Retirement Community,P3-U37,100,Resident100 Last100,6425
2025-02-26,3,Riverside Retirement Community,P3-U38,79,Resident79 Last79,7014
2025-02-26,3,Riverside Retirement Community,P3-U39,80,Resident80 Last80,4317
2025-02-26,3,Riverside Retirement Community,P3-U40,81,Resident81 Last81,5835
2025-02-26,3,Riverside Retirement Community,P3-U41,82,Resident82 Last82,3465
2025-02-26,3,Riverside Retirement Community,P3-U42,83,Resident83 Last83,4381
2025-02-26,3,Riverside Retirement Community,P3-U43,,,0
2025-02-26,3,Riverside Retirement Community,P3-U44,84,Resident84 Last84,6325
2025-02-26,3,Riverside Retirement Community,P3-U45,,,0
2025-02-26,3,Riverside Retirement Community,P3-U46,,,0
2025-02-26,3,Riverside Retirement Community,P3-U47,85,Resident85 Last85,6135
2025-02-26,3,Riverside Retirement Community,P3-U48,86,Resident86 Last86,4208
2025-02-26,3,Riverside Retirement Community,P3-U49,87,Resident87 Last87,4723
2025-02-26,3,Riverside Retirement Community,P3-U50,88,Resident88 Last88,3664
2025-02-27,1,Sunset Gardens,P1-U01,,,0
2025-02-27,1,Sunset Gardens,P1-U02,1,Resident1 Last1,4103
2025-02-27,1,Sunset Gardens,P1-U03,2,Resident2 Last2,4626
2025-02-27,1,Sunset Gardens,P1-U04,,,0
2025-02-27,1,Sunset Gardens,P1-U05,4,Resident4 Last4,4469
2025-02-27,1,Sunset Gardens,P1-U06,,,0
2025-02-27,1,Sunset Gardens,P1-U07,5,Resident5 Last5,6368
2025-02-27,1,Sunset Gardens,P1-U08,6,Resident6 Last6,4726
2025-02-27,1,Sunset Gardens,P1-U09,,,0
2025-02-27,1,Sunset Gardens,P1-U10,8,Resident8 Last8,5207
2025-02-27,1,Sunset Gardens,P1-U11,9,Resident9 Last9,6915
2025-02-27,1,Sunset Gardens,P1-U12,,,0
2025-02-27,1,Sunset Gardens,P1-U13,11,Resident11 Last11,4505
2025-02-27,1,Sunset Gardens,P1-U14,,,0
2025-02-27,1,Sunset Gardens,P1-U15,,,0
2025-02-27,1,Sunset Gardens,P1-U16,,,0
2025-02-27,1,Sunset Gardens,P1-U17,,,0
2025-02-27,1,Sunset Gardens,P1-U18,13,Resident13 Last13,3438
2025-02-27,1,Sunset Gardens,P1-U19,14,Resident14 Last14,5725
2025-02-27,1,Sunset Gardens,P1-U20,,,0
2025-02-27,1,Sunset Gardens,P1-U21,15,Resident15 Last15,7434
2025-02-27,1,Sunset Gardens,P1-U22,,,0
2025-02-27,1,Sunset Gardens,P1-U23,90,Resident90 Last90,6996
2025-02-27,1,Sunset Gardens,P1-U24,94,Resident94 Last94,3995
2025-02-27,1,Sunset Gardens,P1-U25,,,0
2025-02-27,1,Sunset Gardens,P1-U26,16,Resident16 Last16,6062
2025-02-27,1,Sunset Gardens,P1-U27,,,0
2025-02-27,1,Sunset Gardens,P1-U28,17,Resident17 Last17,4390
2025-02-27,1,Sunset Gardens,P1-U29,18,Resident18 Last18,3165
2025-02-27,1,Sunset Gardens,P1-U30,91,Resident91 Last91,6743
2025-02-27,1,Sunset Gardens,P1-U31,19,Resident19 Last19,3698
2025-02-27,1,Sunset Gardens,P1-U32,,,0
2025-02-27,1,Sunset Gardens,P1-U33,,,0
2025-02-27,1,Sunset Gardens,P1-U34,97,Resident97 Last97,3693
2025-02-27,1,Sunset Gardens,P1-U35,,,0
2025-02-27,1,Sunset Gardens,P1-U36,,,0
2025-02-27,1,Sunset Gardens,P1-U37,23,Resident23 Last23,7095
2025-02-27,1,Sunset Gardens,P1-U38,24,Resident24 Last24,5319
2025-02-27,1,Sunset Gardens,P1-U39,,,0
2025-02-27,1,Sunset Gardens,P1-U40,25,Resident25 Last25,3203
2025-02-27,1,Sunset Gardens,P1-U41,,,0
2025-02-27,1,Sunset Gardens,P1-U42,,,0
2025-02-27,1,Sunset Gardens,P1-U43,,,0
2025-02-27,1,Sunset Gardens,P1-U44,26,Resident26 Last26,4150
2025-02-27,1,Sunset Gardens,P1-U45,27,Resident27 Last27,3792
2025-02-27,1,Sunset Gardens,P1-U46,28,Resident28 Last28,4656
2025-02-27,1,Sunset Gardens,P1-U47,,,0
2025-02-27,1,Sunset Gardens,P1-U48,92,Resident92 Last92,7230
2025-02-27,1,Sunset Gardens,P1-U49,29,Resident29 Last29,4629
2025-02-27,1,Sunset Gardens,P1-U50,30,Resident30 Last30,6031
2025-02-27,2,Meadowbrook Senior Living,P2-U01,99,Resident99 Last99,6317
2025-02-27,2,Meadowbrook Senior Living,P2-U02,31,Resident31 Last31,3643
2025-02-27,2,Meadowbrook Senior Living,P2-U03,,,0
2025-02-27,2,Meadowbrook Senior Living,P2-U04,,,0
2025-02-27,2,Meadowbrook Senior Living,P2-U05,32,Resident32 Last32,5524
2025-02-27,2,Meadowbrook Senior Living,P2-U06,,,0
2025-02-27,2,Meadowbrook Senior Living,P2-U07,98,Resident98 Last98,5808
2025-02-27,2,Meadowbrook Senior Living,P2-U08,33,Resident33 Last33,7164
2025-02-27,2,Meadowbrook Senior Living,P2-U09,,,0
2025-02-27,2,Meadowbrook Senior Living,P2-U10,,,0
2025-02-27,2,Meadowbrook Senior Living,P2-U11,,,0
2025-02-27,2,Meadowbrook Senior Living,P2-U12,35,Resident35 Last35,5476
2025-02-27,2,Meadowbrook Senior Living,P2-U13,36,Resident36 Last36,4795
2025-02-27,2,Meadowbrook Senior Living,P2-U14,37,Resident37 Last37,6972
2025-02-27,2,Meadowbrook Senior Living,P2-U15,,,0
2025-02-27,2,Meadowbrook Senior Living,P2-U16,38,Resident38 Last38,6144
2025-02-27,2,Meadowbrook Senior Living,P2-U17,39,Resident39 Last39,3646
2025-02-27,2,Meadowbrook Senior Living,P2-U18,40,Resident40 Last40,6397
2025-02-27,2,Meadowbrook Senior Living,P2-U19,,,0
2025-02-27,2,Meadowbrook Senior Living,P2-U20,41,Resident41 Last41,3058
2025-02-27,2,Meadowbrook Senior Living,P2-U21,42,Resident42 Last42,4782
2025-02-27,2,Meadowbrook Senior Living,P2-U22,43,Resident43 Last43,5894
2025-02-27,2,Meadowbrook Senior Living,P2-U23,,,0
2025-02-27,2,Meadowbrook Senior Living,P2-U24,44,Resident44 Last44,7471
2025-02-27,2,Meadowbrook Senior Living,P2-U25,,,0
2025-02-27,2,Meadowbrook Senior Living,P2-U26,,,0
2025-02-27,2,Meadowbrook Senior Living,P2-U27,,,0
2025-02-27,2,Meadowbrook Senior Living,P2-U28,,,0
2025-02-27,2,Meadowbrook Senior Living,P2-U29,,,0
2025-02-27,2,Meadowbrook Senior Living,P2-U30,,,0
2025-02-27,2,Meadowbrook Senior Living,P2-U31,,,0
2025-02-27,2,Meadowbrook Senior Living,P2-U32,95,Resident95 Last95,7376
2025-02-27,2,Meadowbrook Senior Living,P2-U33,,,0
2025-02-27,2,Meadowbrook Senior Living,P2-U34,,,0
2025-02-27,2,Meadowbrook Senior Living,P2-U35,,,0
2025-02-27,2,Meadowbrook Senior Living,P2-U36,,,0
2025-02-27,2,Meadowbrook Senior Living,P2-U37,47,Resident47 Last47,5894
2025-02-27,2,Meadowbrook Senior Living,P2-U38,48,Resident48 Last48,3847
2025-02-27,2,Meadowbrook Senior Living,P2-U39,,,0
2025-02-27,2,Meadowbrook Senior Living,P2-U40,50,Resident50 Last50,5383
2025-02-27,2,Meadowbrook Senior Living,P2-U41,,,0
2025-02-27,2,Meadowbrook Senior Living,P2-U42,51,Resident51 Last51,7203
2025-02-27,2,Meadowbrook Senior Living,P2-U43,,,0
2025-02-27,2,Meadowbrook Senior Living,P2-U44,53,Resident53 Last53,6044
2025-02-27,2,Meadowbrook Senior Living,P2-U45,93,Resident93 Last93,5535
2025-02-27,2,Meadowbrook Senior Living,P2-U46,54,Resident54 Last54,4954
2025-02-27,2,Meadowbrook Senior Living,P2-U47,55,Resident55 Last55,7311
2025-02-27,2,Meadowbrook Senior Living,P2-U48,56,Resident56 Last56,3751
2025-02-27,2,Meadowbrook Senior Living,P2-U49,57,Resident57 Last57,3429
2025-02-27,2,Meadowbrook Senior Living,P2-U50,,,0
2025-02-27,3,Riverside Retirement Community,P3-U01,58,Resident58 Last58,6334
2025-02-27,3,Riverside Retirement Community,P3-U02,,,0
2025-02-27,3,Riverside Retirement Community,P3-U03,,,0
2025-02-27,3,Riverside Retirement Community,P3-U04,,,0
2025-02-27,3,Riverside Retirement Community,P3-U05,,,0
2025-02-27,3,Riverside Retirement Community,P3-U06,60,Resident60 Last60,4602
2025-02-27,3,Riverside Retirement Community,P3-U07,61,Resident61 Last61,3142
2025-02-27,3,Riverside Retirement Community,P3-U08,62,Resident62 Last62,5599
2025-02-27,3,Riverside Retirement Community,P3-U09,63,Resident63 Last63,4741
2025-02-27,3,Riverside Retirement Community,P3-U10,,,0
2025-02-27,3,Riverside Retirement Community,P3-U11,96,Resident96 Last96,3484
2025-02-27,3,Riverside Retirement Community,P3-U12,,,0
2025-02-27,3,Riverside Retirement Community,P3-U13,,,0
2025-02-27,3,Riverside Retirement Community,P3-U14,64,Resident64 Last64,4016
2025-02-27,3,Riverside Retirement Community,P3-U15,65,Resident65 Last65,5094
2025-02-27,3,Riverside Retirement Community,P3-U16,66,Resident66 Last66,7369
2025-02-27,3,Riverside Retirement Community,P3-U17,,,0
2025-02-27,3,Riverside Retirement Community,P3-U18,,,0
2025-02-27,3,Riverside Retirement Community,P3-U19,,,0
2025-02-27,3,Riverside Retirement Community,P3-U20,,,0
2025-02-27,3,Riverside Retirement Community,P3-U21,,,0
2025-02-27,3,Riverside Retirement Community,P3-U22,71,Resident71 Last71,3684
2025-02-27,3,Riverside Retirement Community,P3-U23,72,Resident72 Last72,3763
2025-02-27,3,Riverside Retirement Community,P3-U24,73,Resident73 Last73,3612
2025-02-27,3,Riverside Retirement Community,P3-U25,74,Resident74 Last74,6679
2025-02-27,3,Riverside Retirement Community,P3-U26,,,0
2025-02-27,3,Riverside Retirement Community,P3-U27,,,0
2025-02-27,3,Riverside Retirement Community,P3-U28,,,0
2025-02-27,3,Riverside Retirement Community,P3-U29,,,0
2025-02-27,3,Riverside Retirement Community,P3-U30,,,0
2025-02-27,3,Riverside Retirement Community,P3-U31,,,0
2025-02-27,3,Riverside Retirement Community,P3-U32,75,Resident75 Last75,6998
2025-02-27,3,Riverside Retirement Community,P3-U33,,,0
2025-02-27,3,Riverside Retirement Community,P3-U34,77,Resident77 Last77,4456
2025-02-27,3,Riverside Retirement Community,P3-U35,,,0
2025-02-27,3,Riverside Retirement Community,P3-U36,78,Resident78 Last78,6502
2025-02-27,3,Riverside Retirement Community,P3-U37,100,Resident100 Last100,6425
2025-02-27,3,Riverside Retirement Community,P3-U38,79,Resident79 Last79,7014
2025-02-27,3,Riverside Retirement Community,P3-U39,80,Resident80 Last80,4317
2025-02-27,3,Riverside Retirement Community,P3-U40,81,Resident81 Last81,5835
2025-02-27,3,Riverside Retirement Community,P3-U41,82,Resident82 Last82,3465
2025-02-27,3,Riverside Retirement Community,P3-U42,83,Resident83 Last83,4381
2025-02-27,3,Riverside Retirement Community,P3-U43,,,0
2025-02-27,3,Riverside Retirement Community,P3-U44,84,Resident84 Last84,6325
2025-02-27,3,Riverside Retirement Community,P3-U45,,,0
2025-02-27,3,Riverside Retirement Community,P3-U46,,,0
2025-02-27,3,Riverside Retirement Community,P3-U47,85,Resident85 Last85,6135
2025-02-27,3,Riverside Retirement Community,P3-U48,86,Resident86 Last86,4208
2025-02-27,3,Riverside Retirement Community,P3-U49,87,Resident87 Last87,4723
2025-02-27,3,Riverside Retirement Community,P3-U50,88,Resident88 Last88,3664
2025-02-28,1,Sunset Gardens,P1-U01,,,0
2025-02-28,1,Sunset Gardens,P1-U02,1,Resident1 Last1,4103
2025-02-28,1,Sunset Gardens,P1-U03,2,Resident2 Last2,4626
2025-02-28,1,Sunset Gardens,P1-U04,,,0
2025-02-28,1,Sunset Gardens,P1-U05,4,Resident4 Last4,4469
2025-02-28,1,Sunset Gardens,P1-U06,,,0
2025-02-28,1,Sunset Gardens,P1-U07,5,Resident5 Last5,6368
2025-02-28,1,Sunset Gardens,P1-U08,6,Resident6 Last6,4726
2025-02-28,1,Sunset Gardens,P1-U09,,,0
2025-02-28,1,Sunset Gardens,P1-U10,8,Resident8 Last8,5207
2025-02-28,1,Sunset Gardens,P1-U11,9,Resident9 Last9,6915
2025-02-28,1,Sunset Gardens,P1-U12,,,0
2025-02-28,1,Sunset Gardens,P1-U13,11,Resident11 Last11,4505
2025-02-28,1,Sunset Gardens,P1-U14,,,0
2025-02-28,1,Sunset Gardens,P1-U15,,,0
2025-02-28,1,Sunset Gardens,P1-U16,,,0
2025-02-28,1,Sunset Gardens,P1-U17,,,0
2025-02-28,1,Sunset Gardens,P1-U18,13,Resident13 Last13,3438
2025-02-28,1,Sunset Gardens,P1-U19,14,Resident14 Last14,5725
2025-02-28,1,Sunset Gardens,P1-U20,,,0
2025-02-28,1,Sunset Gardens,P1-U21,15,Resident15 Last15,7434
2025-02-28,1,Sunset Gardens,P1-U22,,,0
2025-02-28,1,Sunset Gardens,P1-U23,90,Resident90 Last90,6996
2025-02-28,1,Sunset Gardens,P1-U24,94,Resident94 Last94,3995
2025-02-28,1,Sunset Gardens,P1-U25,,,0
2025-02-28,1,Sunset Gardens,P1-U26,16,Resident16 Last16,6062
2025-02-28,1,Sunset Gardens,P1-U27,,,0
2025-02-28,1,Sunset Gardens,P1-U28,17,Resident17 Last17,4390
2025-02-28,1,Sunset Gardens,P1-U29,18,Resident18 Last18,3165
2025-02-28,1,Sunset Gardens,P1-U30,91,Resident91 Last91,6743
2025-02-28,1,Sunset Gardens,P1-U31,19,Resident19 Last19,3698
2025-02-28,1,Sunset Gardens,P1-U32,,,0
2025-02-28,1,Sunset Gardens,P1-U33,,,0
2025-02-28,1,Sunset Gardens,P1-U34,97,Resident97 Last97,3693
2025-02-28,1,Sunset Gardens,P1-U35,,,0
2025-02-28,1,Sunset Gardens,P1-U36,,,0
2025-02-28,1,Sunset Gardens,P1-U37,23,Resident23 Last23,7095
2025-02-28,1,Sunset Gardens,P1-U38,24,Resident24 Last24,5319
2025-02-28,1,Sunset Gardens,P1-U39,,,0
2025-02-28,1,Sunset Gardens,P1-U40,25,Resident25 Last25,3203
2025-02-28,1,Sunset Gardens,P1-U41,,,0
2025-02-28,1,Sunset Gardens,P1-U42,,,0
2025-02-28,1,Sunset Gardens,P1-U43,,,0
2025-02-28,1,Sunset Gardens,P1-U44,26,Resident26 Last26,4150
2025-02-28,1,Sunset Gardens,P1-U45,27,Resident27 Last27,3792
2025-02-28,1,Sunset Gardens,P1-U46,28,Resident28 Last28,4656
2025-02-28,1,Sunset Gardens,P1-U47,,,0
2025-02-28,1,Sunset Gardens,P1-U48,92,Resident92 Last92,7230
2025-02-28,1,Sunset Gardens,P1-U49,29,Resident29 Last29,4629
2025-02-28,1,Sunset Gardens,P1-U50,30,Resident30 Last30,6031
2025-02-28,2,Meadowbrook Senior Living,P2-U01,99,Resident99 Last99,6317
2025-02-28,2,Meadowbrook Senior Living,P2-U02,31,Resident31 Last31,3643
2025-02-28,2,Meadowbrook Senior Living,P2-U03,,,0
2025-02-28,2,Meadowbrook Senior Living,P2-U04,,,0
2025-02-28,2,Meadowbrook Senior Living,P2-U05,32,Resident32 Last32,5524
2025-02-28,2,Meadowbrook Senior Living,P2-U06,,,0
2025-02-28,2,Meadowbrook Senior Living,P2-U07,98,Resident98 Last98,5808
2025-02-28,2,Meadowbrook Senior Living,P2-U08,33,Resident33 Last33,7164
2025-02-28,2,Meadowbrook Senior Living,P2-U09,,,0
2025-02-28,2,Meadowbrook Senior Living,P2-U10,,,0
2025-02-28,2,Meadowbrook Senior Living,P2-U11,,,0
2025-02-28,2,Meadowbrook Senior Living,P2-U12,35,Resident35 Last35,5476
2025-02-28,2,Meadowbrook Senior Living,P2-U13,36,Resident36 Last36,4795
2025-02-28,2,Meadowbrook Senior Living,P2-U14,37,Resident37 Last37,6972
2025-02-28,2,Meadowbrook Senior Living,P2-U15,,,0
2025-02-28,2,Meadowbrook Senior Living,P2-U16,38,Resident38 Last38,6144
2025-02-28,2,Meadowbrook Senior Living,P2-U17,39,Resident39 Last39,3646
2025-02-28,2,Meadowbrook Senior Living,P2-U18,40,Resident40 Last40,6397
2025-02-28,2,Meadowbrook Senior Living,P2-U19,,,0
2025-02-28,2,Meadowbrook Senior Living,P2-U20,41,Resident41 Last41,3058
2025-02-28,2,Meadowbrook Senior Living,P2-U21,42,Resident42 Last42,4782
2025-02-28,2,Meadowbrook Senior Living,P2-U22,43,Resident43 Last43,5894
2025-02-28,2,Meadowbrook Senior Living,P2-U23,,,0
2025-02-28,2,Meadowbrook Senior Living,P2-U24,44,Resident44 Last44,7471
2025-02-28,2,Meadowbrook Senior Living,P2-U25,,,0
2025-02-28,2,Meadowbrook Senior Living,P2-U26,,,0
2025-02-28,2,Meadowbrook Senior Living,P2-U27,,,0
2025-02-28,2,Meadowbrook Senior Living,P2-U28,,,0
2025-02-28,2,Meadowbrook Senior Living,P2-U29,,,0
2025-02-28,2,Meadowbrook Senior Living,P2-U30,,,0
2025-02-28,2,Meadowbrook Senior Living,P2-U31,,,0
2025-02-28,2,Meadowbrook Senior Living,P2-U32,95,Resident95 Last95,7376
2025-02-28,2,Meadowbrook Senior Living,P2-U33,,,0
2025-02-28,2,Meadowbrook Senior Living,P2-U34,,,0
2025-02-28,2,Meadowbrook Senior Living,P2-U35,,,0
2025-02-28,2,Meadowbrook Senior Living,P2-U36,,,0
2025-02-28,2,Meadowbrook Senior Living,P2-U37,47,Resident47 Last47,5894
2025-02-28,2,Meadowbrook Senior Living,P2-U38,48,Resident48 Last48,3847
2025-02-28,2,Meadowbrook Senior Living,P2-U39,,,0
2025-02-28,2,Meadowbrook Senior Living,P2-U40,50,Resident50 Last50,5383
2025-02-28,2,Meadowbrook Senior Living,P2-U41,,,0
2025-02-28,2,Meadowbrook Senior Living,P2-U42,51,Resident51 Last51,7203
2025-02-28,2,Meadowbrook Senior Living,P2-U43,,,0
2025-02-28,2,Meadowbrook Senior Living,P2-U44,53,Resident53 Last53,6044
2025-02-28,2,Meadowbrook Senior Living,P2-U45,93,Resident93 Last93,5535
2025-02-28,2,Meadowbrook Senior Living,P2-U46,54,Resident54 Last54,4954
2025-02-28,2,Meadowbrook Senior Living,P2-U47,55,Resident55 Last55,7311
2025-02-28,2,Meadowbrook Senior Living,P2-U48,56,Resident56 Last56,3751
2025-02-28,2,Meadowbrook Senior Living,P2-U49,57,Resident57 Last57,3429
2025-02-28,2,Meadowbrook Senior Living,P2-U50,,,0
2025-02-28,3,Riverside Retirement Community,P3-U01,58,Resident58 Last58,6334
2025-02-28,3,Riverside Retirement Community,P3-U02,,,0
2025-02-28,3,Riverside Retirement Community,P3-U03,,,0
2025-02-28,3,Riverside Retirement Community,P3-U04,,,0
2025-02-28,3,Riverside Retirement Community,P3-U05,,,0
2025-02-28,3,Riverside Retirement Community,P3-U06,60,Resident60 Last60,4602
2025-02-28,3,Riverside Retirement Community,P3-U07,61,Resident61 Last61,3142
2025-02-28,3,Riverside Retirement Community,P3-U08,62,Resident62 Last62,5599
2025-02-28,3,Riverside Retirement Community,P3-U09,63,Resident63 Last63,4741
2025-02-28,3,Riverside Retirement Community,P3-U10,,,0
2025-02-28,3,Riverside Retirement Community,P3-U11,96,Resident96 Last96,3484
2025-02-28,3,Riverside Retirement Community,P3-U12,,,0
2025-02-28,3,Riverside Retirement Community,P3-U13,,,0
2025-02-28,3,Riverside Retirement Community,P3-U14,64,Resident64 Last64,4016
2025-02-28,3,Riverside Retirement Community,P3-U15,65,Resident65 Last65,5094
2025-02-28,3,Riverside Retirement Community,P3-U16,66,Resident66 Last66,7369
2025-02-28,3,Riverside Retirement Community,P3-U17,,,0
2025-02-28,3,Riverside Retirement Community,P3-U18,,,0
2025-02-28,3,Riverside Retirement Community,P3-U19,,,0
2025-02-28,3,Riverside Retirement Community,P3-U20,,,0
2025-02-28,3,Riverside Retirement Community,P3-U21,,,0
2025-02-28,3,Riverside Retirement Community,P3-U22,71,Resident71 Last71,3684
2025-02-28,3,Riverside Retirement Community,P3-U23,72,Resident72 Last72,3763
2025-02-28,3,Riverside Retirement Community,P3-U24,73,Resident73 Last73,3612
2025-02-28,3,Riverside Retirement Community,P3-U25,74,Resident74 Last74,6679
2025-02-28,3,Riverside Retirement Community,P3-U26,,,0
2025-02-28,3,Riverside Retirement Community,P3-U27,,,0
2025-02-28,3,Riverside Retirement Community,P3-U28,,,0
2025-02-28,3,Riverside Retirement Community,P3-U29,,,0
2025-02-28,3,Riverside Retirement Community,P3-U30,,,0
2025-02-28,3,Riverside Retirement Community,P3-U31,,,0
2025-02-28,3,Riverside Retirement Community,P3-U32,75,Resident75 Last75,6998
2025-02-28,3,Riverside Retirement Community,P3-U33,,,0
2025-02-28,3,Riverside Retirement Community,P3-U34,77,Resident77 Last77,4456
2025-02-28,3,Riverside Retirement Community,P3-U35,,,0
2025-02-28,3,Riverside Retirement Community,P3-U36,78,Resident78 Last78,6502
2025-02-28,3,Riverside Retirement Community,P3-U37,100,Resident100 Last100,6425
2025-02-28,3,Riverside Retirement Community,P3-U38,79,Resident79 Last79,7014
2025-02-28,3,Riverside Retirement Community,P3-U39,80,Resident80 Last80,4317
2025-02-28,3,Riverside Retirement Community,P3-U40,81,Resident81 Last81,5835
2025-02-28,3,Riverside Retirement Community,P3-U41,82,Resident82 Last82,3465
2025-02-28,3,Riverside Retirement Community,P3-U42,83,Resident83 Last83,4381
2025-02-28,3,Riverside Retirement Community,P3-U43,,,0
2025-02-28,3,Riverside Retirement Community,P3-U44,84,Resident84 Last84,6325
2025-02-28,3,Riverside Retirement Community,P3-U45,,,0
2025-02-28,3,Riverside Retirement Community,P3-U46,,,0
2025-02-28,3,Riverside Retirement Community,P3-U47,85,Resident85 Last85,6135
2025-02-28,3,Riverside Retirement Community,P3-U48,86,Resident86 Last86,4208
2025-02-28,3,Riverside Retirement Community,P3-U49,87,Resident87 Last87,4723
2025-02-28,3,Riverside Retirement Community,P3-U50,88,Resident88 Last88,3664
2025-03-01,1,Sunset Gardens,P1-U01,,,0
2025-03-01,1,Sunset Gardens,P1-U02,1,Resident1 Last1,4103
2025-03-01,1,Sunset Gardens,P1-U03,2,Resident2 Last2,4626
2025-03-01,1,Sunset Gardens,P1-U04,,,0
2025-03-01,1,Sunset Gardens,P1-U05,4,Resident4 Last4,4469
2025-03-01,1,Sunset Gardens,P1-U06,,,0
2025-03-01,1,Sunset Gardens,P1-U07,5,Resident5 Last5,6368
2025-03-01,1,Sunset Gardens,P1-U08,6,Resident6 Last6,4726
2025-03-01,1,Sunset Gardens,P1-U09,,,0
2025-03-01,1,Sunset Gardens,P1-U10,8,Resident8 Last8,5207
2025-03-01,1,Sunset Gardens,P1-U11,9,Resident9 Last9,6915
2025-03-01,1,Sunset Gardens,P1-U12,,,0
2025-03-01,1,Sunset Gardens,P1-U13,11,Resident11 Last11,4505
2025-03-01,1,Sunset Gardens,P1-U14,,,0
2025-03-01,1,Sunset Gardens,P1-U15,,,0
2025-03-01,1,Sunset Gardens,P1-U16,,,0
2025-03-01,1,Sunset Gardens,P1-U17,,,0
2025-03-01,1,Sunset Gardens,P1-U18,13,Resident13 Last13,3438
2025-03-01,1,Sunset Gardens,P1-U19,14,Resident14 Last14,5725
2025-03-01,1,Sunset Gardens,P1-U20,,,0
2025-03-01,1,Sunset Gardens,P1-U21,15,Resident15 Last15,7434
2025-03-01,1,Sunset Gardens,P1-U22,,,0
2025-03-01,1,Sunset Gardens,P1-U23,90,Resident90 Last90,6996
2025-03-01,1,Sunset Gardens,P1-U24,94,Resident94 Last94,3995
2025-03-01,1,Sunset Gardens,P1-U25,,,0
2025-03-01,1,Sunset Gardens,P1-U26,16,Resident16 Last16,6062
2025-03-01,1,Sunset Gardens,P1-U27,,,0
2025-03-01,1,Sunset Gardens,P1-U28,17,Resident17 Last17,4390
2025-03-01,1,Sunset Gardens,P1-U29,18,Resident18 Last18,3165
2025-03-01,1,Sunset Gardens,P1-U30,91,Resident91 Last91,6743
2025-03-01,1,Sunset Gardens,P1-U31,19,Resident19 Last19,3698
2025-03-01,1,Sunset Gardens,P1-U32,,,0
2025-03-01,1,Sunset Gardens,P1-U33,,,0
2025-03-01,1,Sunset Gardens,P1-U34,97,Resident97 Last97,3693
2025-03-01,1,Sunset Gardens,P1-U35,,,0
2025-03-01,1,Sunset Gardens,P1-U36,,,0
2025-03-01,1,Sunset Gardens,P1-U37,23,Resident23 Last23,7095
2025-03-01,1,Sunset Gardens,P1-U38,24,Resident24 Last24,5319
2025-03-01,1,Sunset Gardens,P1-U39,,,0
2025-03-01,1,Sunset Gardens,P1-U40,25,Resident25 Last25,3203
2025-03-01,1,Sunset Gardens,P1-U41,,,0
2025-03-01,1,Sunset Gardens,P1-U42,,,0
2025-03-01,1,Sunset Gardens,P1-U43,,,0
2025-03-01,1,Sunset Gardens,P1-U44,26,Resident26 Last26,4150
2025-03-01,1,Sunset Gardens,P1-U45,27,Resident27 Last27,3792
2025-03-01,1,Sunset Gardens,P1-U46,28,Resident28 Last28,4656
2025-03-01,1,Sunset Gardens,P1-U47,,,0
2025-03-01,1,Sunset Gardens,P1-U48,92,Resident92 Last92,7230
2025-03-01,1,Sunset Gardens,P1-U49,29,Resident29 Last29,4629
2025-03-01,1,Sunset Gardens,P1-U50,30,Resident30 Last30,6031
2025-03-01,2,Meadowbrook Senior Living,P2-U01,99,Resident99 Last99,6317
2025-03-01,2,Meadowbrook Senior Living,P2-U02,31,Resident31 Last31,3643
2025-03-01,2,Meadowbrook Senior Living,P2-U03,,,0
2025-03-01,2,Meadowbrook Senior Living,P2-U04,,,0
2025-03-01,2,Meadowbrook Senior Living,P2-U05,32,Resident32 Last32,5524
2025-03-01,2,Meadowbrook Senior Living,P2-U06,,,0
2025-03-01,2,Meadowbrook Senior Living,P2-U07,98,Resident98 Last98,5808
2025-03-01,2,Meadowbrook Senior Living,P2-U08,33,Resident33 Last33,7164
2025-03-01,2,Meadowbrook Senior Living,P2-U09,,,0
2025-03-01,2,Meadowbrook Senior Living,P2-U10,,,0
2025-03-01,2,Meadowbrook Senior Living,P2-U11,,,0
2025-03-01,2,Meadowbrook Senior Living,P2-U12,35,Resident35 Last35,5476
2025-03-01,2,Meadowbrook Senior Living,P2-U13,36,Resident36 Last36,4795
2025-03-01,2,Meadowbrook Senior Living,P2-U14,37,Resident37 Last37,6972
2025-03-01,2,Meadowbrook Senior Living,P2-U15,,,0
2025-03-01,2,Meadowbrook Senior Living,P2-U16,38,Resident38 Last38,6144
2025-03-01,2,Meadowbrook Senior Living,P2-U17,39,Resident39 Last39,3646
2025-03-01,2,Meadowbrook Senior Living,P2-U18,40,Resident40 Last40,6397
2025-03-01,2,Meadowbrook Senior Living,P2-U19,,,0
2025-03-01,2,Meadowbrook Senior Living,P2-U20,41,Resident41 Last41,3058
2025-03-01,2,Meadowbrook Senior Living,P2-U21,42,Resident42 Last42,4782
2025-03-01,2,Meadowbrook Senior Living,P2-U22,43,Resident43 Last43,5894
2025-03-01,2,Meadowbrook Senior Living,P2-U23,,,0
2025-03-01,2,Meadowbrook Senior Living,P2-U24,44,Resident44 Last44,7471
2025-03-01,2,Meadowbrook Senior Living,P2-U25,,,0
2025-03-01,2,Meadowbrook Senior Living,P2-U26,,,0
2025-03-01,2,Meadowbrook Senior Living,P2-U27,,,0
2025-03-01,2,Meadowbrook Senior Living,P2-U28,,,0
2025-03-01,2,Meadowbrook Senior Living,P2-U29,,,0
2025-03-01,2,Meadowbrook Senior Living,P2-U30,,,0
2025-03-01,2,Meadowbrook Senior Living,P2-U31,,,0
2025-03-01,2,Meadowbrook Senior Living,P2-U32,95,Resident95 Last95,7376
2025-03-01,2,Meadowbrook Senior Living,P2-U33,,,0
2025-03-01,2,Meadowbrook Senior Living,P2-U34,,,0
2025-03-01,2,Meadowbrook Senior Living,P2-U35,,,0
2025-03-01,2,Meadowbrook Senior Living,P2-U36,,,0
2025-03-01,2,Meadowbrook Senior Living,P2-U37,47,Resident47 Last47,5894
2025-03-01,2,Meadowbrook Senior Living,P2-U38,48,Resident48 Last48,3847
2025-03-01,2,Meadowbrook Senior Living,P2-U39,,,0
2025-03-01,2,Meadowbrook Senior Living,P2-U40,50,Resident50 Last50,5383
2025-03-01,2,Meadowbrook Senior Living,P2-U41,,,0
2025-03-01,2,Meadowbrook Senior Living,P2-U42,51,Resident51 Last51,7203
2025-03-01,2,Meadowbrook Senior Living,P2-U43,,,0
2025-03-01,2,Meadowbrook Senior Living,P2-U44,53,Resident53 Last53,6044
2025-03-01,2,Meadowbrook Senior Living,P2-U45,93,Resident93 Last93,5535
2025-03-01,2,Meadowbrook Senior Living,P2-U46,54,Resident54 Last54,4954
2025-03-01,2,Meadowbrook Senior Living,P2-U47,55,Resident55 Last55,7311
2025-03-01,2,Meadowbrook Senior Living,P2-U48,56,Resident56 Last56,3751
2025-03-01,2,Meadowbrook Senior Living,P2-U49,57,Resident57 Last57,3429
2025-03-01,2,Meadowbrook Senior Living,P2-U50,,,0
2025-03-01,3,Riverside Retirement Community,P3-U01,58,Resident58 Last58,6334
2025-03-01,3,Riverside Retirement Community,P3-U02,,,0
2025-03-01,3,Riverside Retirement Community,P3-U03,,,0
2025-03-01,3,Riverside Retirement Community,P3-U04,,,0
2025-03-01,3,Riverside Retirement Community,P3-U05,,,0
2025-03-01,3,Riverside Retirement Community,P3-U06,60,Resident60 Last60,4602
2025-03-01,3,Riverside Retirement Community,P3-U07,61,Resident61 Last61,3142
2025-03-01,3,Riverside Retirement Community,P3-U08,62,Resident62 Last62,5599
2025-03-01,3,Riverside Retirement Community,P3-U09,63,Resident63 Last63,4741
2025-03-01,3,Riverside Retirement Community,P3-U10,,,0
2025-03-01,3,Riverside Retirement Community,P3-U11,96,Resident96 Last96,3484
2025-03-01,3,Riverside Retirement Community,P3-U12,,,0
2025-03-01,3,Riverside Retirement Community,P3-U13,,,0
2025-03-01,3,Riverside Retirement Community,P3-U14,64,Resident64 Last64,4016
2025-03-01,3,Riverside Retirement Community,P3-U15,65,Resident65 Last65,5094
2025-03-01,3,Riverside Retirement Community,P3-U16,66,Resident66 Last66,7369
2025-03-01,3,Riverside Retirement Community,P3-U17,,,0
2025-03-01,3,Riverside Retirement Community,P3-U18,,,0
2025-03-01,3,Riverside Retirement Community,P3-U19,,,0
2025-03-01,3,Riverside Retirement Community,P3-U20,,,0
2025-03-01,3,Riverside Retirement Community,P3-U21,,,0
2025-03-01,3,Riverside Retirement Community,P3-U22,71,Resident71 Last71,3684
2025-03-01,3,Riverside Retirement Community,P3-U23,72,Resident72 Last72,3763
2025-03-01,3,Riverside Retirement Community,P3-U24,73,Resident73 Last73,3612
2025-03-01,3,Riverside Retirement Community,P3-U25,74,Resident74 Last74,6679
2025-03-01,3,Riverside Retirement Community,P3-U26,,,0
2025-03-01,3,Riverside Retirement Community,P3-U27,,,0
2025-03-01,3,Riverside Retirement Community,P3-U28,,,0
2025-03-01,3,Riverside Retirement Community,P3-U29,,,0
2025-03-01,3,Riverside Retirement Community,P3-U30,,,0
2025-03-01,3,Riverside Retirement Community,P3-U31,,,0
2025-03-01,3,Riverside Retirement Community,P3-U32,75,Resident75 Last75,6998
2025-03-01,3,Riverside Retirement Community,P3-U33,,,0
2025-03-01,3,Riverside Retirement Community,P3-U34,77,Resident77 Last77,4456
2025-03-01,3,Riverside Retirement Community,P3-U35,,,0
2025-03-01,3,Riverside Retirement Community,P3-U36,78,Resident78 Last78,6502
2025-03-01,3,Riverside Retirement Community,P3-U37,100,Resident100 Last100,6425
2025-03-01,3,Riverside Retirement Community,P3-U38,79,Resident79 Last79,7014
2025-03-01,3,Riverside Retirement Community,P3-U39,80,Resident80 Last80,4317
2025-03-01,3,Riverside Retirement Community,P3-U40,81,Resident81 Last81,5835
2025-03-01,3,Riverside Retirement Community,P3-U41,82,Resident82 Last82,3465
2025-03-01,3,Riverside Retirement Community,P3-U42,83,Resident83 Last83,4381
2025-03-01,3,Riverside Retirement Community,P3-U43,,,0
2025-03-01,3,Riverside Retirement Community,P3-U44,84,Resident84 Last84,6325
2025-03-01,3,Riverside Retirement Community,P3-U45,,,0
2025-03-01,3,Riverside Retirement Community,P3-U46,,,0
2025-03-01,3,Riverside Retirement Community,P3-U47,85,Resident85 Last85,6135
2025-03-01,3,Riverside Retirement Community,P3-U48,86,Resident86 Last86,4208
2025-03-01,3,Riverside Retirement Community,P3-U49,87,Resident87 Last87,4723
2025-03-01,3,Riverside Retirement Community,P3-U50,88,Resident88 Last88,3664
